rollout/ep_len_mean,time/fps,time/total_timesteps,rollout/ep_rew_mean,time/time_elapsed,time/episodes,rollout/exploration_rate,train/n_updates,train/learning_rate,train/loss
16.75,18895,67,16.75,0,4,0.8980346666666665,,,
16.25,1010,130,16.25,0,8,0.8961866666666671,7,0.001,0.439860463142395
19.0,1360,228,19.0,0,12,0.8933120000000002,31,0.001,0.0607307031750679
17.1875,1465,275,17.1875,0,16,0.8919333333333332,43,0.001,0.03820093348622322
20.05,1680,401,20.05,0,20,0.8882373333333334,75,0.001,0.012365278787910938
19.583333333333332,1758,470,19.583333333333332,0,24,0.886213333333333,92,0.001,0.005949166137725115
19.214285714285715,1794,538,19.214285714285715,0,28,0.8842186666666668,109,0.001,0.0015214779414236546
19.625,1876,628,19.625,0,32,0.8815786666666672,131,0.001,0.0003133612626697868
20.083333333333332,1918,723,20.083333333333332,0,36,0.8787919999999998,155,0.001,0.0002495023072697222
19.8,1917,792,19.8,0,40,0.8767680000000002,172,0.001,0.00048016736400313675
19.636363636363637,1939,864,19.636363636363637,0,44,0.8746560000000001,190,0.001,0.000271685334155336
19.666666666666668,1968,944,19.666666666666668,0,48,0.8723093333333337,210,0.001,0.0002545313909649849
19.596153846153847,1987,1019,19.596153846153847,0,52,0.870109333333333,229,0.001,0.000183335694600828
19.75,2017,1106,19.75,0,56,0.8675573333333338,251,0.001,0.0002223742485512048
19.65,2038,1179,19.65,0,60,0.8654160000000001,269,0.001,0.00022525296662934124
19.59375,2055,1254,19.59375,0,64,0.8632160000000003,288,0.001,0.00044637173414230347
19.397058823529413,2067,1319,19.397058823529413,0,68,0.8613093333333329,304,0.001,0.0001136715363827534
19.319444444444443,2050,1391,19.319444444444443,0,72,0.8591973333333337,322,0.001,0.00019071759015787393
19.42105263157895,2068,1476,19.42105263157895,0,76,0.8567039999999997,343,0.001,0.0001650370395509526
19.3125,2081,1545,19.3125,0,80,0.8546800000000001,361,0.001,0.00021214588196016848
19.416666666666668,2098,1631,19.416666666666668,0,84,0.8521573333333335,382,0.001,0.0002060748520307243
19.329545454545453,2106,1701,19.329545454545453,0,88,0.8501040000000004,400,0.001,0.00021016185928601772
19.25,2117,1771,19.25,0,92,0.8480506666666664,417,0.001,0.00011052888294216245
19.239583333333332,2126,1847,19.239583333333332,0,96,0.8458213333333331,436,0.001,0.00016373892140109092
19.12,2136,1912,19.12,0,100,0.8439146666666666,452,0.001,0.00012844512821175158
19.51,2147,2018,19.51,0,104,0.8408053333333334,479,0.001,0.00010515694157220423
19.41,2152,2071,19.41,0,108,0.8392506666666664,492,0.001,7.308589556487277e-05
19.54,2153,2182,19.54,1,112,0.8359946666666666,520,0.001,0.00015661405632272363
20.37,2173,2312,20.37,1,116,0.8321813333333336,552,0.001,0.00020161068823654205
19.84,2163,2385,19.84,1,120,0.8300399999999999,571,0.001,0.00018619970069266856
19.98,2173,2468,19.98,1,124,0.827605333333333,591,0.001,0.00031951387063600123
20.02,2180,2540,20.02,1,128,0.8254933333333337,609,0.001,0.0001305613259319216
20.36,2186,2664,20.36,1,132,0.821856,640,0.001,0.00018456068937666714
20.29,2185,2752,20.29,1,136,0.8192746666666664,662,0.001,0.00011926542356377468
21.37,2199,2929,21.37,1,140,0.8140826666666666,707,0.001,5.1460017857607454e-05
21.45,2204,3009,21.45,1,144,0.8117360000000001,727,0.001,7.677840767428279e-05
21.29,2205,3073,21.29,1,148,0.8098586666666663,743,0.001,0.00024687667610123754
21.62,2200,3181,21.62,1,152,0.806690666666667,770,0.001,0.0001281724835280329
21.55,2199,3261,21.55,1,156,0.8043439999999996,790,0.001,0.00016189076995942742
21.64,2202,3343,21.64,1,160,0.8019386666666671,810,0.001,0.00013444843352772295
21.98,2202,3452,21.98,1,164,0.7987413333333334,837,0.001,0.00010479945922270417
22.22,2202,3541,22.22,1,168,0.7961306666666662,860,0.001,8.471186447422951e-05
22.12,2205,3603,22.12,1,172,0.7943120000000004,875,0.001,0.0002345252869417891
22.4,2197,3716,22.4,1,176,0.7909973333333334,903,0.001,9.625522216083482e-05
22.65,2197,3810,22.65,1,180,0.7882399999999996,927,0.001,0.00010759599535958841
22.58,2200,3889,22.58,1,184,0.7859226666666668,947,0.001,0.00018317910144105554
22.71,2204,3972,22.71,1,188,0.7834879999999997,967,0.001,0.00013486343959812075
22.88,2198,4059,22.88,1,192,0.7809359999999996,989,0.001,0.0001170099203591235
23.3,2206,4177,23.3,1,196,0.7774746666666671,1019,0.001,0.00014897015353199095
23.53,2208,4265,23.53,1,200,0.7748933333333334,1041,0.001,0.00015733666077721864
23.1,2213,4328,23.1,1,204,0.7730453333333331,1056,0.001,0.0001441167842131108
23.44,2221,4415,23.44,1,208,0.770493333333333,1078,0.001,7.597488001920283e-05
23.08,2226,4490,23.08,2,212,0.7682933333333333,1097,0.001,0.00013349976507015526
22.44,2226,4556,22.44,2,216,0.7663573333333332,1113,0.001,0.00013037220924161375
22.29,2228,4614,22.29,2,220,0.7646560000000004,1128,0.001,0.00011831909068860114
22.67,2234,4735,22.67,2,224,0.7611066666666664,1158,0.001,0.00028052550624124706
23.18,2239,4858,23.18,2,228,0.7574986666666672,1189,0.001,0.00014974262739997357
22.73,2236,4937,22.73,2,232,0.7551813333333333,1209,0.001,0.0002004645357374102
22.76,2237,5028,22.76,2,236,0.7525120000000001,1231,0.001,0.00013203007983975112
21.65,2237,5094,21.65,2,240,0.7505760000000001,1248,0.001,0.00020229382789693773
21.52,2234,5161,21.52,2,244,0.7486106666666665,1265,0.001,0.00016176817007362843
21.77,2235,5250,21.77,2,248,0.7460000000000004,1287,0.001,9.659974602982402e-05
22.41,2238,5422,22.41,2,252,0.7409546666666662,1330,0.001,9.233728633262217e-05
22.64,2242,5525,22.64,2,256,0.7379333333333337,1356,0.001,0.00014862779062241316
22.53,2245,5596,22.53,2,260,0.735850666666667,1373,0.001,7.543085666839033e-05
22.37,2247,5689,22.37,2,264,0.7331226666666667,1397,0.001,0.0002025921712629497
22.36,2248,5777,22.36,2,268,0.730541333333333,1419,0.001,0.00013876656885258853
22.79,2249,5882,22.79,2,272,0.7274613333333334,1445,0.001,0.0001422196364728734
22.62,2249,5978,22.62,2,276,0.7246453333333335,1469,0.001,0.00013403328193817288
22.38,2250,6048,22.38,2,280,0.7225920000000003,1486,0.001,0.000104466438642703
23.1,2249,6199,23.1,2,284,0.7181626666666664,1524,0.001,9.909084474202245e-05
23.06,2248,6278,23.06,2,288,0.7158453333333336,1544,0.001,0.00011303836799925193
23.06,2249,6365,23.06,2,292,0.7132933333333334,1566,0.001,6.589893746422604e-05
23.58,2252,6535,23.58,2,296,0.7083066666666663,1608,0.001,9.070298256119713e-05
23.24,2251,6589,23.24,2,300,0.7067226666666666,1622,0.001,0.00010989706061081961
23.5,2250,6678,23.5,2,304,0.7041120000000005,1644,0.001,8.534415974281728e-05
23.29,2251,6744,23.29,2,308,0.7021759999999995,1660,0.001,9.898209827952087e-05
23.15,2249,6805,23.15,3,312,0.7003866666666663,1676,0.001,0.00011435952910687774
23.54,2249,6910,23.54,3,316,0.6973066666666665,1702,0.001,9.007457992993295e-05
23.53,2250,6967,23.53,3,320,0.6956346666666664,1716,0.001,6.685490370728076e-05
23.16,2247,7051,23.16,3,324,0.6931706666666668,1737,0.001,8.727433305466548e-05
23.27,2244,7185,23.27,3,328,0.6892399999999997,1771,0.001,0.0001306670455960557
23.3,2243,7267,23.3,3,332,0.6868346666666664,1791,0.001,8.97693244041875e-05
23.69,2244,7397,23.69,3,336,0.6830213333333334,1824,0.001,0.00015540127060376108
24.04,2244,7498,24.04,3,340,0.6800586666666669,1849,0.001,9.929879888659343e-05
24.4,2244,7601,24.4,3,344,0.6770373333333333,1875,0.001,4.644616274163127e-05
24.39,2244,7689,24.39,3,348,0.6744559999999997,1897,0.001,6.467285857070237e-05
23.58,2243,7780,23.58,3,352,0.6717866666666664,1919,0.001,0.00016002121265046299
23.55,2239,7880,23.55,3,356,0.6688533333333334,1944,0.001,0.00014622141316067427
23.98,2236,7994,23.98,3,360,0.6655093333333331,1973,0.001,0.0001388336531817913
23.86,2236,8075,23.86,3,364,0.6631333333333331,1993,0.001,5.0724051106953993e-05
24.44,2237,8221,24.44,3,368,0.6588506666666667,2030,0.001,5.142425652593374e-05
24.44,2224,8326,24.44,3,372,0.655770666666667,2056,0.001,0.0003816513635683805
24.39,2220,8417,24.39,3,376,0.6531013333333338,2079,0.001,0.00013733349624089897
24.43,2216,8491,24.43,3,380,0.6509306666666665,2097,0.001,7.440158515237272e-05
23.73,2208,8572,23.73,3,384,0.6485546666666666,2117,0.001,0.0001323433971265331
23.63,2203,8641,23.63,3,388,0.646530666666667,2135,0.001,0.00011752864520531148
23.39,2196,8704,23.39,3,392,0.6446826666666667,2150,0.001,9.118839807342738e-05
22.82,2189,8817,22.82,4,396,0.6413679999999998,2179,0.001,0.0001281590957660228
23.6,2181,8949,23.6,4,400,0.6374959999999998,2212,0.001,0.00016628153389319777
23.99,2175,9077,23.99,4,404,0.633741333333333,2244,0.001,9.330446482636034e-05
24.51,2167,9195,24.51,4,408,0.6302800000000004,2273,0.001,0.00012882602459285408
24.62,2164,9267,24.62,4,412,0.6281680000000003,2291,0.001,0.00014639116125181317
25.0,2157,9410,25.0,4,416,0.6239733333333335,2327,0.001,0.00016263012366835028
25.33,2148,9500,25.33,4,420,0.6213333333333337,2349,0.001,9.732777834869921e-05
25.91,2130,9642,25.91,4,424,0.6171679999999995,2385,0.001,0.00011792923032771796
25.35,2121,9720,25.35,4,428,0.6148800000000002,2404,0.001,6.959027086850256e-05
25.3,2117,9797,25.3,4,432,0.6126213333333334,2424,0.001,8.582518785260618e-05
24.87,2113,9884,24.87,4,436,0.6100693333333332,2445,0.001,0.00021114241098985076
24.46,2109,9944,24.46,4,440,0.6083093333333334,2460,0.001,5.081556810182519e-05
24.65,2105,10066,24.65,4,444,0.6047306666666667,2491,0.001,0.06725529581308365
24.9,2102,10179,24.9,4,448,0.601416,2519,0.001,0.013579660095274448
24.45,2099,10225,24.45,4,452,0.6000666666666665,2531,0.001,0.014706932008266449
23.99,2097,10279,23.99,4,456,0.5984826666666669,2544,0.001,0.007941882126033306
23.48,2095,10342,23.48,4,460,0.5966346666666665,2560,0.001,0.021341614425182343
23.53,2093,10428,23.53,4,464,0.594112,2581,0.001,0.010809785686433315
23.15,2090,10536,23.15,5,468,0.5909439999999997,2608,0.001,0.005210262257605791
22.71,2090,10597,22.71,5,472,0.5891546666666663,2624,0.001,0.00842590257525444
22.89,2087,10706,22.89,5,476,0.5859573333333337,2651,0.001,0.013715608976781368
22.63,2087,10754,22.63,5,480,0.5845493333333331,2663,0.001,0.009835707023739815
22.33,2085,10805,22.33,5,484,0.5830533333333332,2676,0.001,0.015656571835279465
22.13,2084,10854,22.13,5,488,0.5816160000000001,2688,0.001,0.024321068078279495
22.09,2083,10913,22.09,5,492,0.5798853333333329,2703,0.001,0.018978288397192955
21.5,2083,10967,21.5,5,496,0.5783013333333333,2716,0.001,0.01797528751194477
20.89,2083,11038,20.89,5,500,0.5762186666666667,2734,0.001,0.0083359619602561
20.1,2083,11087,20.1,5,504,0.5747813333333336,2746,0.001,0.023537293076515198
19.78,2082,11173,19.78,5,508,0.572258666666667,2768,0.001,0.014501073397696018
19.63,2081,11230,19.63,5,512,0.5705866666666668,2782,0.001,0.007200626656413078
18.73,2081,11283,18.73,5,516,0.5690319999999998,2795,0.001,0.026503782719373703
18.4,2079,11340,18.4,5,520,0.5673599999999995,2809,0.001,0.014696253463625908
17.52,2079,11394,17.52,5,524,0.565776,2823,0.001,0.015177762135863304
17.29,2077,11449,17.29,5,528,0.5641626666666668,2837,0.001,0.0130047257989645
17.0,2075,11497,17.0,5,532,0.5627546666666663,2849,0.001,0.015806835144758224
16.72,2074,11556,16.72,5,536,0.561024,2863,0.001,0.02093631960451603
16.79,2073,11623,16.79,5,540,0.5590586666666666,2880,0.001,0.015607431530952454
16.08,2071,11674,16.08,5,544,0.5575626666666665,2893,0.001,0.00998387299478054
15.53,2070,11732,15.53,5,548,0.5558613333333338,2907,0.001,0.011447793804109097
15.65,2069,11790,15.65,5,552,0.55416,2922,0.001,0.01363685354590416
15.62,2068,11841,15.62,5,556,0.552664,2935,0.001,0.01881757564842701
15.53,2066,11895,15.53,5,560,0.5510800000000005,2948,0.001,0.010556178167462349
15.19,2065,11947,15.19,5,564,0.5495546666666669,2961,0.001,0.011592578142881393
14.66,2064,12002,14.66,5,568,0.5479413333333336,2975,0.001,0.01525405328720808
14.58,2064,12055,14.58,5,572,0.5463866666666666,2988,0.001,0.009392134845256805
13.93,2063,12099,13.93,5,576,0.5450960000000002,2999,0.001,0.011712571606040001
13.89,2062,12143,13.89,5,580,0.5438053333333329,3010,0.001,0.012353568337857723
13.89,2061,12194,13.89,5,584,0.5423093333333329,3023,0.001,0.009456009604036808
13.81,2060,12235,13.81,5,588,0.5411066666666672,3033,0.001,0.008085362613201141
13.79,2059,12292,13.79,5,592,0.539434666666667,3047,0.001,0.01430006604641676
13.81,2059,12348,13.81,5,596,0.5377920000000003,3061,0.001,0.010849726386368275
13.59,2059,12397,13.59,6,600,0.5363546666666663,3074,0.001,0.009323285892605782
13.57,2059,12444,13.57,6,604,0.5349760000000003,3085,0.001,0.010303850285708904
13.3,2060,12503,13.3,6,608,0.5332453333333331,3100,0.001,0.020128631964325905
13.14,2059,12544,13.14,6,612,0.5320426666666664,3110,0.001,0.008070319890975952
13.12,2058,12595,13.12,6,616,0.5305466666666664,3123,0.001,0.010241242125630379
13.2,2058,12660,13.2,6,620,0.5286399999999999,3139,0.001,0.017247216776013374
13.16,2058,12710,13.16,6,624,0.5271733333333334,3152,0.001,0.009433734230697155
13.15,2057,12764,13.15,6,628,0.5255893333333338,3165,0.001,0.007502762135118246
13.27,2056,12824,13.27,6,632,0.523829333333333,3180,0.001,0.007125698029994965
13.17,2056,12873,13.17,6,636,0.522392,3193,0.001,0.004920349922031164
13.16,2055,12939,13.16,6,640,0.520456,3209,0.001,0.019834481179714203
13.29,2054,13003,13.29,6,644,0.5185786666666672,3225,0.001,0.008281772956252098
13.08,2053,13040,13.08,6,648,0.5174933333333335,3234,0.001,0.010254992172122002
13.31,2052,13121,13.31,6,652,0.5151173333333336,3255,0.001,0.0057344455271959305
13.65,2051,13206,13.65,6,656,0.5126240000000004,3276,0.001,0.003833591705188155
13.98,2050,13293,13.98,6,660,0.5100720000000003,3298,0.001,0.018421601504087448
14.07,2049,13354,14.07,6,664,0.5082826666666671,3313,0.001,0.010488495230674744
14.05,2049,13407,14.05,6,668,0.506728,3326,0.001,0.0036147632636129856
14.42,2046,13497,14.42,6,672,0.5040880000000003,3349,0.001,0.006605607457458973
14.7,2044,13569,14.7,6,676,0.5019760000000001,3367,0.001,0.007196231745183468
15.12,2041,13655,15.12,6,680,0.49945333333333347,3388,0.001,0.004118352197110653
15.4,2039,13734,15.4,6,684,0.4971359999999997,3408,0.001,0.00358566758222878
15.5,2038,13785,15.5,6,688,0.49563999999999964,3421,0.001,0.007279255893081427
15.55,2036,13847,15.55,6,692,0.4938213333333338,3436,0.001,0.005220201797783375
15.6,2035,13908,15.6,6,696,0.49203200000000047,3451,0.001,0.001132280915044248
15.66,2035,13963,15.66,6,700,0.4904186666666663,3465,0.001,0.006967154331505299
15.82,2034,14026,15.82,6,704,0.4885706666666669,3481,0.001,0.0038249101489782333
15.85,2033,14088,15.85,6,708,0.486752,3496,0.001,0.0044236863031983376
15.92,2032,14136,15.92,6,712,0.48534399999999955,3508,0.001,0.003527482505887747
15.89,2031,14184,15.89,6,716,0.48393600000000014,3520,0.001,0.002398463897407055
15.82,2032,14242,15.82,7,720,0.48223466666666637,3535,0.001,0.0063421945087611675
16.1,2030,14320,16.1,7,724,0.4799466666666671,3554,0.001,0.0051531498320400715
16.03,2029,14367,16.03,7,728,0.4785680000000001,3566,0.001,0.008410416543483734
15.91,2029,14415,15.91,7,732,0.47715999999999975,3578,0.001,0.010115183889865875
16.05,2028,14478,16.05,7,736,0.4753120000000003,3594,0.001,0.007510809227824211
15.85,2027,14524,15.85,7,740,0.4739626666666669,3605,0.001,0.0038158807437866926
15.66,2026,14569,15.66,7,744,0.4726426666666671,3617,0.001,0.010927117429673672
15.78,2025,14618,15.78,7,748,0.47120533333333314,3629,0.001,0.0025138049386441708
15.56,2024,14677,15.56,7,752,0.4694746666666668,3644,0.001,0.011011681519448757
15.41,2023,14747,15.41,7,756,0.46742133333333374,3661,0.001,0.006968209519982338
15.12,2022,14805,15.12,7,760,0.46572,3676,0.001,0.010818976908922195
15.2,2023,14874,15.2,7,764,0.4636960000000004,3693,0.001,0.0024953726679086685
15.16,2023,14923,15.16,7,768,0.46225866666666643,3705,0.001,0.00962132215499878
14.83,2022,14980,14.83,7,772,0.46058666666666626,3719,0.001,0.011095378547906876
14.59,2022,15028,14.59,7,776,0.45917866666666685,3731,0.001,0.008262583054602146
14.22,2022,15077,14.22,7,780,0.45774133333333383,3744,0.001,0.008374938741326332
13.87,2021,15121,13.87,7,784,0.4564506666666665,3755,0.001,0.004283113405108452
13.85,2022,15170,13.85,7,788,0.45501333333333355,3767,0.001,0.005088927689939737
13.87,2021,15234,13.87,7,792,0.4531359999999996,3783,0.001,0.0028623794205486774
13.97,2021,15305,13.97,7,796,0.451053333333333,3801,0.001,0.010305110365152359
14.06,2021,15369,14.06,7,800,0.449176,3817,0.001,0.008123506791889668
13.88,2021,15414,13.88,7,804,0.44785600000000025,3828,0.001,0.006726929917931557
13.82,2021,15470,13.82,7,808,0.4462133333333335,3842,0.001,0.010202846489846706
13.93,2020,15529,13.93,7,812,0.44448266666666625,3857,0.001,0.009126279503107071
13.91,2019,15575,13.91,7,816,0.4431333333333339,3868,0.001,0.004285696428269148
13.8,2019,15622,13.8,7,820,0.44175466666666696,3880,0.001,0.008095219731330872
13.59,2019,15679,13.59,7,824,0.4400826666666668,3894,0.001,0.004513670690357685
13.51,2017,15718,13.51,7,828,0.43893866666666703,3904,0.001,0.00681352848187089
13.54,2017,15769,13.54,7,832,0.43744266666666703,3917,0.001,0.012109749019145966
13.53,2017,15831,13.53,7,836,0.4356240000000002,3932,0.001,0.00903299916535616
13.52,2018,15876,13.52,7,840,0.43430400000000036,3943,0.001,0.0028090006671845913
13.67,2016,15936,13.67,7,844,0.4325439999999996,3958,0.001,0.008280044421553612
13.76,2016,15994,13.76,7,848,0.43084266666666676,3973,0.001,0.0019681532867252827
13.65,2016,16042,13.65,7,852,0.4294346666666664,3985,0.001,0.007521974854171276
13.69,2016,16116,13.69,7,856,0.42726400000000014,4003,0.001,0.006280314177274704
14.02,2015,16207,14.02,8,860,0.4245946666666669,4026,0.001,0.010318811982870102
14.06,2015,16280,14.06,8,864,0.42245333333333324,4044,0.001,0.004879793617874384
14.25,2015,16348,14.25,8,868,0.42045866666666715,4061,0.001,0.0008415967458859086
14.19,2015,16399,14.19,8,872,0.4189626666666671,4074,0.001,0.014271588996052742
14.22,2014,16450,14.22,8,876,0.4174666666666671,4087,0.001,0.010062655434012413
14.28,2013,16505,14.28,8,880,0.41585333333333296,4101,0.001,0.007618430070579052
14.29,2012,16550,14.29,8,884,0.4145333333333331,4112,0.001,0.006656846031546593
14.28,2011,16598,14.28,8,888,0.4131253333333337,4124,0.001,0.009909117594361305
14.08,2010,16642,14.08,8,892,0.41183466666666635,4135,0.001,0.012416018173098564
13.84,2009,16689,13.84,8,896,0.41045600000000043,4147,0.001,0.005978609435260296
13.7,2009,16739,13.7,8,900,0.4089893333333329,4159,0.001,0.006594486068934202
13.93,2009,16807,13.93,8,904,0.40699466666666684,4176,0.001,0.01260770857334137
13.88,2009,16858,13.88,8,908,0.40549866666666684,4189,0.001,0.006391475442796946
14.0,2008,16929,14.0,8,912,0.4034160000000002,4207,0.001,0.008581511676311493
14.01,2007,16976,14.01,8,916,0.4020373333333333,4218,0.001,0.010168170556426048
14.09,2005,17031,14.09,8,920,0.4004240000000001,4232,0.001,0.0104070995002985
13.97,2004,17076,13.97,8,924,0.39910400000000024,4243,0.001,0.004782191012054682
14.06,2002,17124,14.06,8,928,0.39769599999999994,4255,0.001,0.006354484707117081
13.99,2001,17168,13.99,8,932,0.3964053333333335,4266,0.001,0.005585272330790758
13.82,1999,17213,13.82,8,936,0.39508533333333373,4278,0.001,0.00698155676946044
13.84,1998,17260,13.84,8,940,0.39370666666666676,4289,0.001,0.006554959341883659
13.78,1998,17314,13.78,8,944,0.3921226666666672,4303,0.001,0.0103420689702034
13.59,1998,17353,13.59,8,948,0.3909786666666665,4313,0.001,0.0005489854956977069
13.57,1997,17399,13.57,8,952,0.38962933333333316,4324,0.001,0.005797741003334522
13.3,1996,17446,13.3,8,956,0.3882506666666672,4336,0.001,0.00934030395001173
12.81,1995,17488,12.81,8,960,0.38701866666666696,4346,0.001,0.0017356420867145061
12.48,1995,17528,12.48,8,964,0.3858453333333337,4356,0.001,0.007153702899813652
12.26,1995,17574,12.26,8,968,0.3844960000000004,4368,0.001,0.010610358789563179
12.33,1994,17632,12.33,8,972,0.3827946666666666,4382,0.001,0.007823215797543526
12.23,1993,17673,12.23,8,976,0.38159199999999993,4393,0.001,0.0020912180189043283
12.17,1993,17722,12.17,8,980,0.380154666666667,4405,0.001,0.0026682515162974596
12.19,1992,17769,12.19,8,984,0.378776,4417,0.001,0.006346572656184435
12.2,1992,17818,12.2,8,988,0.37733866666666704,4429,0.001,0.008618582040071487
12.18,1991,17860,12.18,8,992,0.3761066666666668,4439,0.001,0.0038826223462820053
12.2,1990,17909,12.2,8,996,0.37466933333333374,4452,0.001,0.004832715727388859
12.21,1990,17960,12.21,9,1000,0.3731733333333338,4464,0.001,0.011130815371870995
11.91,1989,17998,11.91,9,1004,0.37205866666666665,4474,0.001,0.008393891155719757
11.9,1988,18048,11.9,9,1008,0.37059200000000014,4486,0.001,0.0072282226756215096
11.74,1987,18103,11.74,9,1012,0.368978666666667,4500,0.001,0.005519544705748558
11.77,1987,18153,11.77,9,1016,0.3675120000000005,4513,0.001,0.00875728391110897
11.76,1986,18207,11.76,9,1020,0.3659279999999998,4526,0.001,0.003997777588665485
11.73,1986,18249,11.73,9,1024,0.3646959999999996,4537,0.001,0.011831847950816154
11.74,1986,18298,11.74,9,1028,0.3632586666666666,4549,0.001,0.0035161878913640976
11.74,1985,18342,11.74,9,1032,0.3619680000000003,4560,0.001,0.011667751707136631
11.71,1985,18384,11.71,9,1036,0.36073600000000006,4570,0.001,0.0028083401266485453
11.7,1984,18430,11.7,9,1040,0.35938666666666674,4582,0.001,0.0026740115135908127
11.73,1983,18487,11.73,9,1044,0.3577146666666664,4596,0.001,0.009262273088097572
11.76,1983,18529,11.76,9,1048,0.35648266666666617,4607,0.001,0.005128512158989906
11.73,1983,18572,11.73,9,1052,0.3552213333333334,4617,0.001,0.011065635830163956
11.64,1982,18610,11.64,9,1056,0.35410666666666624,4627,0.001,0.006264220457524061
11.72,1982,18660,11.72,9,1060,0.35263999999999973,4639,0.001,0.009787539020180702
11.85,1981,18713,11.85,9,1064,0.3510853333333337,4653,0.001,0.004798887763172388
11.96,1981,18770,11.96,9,1068,0.34941333333333346,4667,0.001,0.005330436863005161
11.93,1980,18825,11.93,9,1072,0.34780000000000033,4681,0.001,0.00554126501083374
11.89,1979,18862,11.89,9,1076,0.3467146666666666,4690,0.001,0.0029898290522396564
11.83,1978,18905,11.83,9,1080,0.34545333333333295,4701,0.001,0.0081377774477005
11.84,1978,18953,11.84,9,1084,0.3440453333333334,4713,0.001,0.007437152788043022
11.74,1978,18992,11.74,9,1088,0.3429013333333337,4722,0.001,0.0201905257999897
11.89,1976,19049,11.89,9,1092,0.3412293333333336,4737,0.001,0.005458997096866369
11.85,1975,19094,11.85,9,1096,0.33990933333333373,4748,0.001,0.008618769235908985
11.73,1975,19133,11.73,9,1100,0.33876533333333303,4758,0.001,0.003863653866574168
11.86,1974,19184,11.86,9,1104,0.337269333333333,4770,0.001,0.007425421383231878
11.8,1974,19228,11.8,9,1108,0.33597866666666676,4781,0.001,0.012589615769684315
11.66,1973,19269,11.66,9,1112,0.33477599999999996,4792,0.001,0.004205357749015093
11.63,1972,19316,11.63,9,1116,0.333397333333333,4803,0.001,0.0063940733671188354
11.54,1971,19361,11.54,9,1120,0.3320773333333332,4815,0.001,0.0028293076902627945
11.59,1970,19408,11.59,9,1124,0.33069866666666625,4826,0.001,0.005356442183256149
11.51,1969,19449,11.51,9,1128,0.32949600000000057,4837,0.001,0.0047982526011765
11.57,1969,19499,11.57,9,1132,0.32802933333333306,4849,0.001,0.005813673138618469
11.68,1968,19552,11.68,9,1136,0.3264746666666669,4862,0.001,0.00716004054993391
11.61,1967,19591,11.61,9,1140,0.3253306666666663,4872,0.001,0.009876865893602371
11.48,1967,19635,11.48,9,1144,0.32404,4883,0.001,0.004990727175027132
11.58,1966,19687,11.58,10,1148,0.3225146666666664,4896,0.001,0.0012574652209877968
11.56,1966,19728,11.56,10,1152,0.3213119999999997,4906,0.001,0.003230035537853837
11.64,1965,19774,11.64,10,1156,0.3199626666666663,4918,0.001,0.005094696767628193
11.51,1965,19811,11.51,10,1160,0.3188773333333337,4927,0.001,0.003516844706609845
11.45,1965,19858,11.45,10,1164,0.3174986666666668,4939,0.001,0.004686376545578241
11.35,1964,19905,11.35,10,1168,0.31611999999999985,4951,0.001,0.011844790540635586
11.27,1964,19952,11.27,10,1172,0.314741333333333,4962,0.001,0.00797499530017376
11.32,1963,19994,11.32,10,1176,0.31350933333333364,4973,0.001,0.008706270717084408
11.3,1962,20035,11.3,10,1180,0.31230666666666695,4983,0.001,0.06031959876418114
11.3,1962,20083,11.3,10,1184,0.31089866666666655,4995,0.001,0.02564026229083538
11.32,1962,20124,11.32,10,1188,0.30969599999999986,5005,0.001,0.014444099739193916
11.2,1961,20169,11.2,10,1192,0.308376,5017,0.001,0.005403891671448946
11.21,1960,20215,11.21,10,1196,0.30702666666666656,5028,0.001,0.00981549359858036
11.42,1960,20275,11.42,10,1200,0.3052666666666668,5043,0.001,0.0018725998234003782
11.28,1960,20312,11.28,10,1204,0.3041813333333332,5052,0.001,0.009677527472376823
11.26,1960,20354,11.26,10,1208,0.30294933333333385,5063,0.001,0.009693095460534096
11.29,1959,20398,11.29,10,1212,0.3016586666666665,5074,0.001,0.0060439566150307655
11.31,1958,20447,11.31,10,1216,0.3002213333333337,5086,0.001,0.00962132029235363
11.23,1957,20484,11.23,10,1220,0.29913599999999996,5095,0.001,0.007516064681112766
11.2,1957,20528,11.2,10,1224,0.29784533333333363,5106,0.001,0.010035397484898567
11.19,1956,20568,11.19,10,1228,0.2966720000000005,5116,0.001,0.006949618458747864
11.14,1955,20613,11.14,10,1232,0.2953519999999996,5128,0.001,0.0045439861714839935
11.15,1954,20667,11.15,10,1236,0.2937679999999999,5141,0.001,0.020099099725484848
11.25,1952,20716,11.25,10,1240,0.29233066666666696,5153,0.001,0.006833305116742849
11.3,1951,20765,11.3,10,1244,0.290893333333333,5166,0.001,0.017313122749328613
11.29,1950,20816,11.29,10,1248,0.28939733333333306,5178,0.001,0.013471772894263268
11.36,1950,20864,11.36,10,1252,0.28798933333333354,5190,0.001,0.016227560117840767
11.38,1949,20912,11.38,10,1256,0.28658133333333313,5202,0.001,0.012724179774522781
11.73,1947,20984,11.73,10,1260,0.284469333333333,5220,0.001,0.015193290077149868
11.72,1947,21030,11.72,10,1264,0.2831199999999996,5232,0.001,0.008281213231384754
11.74,1946,21079,11.74,10,1268,0.28168266666666664,5244,0.001,0.03436421602964401
11.78,1946,21130,11.78,10,1272,0.2801866666666666,5257,0.001,0.016249431297183037
12.86,1946,21280,12.86,10,1276,0.27578666666666707,5294,0.001,0.010726417414844036
13.76,1945,21411,13.76,11,1280,0.27194399999999963,5327,0.001,0.014189408160746098
14.07,1944,21490,14.07,11,1284,0.2696266666666667,5347,0.001,0.011136998422443867
14.38,1943,21562,14.38,11,1288,0.2675146666666667,5365,0.001,0.013407092541456223
14.67,1943,21636,14.67,11,1292,0.26534400000000036,5383,0.001,0.016234377399086952
15.15,1942,21730,15.15,11,1296,0.26258666666666663,5407,0.001,0.018674712628126144
15.05,1942,21780,15.05,11,1300,0.26112,5419,0.001,0.01912114769220352
15.83,1941,21895,15.83,11,1304,0.257746666666667,5448,0.001,0.0195697583258152
16.26,1940,21980,16.26,11,1308,0.2552533333333331,5469,0.001,0.01635277457535267
16.53,1939,22051,16.53,11,1312,0.25317066666666643,5487,0.001,0.030805569142103195
16.72,1939,22119,16.72,11,1316,0.2511760000000004,5504,0.001,0.028585070744156837
17.08,1938,22192,17.08,11,1320,0.24903466666666674,5522,0.001,0.02603212371468544
17.74,1937,22302,17.74,11,1324,0.24580800000000036,5550,0.001,0.058509841561317444
19.95,1936,22563,19.95,11,1328,0.23815200000000003,5615,0.001,0.037297651171684265
21.95,1935,22808,21.95,11,1332,0.23096533333333313,5676,0.001,0.009025133214890957
22.32,1934,22899,22.32,11,1336,0.22829600000000005,5699,0.001,0.05324582755565643
23.66,1933,23082,23.66,11,1340,0.22292800000000002,5745,0.001,0.0030726331751793623
25.47,1932,23312,25.47,12,1344,0.21618133333333311,5802,0.001,0.010286547243595123
27.1,1931,23526,27.1,12,1348,0.20990399999999965,5856,0.001,0.009936266578733921
27.9,1931,23654,27.9,12,1352,0.20614933333333385,5888,0.001,0.03060738928616047
28.15,1930,23727,28.15,12,1356,0.20400800000000008,5906,0.001,0.024620002135634422
29.04,1928,23888,29.04,12,1360,0.19928533333333387,5946,0.001,0.007141417358070612
30.93,1927,24123,30.93,12,1364,0.19239200000000023,6005,0.001,0.012920538894832134
31.08,1926,24187,31.08,12,1368,0.1905146666666664,6021,0.001,0.007114192470908165
31.52,1925,24282,31.52,12,1372,0.187728,6045,0.001,0.0009533745469525456
31.0,1924,24380,31.0,12,1376,0.1848533333333331,6069,0.001,0.02000451274216175
30.35,1923,24446,30.35,12,1380,0.18291733333333304,6086,0.001,0.005557777360081673
30.3,1922,24520,30.3,12,1384,0.18074666666666683,6104,0.001,0.0038927823770791292
30.37,1921,24599,30.37,12,1388,0.17842933333333288,6124,0.001,0.006577938795089722
30.23,1920,24659,30.23,12,1392,0.17666933333333312,6139,0.001,0.029902322217822075
30.97,1918,24827,30.97,12,1396,0.17174133333333308,6181,0.001,0.011493571102619171
31.51,1917,24931,31.51,12,1400,0.16869066666666688,6207,0.001,0.01994210109114647
32.06,1916,25101,32.06,13,1404,0.16370399999999985,6250,0.001,0.009892793372273445
32.73,1915,25253,32.73,13,1408,0.15924533333333335,6288,0.001,0.036176301538944244
32.65,1914,25316,32.65,13,1412,0.15739733333333394,6303,0.001,0.029833436012268066
33.58,1912,25477,33.58,13,1416,0.15267466666666651,6344,0.001,0.006145019084215164
33.38,1911,25530,33.38,13,1420,0.15112000000000048,6357,0.001,0.00621873140335083
36.82,1909,25984,36.82,13,1424,0.13780266666666685,6470,0.001,0.04469003528356552
38.83,1906,26446,38.83,13,1428,0.12425066666666706,6586,0.001,0.0015818329993635416
37.54,1905,26562,37.54,13,1432,0.1208480000000004,6615,0.001,0.0014081753324717283
41.5,1902,27049,41.5,14,1436,0.10656266666666636,6737,0.001,0.009519249200820923
44.47,1899,27529,44.47,14,1440,0.09248266666666694,6857,0.001,0.0014261131873354316
43.13,1898,27625,43.13,14,1444,0.089666666666667,6881,0.001,0.004211770370602608
41.79,1897,27705,41.79,14,1448,0.08731999999999973,6901,0.001,0.0006766176666133106
41.54,1897,27808,41.54,14,1452,0.08429866666666708,6926,0.001,0.009128945879638195
42.06,1895,27933,42.06,14,1456,0.08063199999999993,6958,0.001,0.006095606368035078
41.21,1895,28009,41.21,14,1460,0.07840266666666662,6977,0.001,0.004562857560813427
39.75,1894,28098,39.75,14,1464,0.0757920000000003,6999,0.001,0.013935964554548264
39.98,1893,28185,39.98,14,1468,0.0732400000000002,7021,0.001,0.0008962698047980666
39.92,1893,28274,39.92,14,1472,0.0706293333333331,7043,0.001,0.006346981506794691
40.35,1892,28415,40.35,15,1476,0.0664933333333334,7078,0.001,0.03864116221666336
40.77,1890,28523,40.77,15,1480,0.06332533333333312,7105,0.001,0.009285748936235905
41.37,1888,28657,41.37,15,1484,0.05939466666666704,7139,0.001,0.012221075594425201
41.66,1887,28765,41.66,15,1488,0.05622666666666687,7166,0.001,0.002848174422979355
42.26,1886,28885,42.26,15,1492,0.052706666666667235,7196,0.001,0.013634433038532734
41.18,1885,28945,41.18,15,1496,0.050946666666666474,7211,0.001,0.024788564071059227
41.16,1884,29047,41.16,15,1500,0.04795466666666637,7236,0.001,0.02590269222855568
40.4,1884,29141,40.4,15,1504,0.045197333333333534,7260,0.001,0.021922701969742775
40.03,1883,29256,40.03,15,1508,0.04182399999999953,7288,0.001,0.025914523750543594
40.3,1882,29346,40.3,15,1512,0.039183999999999886,7311,0.001,0.009805087000131607
39.44,1881,29421,39.44,15,1516,0.03698400000000013,7330,0.001,0.011021117679774761
39.59,1881,29489,39.59,15,1520,0.034989333333333095,7347,0.001,0.017148159444332123
35.78,1880,29562,35.78,15,1524,0.03284800000000043,7365,0.001,0.006645131390541792
31.93,1879,29639,31.93,15,1528,0.03058933333333358,7384,0.001,0.0038903835229575634
31.53,1879,29715,31.53,15,1532,0.028360000000000274,7403,0.001,0.019256845116615295
27.38,1877,29787,27.38,15,1536,0.02624800000000016,7421,0.001,0.011429158970713615
23.62,1877,29891,23.62,15,1540,0.02319733333333307,7447,0.001,0.008451968431472778
23.2,1876,29945,23.2,15,1544,0.021613333333333484,7461,0.001,0.010761084035038948
23.14,1875,30019,23.14,16,1548,0.02,7479,0.001,0.08342006057500839
23.04,1874,30112,23.04,16,1552,0.02,7502,0.001,0.04631919041275978
22.73,1872,30206,22.73,16,1556,0.02,7526,0.001,0.004200504161417484
26.36,1869,30645,26.36,16,1560,0.02,7636,0.001,0.0034668680746108294
35.04,1862,31602,35.04,16,1564,0.02,7875,0.001,0.01687886193394661
37.86,1859,31971,37.86,17,1568,0.02,7967,0.001,0.009288414381444454
45.98,1856,32872,45.98,17,1572,0.02,8192,0.001,0.0013154681073501706
56.49,1853,34064,56.49,18,1576,0.02,8490,0.001,0.0004734947578981519
58.5,1851,34373,58.5,18,1580,0.02,8568,0.001,0.0012384913861751556
62.6,1849,34917,62.6,18,1584,0.02,8704,0.001,0.02106080763041973
65.95,1847,35360,65.95,19,1588,0.02,8814,0.001,0.031472302973270416
68.74,1845,35759,68.74,19,1592,0.02,8914,0.001,0.0005070379702374339
75.27,1841,36472,75.27,19,1596,0.02,9092,0.001,0.0007661358686164021
81.75,1837,37222,81.75,20,1600,0.02,9280,0.001,0.02966531179845333
86.31,1835,37772,86.31,20,1604,0.02,9417,0.001,0.0008639060542918742
89.03,1833,38159,89.03,20,1608,0.02,9514,0.001,0.007590317167341709
90.49,1832,38395,90.49,20,1612,0.02,9573,0.001,0.004430065397173166
92.5,1830,38671,92.5,21,1616,0.02,9642,0.001,0.0017065326683223248
98.49,1827,39338,98.49,21,1620,0.02,9809,0.001,0.00021620171901304275
101.27,1826,39689,101.27,21,1624,0.02,9897,0.001,0.00046777469106018543
103.31,1825,39970,103.31,21,1628,0.02,9967,0.001,0.0010003051720559597
103.61,1824,40076,103.61,21,1632,0.02,9993,0.001,0.055650196969509125
105.34,1824,40321,105.34,22,1636,0.02,10055,0.001,0.005215484648942947
109.36,1821,40827,109.36,22,1640,0.02,10181,0.001,0.03921915218234062
114.12,1820,41357,114.12,22,1644,0.02,10314,0.001,0.02088618464767933
121.68,1816,42187,121.68,23,1648,0.02,10521,0.001,0.002512553706765175
126.15,1814,42727,126.15,23,1652,0.02,10656,0.001,0.01016160473227501
134.79,1812,43685,134.79,24,1656,0.02,10896,0.001,0.0007125996635295451
137.76,1811,44421,137.76,24,1660,0.02,11080,0.001,0.0012597069144248962
135.85,1811,45187,135.85,24,1664,0.02,11271,0.001,0.0035278303548693657
140.18,1811,45989,140.18,25,1668,0.02,11472,0.001,0.0013334729010239244
137.91,1810,46663,137.91,25,1672,0.02,11640,0.001,0.0007317423587664962
132.33,1809,47297,132.33,26,1676,0.02,11799,0.001,0.0012255561305209994
136.56,1804,48029,136.56,26,1680,0.02,11982,0.001,0.0014928558375686407
136.98,1800,48615,136.98,27,1684,0.02,12128,0.001,0.0006920183077454567
142.13,1798,49573,142.13,27,1688,0.02,12368,0.001,0.048110488802194595
147.6,1795,50519,147.6,28,1692,0.02,12604,0.001,0.02995508722960949
147.98,1785,51270,147.98,28,1696,0.02,12792,0.001,0.0010914409067481756
147.57,1780,51979,147.57,29,1700,0.02,12969,0.001,0.020720938220620155
152.36,1775,53008,152.36,29,1704,0.02,13226,0.001,0.08178252726793289
158.81,1763,54040,158.81,30,1708,0.02,13484,0.001,0.02733144722878933
164.42,1741,54837,164.42,31,1712,0.02,13684,0.001,0.00041658629197627306
168.69,1720,55540,168.69,32,1716,0.02,13859,0.001,0.0009348048479296267
171.18,1697,56456,171.18,33,1720,0.02,14088,0.001,0.0012077875435352325
179.95,1667,57684,179.95,34,1724,0.02,14395,0.001,0.001117049832828343
186.39,1642,58609,186.39,35,1728,0.02,14627,0.001,0.00041223736479878426
195.69,1624,59645,195.69,36,1732,0.02,14886,0.001,0.002162068383768201
202.07,1610,60528,202.07,37,1736,0.02,15106,0.001,0.032406821846961975
204.03,1593,61230,204.03,38,1740,0.02,15282,0.001,0.034080620855093
207.93,1573,62150,207.93,39,1744,0.02,15512,0.001,0.005222606472671032
208.39,1556,63026,208.39,40,1748,0.02,15731,0.001,0.0009642504155635834
214.35,1534,64162,214.35,41,1752,0.02,16015,0.001,0.0009020668803714216
218.54,1520,65539,218.54,43,1756,0.02,16359,0.001,0.0007308542262762785
221.63,1510,66584,221.63,44,1760,0.02,16620,0.001,0.00260173249989748
225.58,1497,67745,225.58,45,1764,0.02,16911,0.001,0.0004881918430328369
227.28,1489,68717,227.28,46,1768,0.02,17154,0.001,0.0009961938485503197
230.86,1477,69749,230.86,47,1772,0.02,17412,0.001,0.0009393279324285686
236.25,1466,70922,236.25,48,1776,0.02,17705,0.001,0.034599147737026215
241.8,1457,72209,241.8,49,1780,0.02,18027,0.001,0.0006944193737581372
250.37,1446,73652,250.37,50,1784,0.02,18387,0.001,0.00010317064879927784
255.46,1435,75119,255.46,52,1788,0.02,18754,0.001,0.00024954526452347636
258.42,1426,76361,258.42,53,1792,0.02,19065,0.001,0.0028637531213462353
263.02,1418,77572,263.02,54,1796,0.02,19367,0.001,0.0010967004345729947
266.88,1410,78667,266.88,55,1800,0.02,19641,0.001,0.0004972885362803936
269.21,1395,79929,269.21,57,1804,0.02,19957,0.001,0.00048531839274801314
270.5,1383,81090,270.5,58,1808,0.02,20247,0.001,0.0018364847637712955
273.6,1366,82197,273.6,60,1812,0.02,20524,0.001,0.0023767375387251377
277.71,1355,83311,277.71,61,1816,0.02,20802,0.001,0.0017146561294794083
278.17,1342,84273,278.17,62,1820,0.02,21043,0.001,0.0014497925294563174
275.25,1327,85209,275.25,64,1824,0.02,21277,0.001,0.0015313595067709684
274.64,1314,86073,274.64,65,1828,0.02,21493,0.001,0.002374173142015934
272.35,1304,86880,272.35,66,1832,0.02,21694,0.001,0.11139756441116333
271.41,1296,87669,271.41,67,1836,0.02,21892,0.001,0.0021466694306582212
272.05,1285,88435,272.05,68,1840,0.02,22083,0.001,0.0007838882738724351
271.07,1275,89257,271.07,70,1844,0.02,22289,0.001,0.00485764816403389
270.98,1267,90124,270.98,71,1848,0.02,22505,0.001,0.15542325377464294
265.96,1263,90758,265.96,71,1852,0.02,22664,0.001,0.0009134685969911516
257.61,1256,91300,257.61,72,1856,0.02,22799,0.001,0.0014810614520683885
252.43,1252,91827,252.43,73,1860,0.02,22931,0.001,0.06960861384868622
245.98,1248,92343,245.98,73,1864,0.02,23060,0.001,0.001094995765015483
241.36,1243,92853,241.36,74,1868,0.02,23188,0.001,0.0009434855310246348
236.52,1239,93401,236.52,75,1872,0.02,23325,0.001,0.0014013070613145828
230.52,1235,93974,230.52,76,1876,0.02,23468,0.001,0.009068207815289497
223.13,1230,94522,223.13,76,1880,0.02,23605,0.001,0.1971239298582077
213.95,1227,95047,213.95,77,1884,0.02,23736,0.001,0.009822718799114227
204.83,1223,95602,204.83,78,1888,0.02,23875,0.001,0.07120385020971298
198.01,1220,96162,198.01,78,1892,0.02,24015,0.001,0.07368730008602142
191.35,1216,96707,191.35,79,1896,0.02,24151,0.001,0.003270179033279419
185.42,1213,97209,185.42,80,1900,0.02,24277,0.001,0.002682832768186927
178.16,1210,97745,178.16,80,1904,0.02,24411,0.001,0.0009045320330187678
171.94,1207,98284,171.94,81,1908,0.02,24545,0.001,0.0009948525112122297
166.61,1203,98858,166.61,82,1912,0.02,24689,0.001,0.0031214659102261066
160.77,1200,99388,160.77,82,1916,0.02,24821,0.001,0.0005739734042435884
156.41,1196,99914,156.41,83,1920,0.02,24953,0.001,0.0008141667931340635
153.81,1191,100590,153.81,84,1924,0.02,25122,0.001,0.07397498935461044
159.97,1183,102070,159.97,86,1928,0.02,25492,0.001,0.00046466427738778293
157.39,1180,102619,157.39,86,1932,0.02,25629,0.001,0.005918710492551327
155.55,1176,103224,155.55,87,1936,0.02,25780,0.001,0.13215793669223785
153.8,1172,103815,153.8,88,1940,0.02,25928,0.001,0.0003533003036864102
150.98,1169,104355,150.98,89,1944,0.02,26063,0.001,0.0035907411947846413
147.89,1165,104913,147.89,90,1948,0.02,26203,0.001,0.3898404836654663
146.83,1161,105441,146.83,90,1952,0.02,26335,0.001,0.004744278267025948
146.57,1158,105957,146.57,91,1956,0.02,26464,0.001,0.001075589912943542
146.57,1151,106484,146.57,92,1960,0.02,26595,0.001,0.12743061780929565
146.47,1146,106990,146.47,93,1964,0.02,26722,0.001,0.0010557298082858324
146.43,1142,107496,146.43,94,1968,0.02,26848,0.001,0.0009651749860495329
145.94,1139,107995,145.94,94,1972,0.02,26973,0.001,0.0009358912939205766
145.09,1134,108483,145.09,95,1976,0.02,27095,0.001,0.0007516663754358888
144.58,1130,108980,144.58,96,1980,0.02,27219,0.001,0.13274335861206055
144.22,1124,109469,144.22,97,1984,0.02,27342,0.001,0.004179397132247686
143.61,1120,109963,143.61,98,1988,0.02,27465,0.001,0.0010513465385884047
143.05,1116,110467,143.05,98,1992,0.02,27591,0.001,0.1332194060087204
142.96,1111,111003,142.96,99,1996,0.02,27725,0.001,0.001886485842987895
144.21,1106,111630,144.21,100,2000,0.02,27882,0.001,0.14865617454051971
146.3,1102,112375,146.3,101,2004,0.02,28068,0.001,0.0011778761399909854
153.49,1095,113633,153.49,103,2008,0.02,28383,0.001,0.0006958729354664683
155.29,1091,114387,155.29,104,2012,0.02,28571,0.001,0.003603770863264799
156.66,1087,115054,156.66,105,2016,0.02,28738,0.001,0.0009434674866497517
157.78,1083,115692,157.78,106,2020,0.02,28897,0.001,0.0004130488960072398
157.77,1079,116367,157.77,107,2024,0.02,29066,0.001,0.001660308800637722
149.7,1076,117040,149.7,108,2028,0.02,29234,0.001,0.07227997481822968
151.03,1071,117722,151.03,109,2032,0.02,29405,0.001,0.0020010722801089287
152.02,1067,118426,152.02,110,2036,0.02,29581,0.001,0.06257791072130203
150.06,1063,118821,150.06,111,2040,0.02,29680,0.001,0.0744280144572258
148.48,1060,119203,148.48,112,2044,0.02,29775,0.001,0.2539667785167694
143.63,1059,119276,143.63,112,2048,0.02,29793,0.001,0.1389250010251999
147.15,1052,120156,147.15,114,2052,0.02,30013,0.001,0.002484383061528206
155.04,1041,121461,155.04,116,2056,0.02,30340,0.001,0.0034523073118180037
159.44,1034,122428,159.44,118,2060,0.02,30581,0.001,0.00046220162766985595
163.9,1025,123380,163.9,120,2064,0.02,30819,0.001,0.14931173622608185
166.32,1019,124128,166.32,121,2068,0.02,31006,0.001,0.0020795087330043316
168.62,1013,124857,168.62,123,2072,0.02,31189,0.001,0.002095322823151946
171.71,1007,125654,171.71,124,2076,0.02,31388,0.001,0.0008066374575719237
175.69,1002,126549,175.69,126,2080,0.02,31612,0.001,0.0002775082248263061
177.9,999,127259,177.9,127,2084,0.02,31789,0.001,0.0010108290007337928
181.9,995,128153,181.9,128,2088,0.02,32013,0.001,0.0008884918061085045
185.07,991,128974,185.07,130,2092,0.02,32218,0.001,0.0007490528514608741
187.45,987,129748,187.45,131,2096,0.02,32411,0.001,0.15149849653244019
189.99,982,130629,189.99,132,2100,0.02,32632,0.001,0.0008779041236266494
194.46,976,131821,194.46,134,2104,0.02,32930,0.001,0.10404626280069351
190.59,973,132692,190.59,136,2108,0.02,33147,0.001,0.0029156303498893976
190.15,971,133402,190.15,137,2112,0.02,33325,0.001,0.0013503681402653456
192.03,967,134257,192.03,138,2116,0.02,33539,0.001,0.20054443180561066
193.76,964,135068,193.76,140,2120,0.02,33741,0.001,0.003046507015824318
194.1,961,135777,194.1,141,2124,0.02,33919,0.001,0.004153979476541281
196.19,958,136659,196.19,142,2128,0.02,34139,0.001,0.0011561987921595573
197.17,954,137439,197.17,143,2132,0.02,34334,0.001,0.0036997320130467415
198.72,951,138298,198.72,145,2136,0.02,34549,0.001,0.0016518111806362867
204.5,947,139271,204.5,147,2140,0.02,34792,0.001,0.0014096073573455215
209.96,941,140199,209.96,148,2144,0.02,35024,0.001,0.007593721617013216
226.79,932,141955,226.79,152,2148,0.02,35463,0.001,0.0006812410429120064
236.28,925,143784,236.28,155,2152,0.02,35920,0.001,0.00039573447429575026
242.59,919,145720,242.59,158,2156,0.02,36404,0.001,0.0021061247680336237
248.45,915,147273,248.45,160,2160,0.02,36793,0.001,0.0005600767908617854
255.21,908,148901,255.21,163,2164,0.02,37200,0.001,0.0019000149331986904
264.63,903,150591,264.63,166,2168,0.02,37622,0.001,0.0008362439693883061
265.85,901,151442,265.85,168,2172,0.02,37835,0.001,0.18429751694202423
264.06,898,152060,264.06,169,2176,0.02,37989,0.001,0.363240122795105
261.72,897,152721,261.72,170,2180,0.02,38155,0.001,0.027709098532795906
260.17,895,153276,260.17,171,2184,0.02,38293,0.001,0.009392278268933296
257.9,893,153943,257.9,172,2188,0.02,38460,0.001,0.34613361954689026
255.92,892,154566,255.92,173,2192,0.02,38616,0.001,0.000967825879342854
254.41,890,155189,254.41,174,2196,0.02,38772,0.001,0.002500418573617935
252.73,887,155902,252.73,175,2200,0.02,38950,0.001,0.000923574436455965
246.59,885,156480,246.59,176,2204,0.02,39094,0.001,0.005477855447679758
243.78,883,157070,243.78,177,2208,0.02,39242,0.001,0.004832974635064602
242.74,881,157676,242.74,178,2212,0.02,39393,0.001,0.3690931499004364
240.17,880,158274,240.17,179,2216,0.02,39543,0.001,0.18148502707481384
238.23,879,158891,238.23,180,2220,0.02,39697,0.001,0.0010269712656736374
236.94,877,159471,236.94,181,2224,0.02,39842,0.001,0.0013293783413246274
234.5,875,160109,234.5,182,2228,0.02,40002,0.001,0.011094831861555576
234.14,873,160853,234.14,184,2232,0.02,40188,0.001,0.00025507539976388216
243.56,868,162654,243.56,187,2236,0.02,40638,0.001,0.0005646019708365202
253.47,863,164618,253.47,190,2240,0.02,41129,0.001,0.0009048720239661634
260.19,858,166218,260.19,193,2244,0.02,41529,0.001,0.0018732721218839288
258.23,854,167778,258.23,196,2248,0.02,41919,0.001,0.0016609183512628078
251.49,851,168933,251.49,198,2252,0.02,42208,0.001,0.01713842898607254
248.12,848,170532,248.12,201,2256,0.02,42607,0.001,0.0017599575221538544
249.4,844,172213,249.4,203,2260,0.02,43028,0.001,0.0029474005568772554
250.66,841,173967,250.66,206,2264,0.02,43466,0.001,0.0010913667501881719
251.04,838,175695,251.04,209,2268,0.02,43898,0.001,0.16230858862400055
259.29,835,177371,259.29,212,2272,0.02,44317,0.001,0.005469115916639566
270.09,832,179069,270.09,215,2276,0.02,44742,0.001,0.00541177112609148
282.79,828,181000,282.79,218,2280,0.02,45224,0.001,0.0011597174452617764
297.24,825,183000,297.24,221,2284,0.02,45724,0.001,0.0002023901470238343
310.57,821,185000,310.57,225,2288,0.02,46224,0.001,8.865231211530045e-05
319.49,819,186515,319.49,227,2292,0.02,46603,0.001,0.00023772929853294045
328.38,817,188027,328.38,230,2296,0.02,46981,0.001,0.0015661173965781927
341.25,813,190027,341.25,233,2300,0.02,47481,0.001,0.08024461567401886
350.58,811,191538,350.58,235,2304,0.02,47859,0.001,0.0042955013923347
364.68,808,193538,364.68,239,2308,0.02,48359,0.001,0.00018147245282307267
364.82,807,194158,364.82,240,2312,0.02,48514,0.001,0.003013137262314558
359.98,807,194272,359.98,240,2316,0.02,48542,0.001,0.23300723731517792
355.12,806,194403,355.12,240,2320,0.02,48575,0.001,0.0017916770884767175
350.23,806,194494,350.23,241,2324,0.02,48598,0.001,0.23209606111049652
345.25,806,194634,345.25,241,2328,0.02,48633,0.001,0.21443483233451843
339.49,806,194802,339.49,241,2332,0.02,48675,0.001,0.2416895627975464
323.34,805,194988,323.34,242,2336,0.02,48721,0.001,0.009008020162582397
305.71,805,195189,305.71,242,2340,0.02,48772,0.001,0.022267820313572884
295.08,804,195726,295.08,243,2344,0.02,48906,0.001,0.20218977332115173
283.98,803,196176,283.98,244,2348,0.02,49018,0.001,0.015642158687114716
277.32,803,196665,277.32,244,2352,0.02,49141,0.001,0.38620197772979736
281.33,800,198665,281.33,248,2356,0.02,49641,0.001,0.00039262307109311223
284.52,798,200665,284.52,251,2360,0.02,50141,0.001,0.00041601364500820637
286.98,795,202665,286.98,254,2364,0.02,50641,0.001,0.0003019109135493636
289.7,792,204665,289.7,258,2368,0.02,51141,0.001,0.0003182747750543058
292.62,790,206633,292.62,261,2372,0.02,51633,0.001,0.0009180979104712605
292.54,787,208323,292.54,264,2376,0.02,52055,0.001,0.00034992670407518744
280.56,787,209056,280.56,265,2380,0.02,52238,0.001,0.005503895226866007
266.9,786,209690,266.9,266,2384,0.02,52397,0.001,0.020362067967653275
252.59,785,210259,252.59,267,2388,0.02,52539,0.001,0.006193756591528654
242.03,785,210718,242.03,268,2392,0.02,52654,0.001,0.3492542505264282
231.38,785,211165,231.38,268,2396,0.02,52766,0.001,0.0102076455950737
215.52,784,211579,215.52,269,2400,0.02,52869,0.001,0.0028778219129890203
204.57,784,211995,204.57,270,2404,0.02,52973,0.001,0.0009055539267137647
188.7,783,212408,188.7,271,2408,0.02,53076,0.001,0.0033691879361867905
186.64,783,212822,186.64,271,2412,0.02,53180,0.001,0.2515661120414734
189.62,782,213234,189.62,272,2416,0.02,53283,0.001,0.24685142934322357
192.34,782,213637,192.34,272,2420,0.02,53384,0.001,0.0010365769267082214
195.55,782,214049,195.55,273,2424,0.02,53487,0.001,0.002605167683213949
198.24,781,214458,198.24,274,2428,0.02,53589,0.001,0.003820133162662387
200.75,781,214877,200.75,274,2432,0.02,53694,0.001,0.0037332377396523952
203.02,781,215290,203.02,275,2436,0.02,53797,0.001,0.4861622452735901
205.1,781,215699,205.1,276,2440,0.02,53899,0.001,0.007041813340038061
203.72,781,216098,203.72,276,2444,0.02,53999,0.001,0.24355614185333252
203.27,781,216503,203.27,277,2448,0.02,54100,0.001,0.23972028493881226
202.47,780,216912,202.47,277,2452,0.02,54202,0.001,0.4877549409866333
186.59,780,217324,186.59,278,2456,0.02,54305,0.001,0.008708713576197624
169.86,780,217651,169.86,278,2460,0.02,54387,0.001,0.25188276171684265
152.21,780,217886,152.21,279,2464,0.02,54446,0.001,0.003989949822425842
136.34,780,218299,136.34,279,2468,0.02,54549,0.001,0.0038024159148335457
119.84,780,218617,119.84,280,2472,0.02,54629,0.001,0.0052778893150389194
107.07,780,219030,107.07,280,2476,0.02,54732,0.001,0.012613710016012192
103.94,779,219450,103.94,281,2480,0.02,54837,0.001,0.004843113012611866
101.74,779,219864,101.74,281,2484,0.02,54940,0.001,0.48115721344947815
100.19,779,220278,100.19,282,2488,0.02,55044,0.001,0.24689145386219025
98.73,778,220591,98.73,283,2492,0.02,55122,0.001,0.23623552918434143
97.36,778,220901,97.36,283,2496,0.02,55200,0.001,0.2465929239988327
97.28,777,221307,97.28,284,2500,0.02,55301,0.001,0.2443261742591858
97.13,777,221708,97.13,285,2504,0.02,55401,0.001,0.713964581489563
97.0,777,222108,97.0,285,2508,0.02,55501,0.001,0.25598955154418945
96.79,777,222501,96.79,286,2512,0.02,55600,0.001,0.03737712651491165
96.76,777,222910,96.76,286,2516,0.02,55702,0.001,0.0020006452687084675
96.68,776,223305,96.68,287,2520,0.02,55801,0.001,0.003942067269235849
96.67,776,223716,96.67,288,2524,0.02,55903,0.001,0.035144075751304626
95.66,776,224024,95.66,288,2528,0.02,55980,0.001,0.25878190994262695
95.43,776,224420,95.43,289,2532,0.02,56079,0.001,0.0008543101139366627
95.36,775,224826,95.36,289,2536,0.02,56181,0.001,0.8490384817123413
95.28,775,225227,95.28,290,2540,0.02,56281,0.001,0.2491171956062317
94.41,775,225539,94.41,290,2544,0.02,56359,0.001,0.00317146023735404
93.5,775,225853,93.5,291,2548,0.02,56438,0.001,0.0054922099225223064
93.47,775,226259,93.47,291,2552,0.02,56539,0.001,0.520291805267334
93.36,774,226660,93.36,292,2556,0.02,56639,0.001,0.004900264088064432
94.11,774,227062,94.11,293,2560,0.02,56740,0.001,0.25766855478286743
94.78,774,227364,94.78,293,2564,0.02,56815,0.001,0.002883380278944969
94.52,774,227751,94.52,294,2568,0.02,56912,0.001,0.4851263165473938
95.23,774,228140,95.23,294,2572,0.02,57009,0.001,0.5021213293075562
94.98,774,228528,94.98,295,2576,0.02,57106,0.001,0.02666996605694294
94.83,774,228933,94.83,295,2580,0.02,57208,0.001,0.26368269324302673
93.83,773,229247,93.83,296,2584,0.02,57286,0.001,0.10290482640266418
92.91,773,229569,92.91,296,2588,0.02,57367,0.001,0.20475685596466064
93.76,773,229967,93.76,297,2592,0.02,57466,0.001,0.017241451889276505
94.6,773,230361,94.6,297,2596,0.02,57565,0.001,0.22609873116016388
94.43,773,230750,94.43,298,2600,0.02,57662,0.001,0.0023425351828336716
94.3,772,231138,94.3,299,2604,0.02,57759,0.001,0.004009285010397434
94.29,772,231537,94.29,299,2608,0.02,57859,0.001,0.006721275392919779
94.37,772,231938,94.37,300,2612,0.02,57959,0.001,0.0014506615698337555
94.19,772,232329,94.19,300,2616,0.02,58057,0.001,0.21577760577201843
94.15,772,232720,94.15,301,2620,0.02,58154,0.001,0.29306188225746155
94.1,772,233126,94.1,301,2624,0.02,58256,0.001,0.2399643212556839
95.07,772,233531,95.07,302,2628,0.02,58357,0.001,0.25144147872924805
95.18,771,233938,95.18,303,2632,0.02,58459,0.001,0.46879100799560547
95.16,771,234342,95.16,303,2636,0.02,58560,0.001,0.2352685183286667
95.1,771,234737,95.1,304,2640,0.02,58659,0.001,0.002954357536509633
95.97,771,235136,95.97,304,2644,0.02,58758,0.001,0.23495925962924957
96.86,771,235539,96.86,305,2648,0.02,58859,0.001,0.4631396234035492
96.89,770,235948,96.89,306,2652,0.02,58961,0.001,0.0016809996450319886
96.93,770,236353,96.93,306,2656,0.02,59063,0.001,0.051677923649549484
96.83,769,236745,96.83,307,2660,0.02,59161,0.001,0.192536860704422
97.89,769,237153,97.89,308,2664,0.02,59263,0.001,0.004922050517052412
98.15,768,237566,98.15,308,2668,0.02,59366,0.001,0.009862496517598629
98.48,768,237988,98.48,309,2672,0.02,59471,0.001,0.0026547973975539207
99.04,768,238432,99.04,310,2676,0.02,59582,0.001,0.28648391366004944
99.2,768,238853,99.2,310,2680,0.02,59688,0.001,0.0040604425594210625
100.2,768,239267,100.2,311,2684,0.02,59791,0.001,0.19839899241924286
101.22,768,239691,101.22,311,2688,0.02,59897,0.001,0.004329380579292774
101.48,768,240115,101.48,312,2692,0.02,60003,0.001,0.03832269087433815
101.67,768,240528,101.67,313,2696,0.02,60106,0.001,0.005249240901321173
102.05,767,240955,102.05,313,2700,0.02,60213,0.001,0.020026493817567825
102.52,767,241390,102.52,314,2704,0.02,60322,0.001,0.013361282646656036
102.61,767,241798,102.61,314,2708,0.02,60424,0.001,0.0068329498171806335
102.86,767,242224,102.86,315,2712,0.02,60530,0.001,0.011462455615401268
103.07,767,242636,103.07,316,2716,0.02,60633,0.001,0.0038037453778088093
103.3,767,243050,103.3,316,2720,0.02,60737,0.001,0.33740270137786865
103.57,767,243483,103.57,317,2724,0.02,60845,0.001,0.008363310247659683
103.87,767,243918,103.87,317,2728,0.02,60954,0.001,0.2283013015985489
104.11,767,244349,104.11,318,2732,0.02,61062,0.001,0.17680750787258148
104.38,767,244780,104.38,319,2736,0.02,61169,0.001,0.16079425811767578
104.83,766,245220,104.83,319,2740,0.02,61279,0.001,0.15775540471076965
105.26,766,245662,105.26,320,2744,0.02,61390,0.001,0.1417241245508194
105.67,766,246106,105.67,321,2748,0.02,61501,0.001,0.004176090471446514
106.26,766,246574,106.26,321,2752,0.02,61618,0.001,0.18640539050102234
106.6,766,247013,106.6,322,2756,0.02,61728,0.001,0.11655940115451813
107.07,766,247452,107.07,322,2760,0.02,61837,0.001,0.2981489300727844
107.59,766,247912,107.59,323,2764,0.02,61952,0.001,0.2732371687889099
107.96,765,248362,107.96,324,2768,0.02,62065,0.001,0.004926458932459354
108.02,765,248790,108.02,324,2772,0.02,62172,0.001,0.1243399903178215
107.9,765,249222,107.9,325,2776,0.02,62280,0.001,0.012705710716545582
108.18,765,249671,108.18,326,2780,0.02,62392,0.001,0.17377889156341553
108.22,765,250089,108.22,326,2784,0.02,62497,0.001,0.0028273439966142178
108.28,765,250519,108.28,327,2788,0.02,62604,0.001,0.0025878618471324444
108.24,765,250939,108.24,327,2792,0.02,62709,0.001,0.010377774015069008
108.45,765,251373,108.45,328,2796,0.02,62818,0.001,0.0029031215235590935
108.63,765,251818,108.63,329,2800,0.02,62929,0.001,0.003670729696750641
108.66,764,252256,108.66,329,2804,0.02,63038,0.001,0.13508538901805878
109.06,764,252704,109.06,330,2808,0.02,63150,0.001,0.09941911697387695
109.34,764,253158,109.34,331,2812,0.02,63264,0.001,0.022189807146787643
109.7,764,253606,109.7,331,2816,0.02,63376,0.001,0.0028089252300560474
110.3,764,254080,110.3,332,2820,0.02,63494,0.001,0.23461177945137024
110.57,764,254540,110.57,333,2824,0.02,63609,0.001,0.12934860587120056
111.19,764,255037,111.19,333,2828,0.02,63734,0.001,0.004205280914902687
111.16,764,255465,111.16,334,2832,0.02,63841,0.001,0.002437617862597108
111.44,763,255924,111.44,334,2836,0.02,63955,0.001,0.11395389586687088
111.49,763,256369,111.49,335,2840,0.02,64067,0.001,0.013587232679128647
111.54,763,256816,111.54,336,2844,0.02,64178,0.001,0.009623498655855656
110.68,763,257174,110.68,336,2848,0.02,64268,0.001,0.29172277450561523
110.56,763,257630,110.56,337,2852,0.02,64382,0.001,0.14540424942970276
110.66,763,258079,110.66,338,2856,0.02,64494,0.001,0.13207755982875824
110.82,763,258534,110.82,338,2860,0.02,64608,0.001,0.09815802425146103
110.74,762,258986,110.74,339,2864,0.02,64721,0.001,0.15832695364952087
110.82,762,259444,110.82,340,2868,0.02,64835,0.001,0.005839649587869644
111.32,762,259922,111.32,340,2872,0.02,64955,0.001,0.11164528131484985
110.38,762,260260,110.38,341,2876,0.02,65039,0.001,0.009911194443702698
110.04,762,260675,110.04,341,2880,0.02,65143,0.001,0.10238483548164368
109.95,762,261084,109.95,342,2884,0.02,65245,0.001,0.1202957034111023
109.79,761,261498,109.79,343,2888,0.02,65349,0.001,0.19378603994846344
109.86,761,261925,109.86,343,2892,0.02,65456,0.001,0.0022903834469616413
109.92,761,262365,109.92,344,2896,0.02,65566,0.001,0.10555192828178406
109.58,761,262776,109.58,345,2900,0.02,65668,0.001,0.002996478695422411
109.3,761,263186,109.3,345,2904,0.02,65771,0.001,0.08208729326725006
108.86,761,263590,108.86,346,2908,0.02,65872,0.001,0.023486407473683357
108.5,761,264008,108.5,346,2912,0.02,65976,0.001,0.1306999772787094
108.34,761,264440,108.34,347,2916,0.02,66084,0.001,0.1815234273672104
107.78,761,264858,107.78,347,2920,0.02,66189,0.001,0.3152956962585449
107.22,761,265262,107.22,348,2924,0.02,66290,0.001,0.0024845190346240997
106.4,761,265677,106.4,349,2928,0.02,66394,0.001,0.05734610557556152
106.49,760,266114,106.49,349,2932,0.02,66503,0.001,0.010005020536482334
106.19,760,266543,106.19,350,2936,0.02,66610,0.001,0.17595191299915314
106.17,760,266986,106.17,351,2940,0.02,66721,0.001,0.21092617511749268
105.96,759,267412,105.96,351,2944,0.02,66827,0.001,0.002798559609800577
106.65,759,267839,106.65,352,2948,0.02,66934,0.001,0.5755034685134888
106.41,759,268271,106.41,353,2952,0.02,67042,0.001,0.002808577846735716
106.01,759,268680,106.01,353,2956,0.02,67144,0.001,0.14705738425254822
105.65,759,269099,105.65,354,2960,0.02,67249,0.001,0.01535781379789114
105.47,758,269533,105.47,355,2964,0.02,67358,0.001,0.014021473005414009
105.06,758,269950,105.06,355,2968,0.02,67462,0.001,0.029301883652806282
104.51,758,270373,104.51,356,2972,0.02,67568,0.001,0.015543482266366482
105.51,758,270811,105.51,357,2976,0.02,67677,0.001,0.008141908794641495
105.84,758,271259,105.84,357,2980,0.02,67789,0.001,0.05391149967908859
106.48,758,271732,106.48,358,2984,0.02,67907,0.001,0.006048888899385929
107.14,758,272212,107.14,358,2988,0.02,68027,0.001,0.04609191045165062
108.39,758,272764,108.39,359,2992,0.02,68165,0.001,0.023138241842389107
110.14,757,273379,110.14,361,2996,0.02,68319,0.001,0.07173988968133926
113.37,756,274113,113.37,362,3000,0.02,68503,0.001,0.0020971293561160564
117.66,755,274952,117.66,363,3004,0.02,68712,0.001,0.006805256009101868
121.98,754,275788,121.98,365,3008,0.02,68921,0.001,0.008883493021130562
124.18,754,276426,124.18,366,3012,0.02,69081,0.001,0.6673694252967834
125.41,754,276981,125.41,367,3016,0.02,69220,0.001,0.23137126863002777
127.13,753,277571,127.13,368,3020,0.02,69367,0.001,0.24092617630958557
128.75,753,278137,128.75,369,3024,0.02,69509,0.001,0.22592391073703766
129.62,753,278639,129.62,369,3028,0.02,69634,0.001,0.0062297433614730835
130.28,753,279142,130.28,370,3032,0.02,69760,0.001,0.23914311826229095
131.18,753,279661,131.18,371,3036,0.02,69890,0.001,0.2361845076084137
131.71,753,280157,131.71,371,3040,0.02,70014,0.001,0.0020480509847402573
132.43,753,280655,132.43,372,3044,0.02,70138,0.001,0.006426277570426464
133.19,752,281158,133.19,373,3048,0.02,70264,0.001,0.0062012565322220325
133.8,752,281651,133.8,374,3052,0.02,70387,0.001,0.002245549112558365
135.13,751,282193,135.13,375,3056,0.02,70523,0.001,0.0006368052563630044
138.19,751,282918,138.19,376,3060,0.02,70704,0.001,0.0006773733766749501
142.97,751,283830,142.97,377,3064,0.02,70932,0.001,0.05336357653141022
146.65,751,284615,146.65,378,3068,0.02,71128,0.001,0.015113752335309982
149.23,750,285296,149.23,380,3072,0.02,71298,0.001,0.041165657341480255
151.93,750,286004,151.93,381,3076,0.02,71475,0.001,0.018502764403820038
154.29,749,286688,154.29,382,3080,0.02,71646,0.001,0.10916196554899216
156.31,749,287363,156.31,383,3084,0.02,71815,0.001,0.0025299950502812862
157.46,748,287958,157.46,384,3088,0.02,71964,0.001,0.003228097688406706
159.24,748,288688,159.24,385,3092,0.02,72146,0.001,0.012738913297653198
159.69,747,289348,159.69,387,3096,0.02,72311,0.001,0.0012678615748882294
159.85,747,290098,159.85,388,3100,0.02,72499,0.001,0.10407795757055283
159.36,747,290888,159.36,389,3104,0.02,72696,0.001,0.0018035820685327053
156.77,747,291465,156.77,390,3108,0.02,72841,0.001,0.25555023550987244
157.13,746,292139,157.13,391,3112,0.02,73009,0.001,0.24385572969913483
157.74,746,292755,157.74,391,3116,0.02,73163,0.001,0.4768275022506714
158.12,746,293383,158.12,392,3120,0.02,73320,0.001,0.007857044227421284
158.47,746,293984,158.47,393,3124,0.02,73470,0.001,0.0037870234809815884
159.7,746,294609,159.7,394,3128,0.02,73627,0.001,0.25932469964027405
160.76,746,295218,160.76,395,3132,0.02,73779,0.001,0.0013504920061677694
160.99,746,295760,160.99,396,3136,0.02,73914,0.001,0.006220237817615271
161.67,746,296324,161.67,397,3140,0.02,74055,0.001,0.0016501534264534712
162.98,746,296953,162.98,397,3144,0.02,74213,0.001,0.22649742662906647
163.62,746,297520,163.62,398,3148,0.02,74354,0.001,0.002359334146603942
164.33,745,298084,164.33,399,3152,0.02,74495,0.001,0.002196340123191476
164.75,745,298668,164.75,400,3156,0.02,74641,0.001,0.25078490376472473
163.89,745,299307,163.89,401,3160,0.02,74801,0.001,0.013698898255825043
161.46,745,299976,161.46,402,3164,0.02,74968,0.001,0.0011738102184608579
