rollout/exploration_rate,time/fps,rollout/ep_len_mean,train/n_updates,train/loss,time/time_elapsed,time/episodes,time/total_timesteps,train/learning_rate,rollout/ep_rew_mean
0.9966750000000004,336,26.25,1,0.5253118276596069,0,4,105,0.0001,26.25
0.9930649999999999,543,27.375,29,0.5001851916313171,0,8,219,0.0001,27.375
0.9910066666666668,634,23.666666666666668,45,0.472356915473938,0,12,284,0.0001,23.666666666666668
0.9862250000000005,790,27.1875,83,0.4113209843635559,0,16,435,0.0001,27.1875
0.983786666666667,848,25.6,102,0.3963300287723541,0,20,512,0.0001,25.6
0.9814749999999999,893,24.375,121,0.3547283411026001,0,24,585,0.0001,24.375
0.9781500000000003,948,24.642857142857142,147,0.3074303865432739,0,28,690,0.0001,24.642857142857142
0.9758383333333333,981,23.84375,165,0.24106746912002563,0,32,763,0.0001,23.84375
0.9733366666666671,1010,23.38888888888889,185,0.2470238208770752,0,36,842,0.0001,23.38888888888889
0.9714683333333332,1028,22.525,200,0.202828049659729,0,40,901,0.0001,22.525
0.9685233333333338,1058,22.59090909090909,223,0.16837838292121887,0,44,994,0.0001,22.59090909090909
0.9646916666666663,1090,23.229166666666668,253,0.1287946105003357,1,48,1115,0.0001,23.229166666666668
0.9624116666666662,1106,22.826923076923077,271,0.1067085862159729,1,52,1187,0.0001,22.826923076923077
0.9585483333333329,1131,23.375,302,0.07029835879802704,1,56,1309,0.0001,23.375
0.9551916666666663,1151,23.583333333333332,328,0.046334635466337204,1,60,1415,0.0001,23.583333333333332
0.9526900000000001,1162,23.34375,348,0.04841909185051918,1,64,1494,0.0001,23.34375
0.9502833333333336,1172,23.08823529411765,367,0.04304655268788338,1,68,1570,0.0001,23.08823529411765
0.9484783333333333,1179,22.59722222222222,381,0.04113833233714104,1,72,1627,0.0001,22.59722222222222
0.9460716666666666,1188,22.407894736842106,400,0.020828962326049805,1,76,1703,0.0001,22.407894736842106
0.9431583333333333,1198,22.4375,423,0.026606228202581406,1,80,1795,0.0001,22.4375
0.9402766666666666,1207,22.452380952380953,446,0.02887113392353058,1,84,1886,0.0001,22.452380952380953
0.9373950000000002,1216,22.46590909090909,469,0.013547331094741821,1,88,1977,0.0001,22.46590909090909
0.9348933333333329,1224,22.347826086956523,488,0.01414420735090971,1,92,2056,0.0001,22.347826086956523
0.9323599999999999,1229,22.25,508,0.011141469702124596,1,96,2136,0.0001,22.25
0.9293833333333338,1235,22.3,532,0.011105678975582123,1,100,2230,0.0001,22.3
0.9262166666666664,1243,22.25,557,0.014585494995117188,1,104,2330,0.0001,22.25
0.9243166666666666,1247,21.71,572,0.006424921564757824,1,108,2390,0.0001,21.71
0.9203266666666667,1255,22.32,603,0.005564381368458271,2,112,2516,0.0001,22.32
0.9175716666666667,1259,21.68,625,0.007836997509002686,2,116,2603,0.0001,21.68
0.9133916666666667,1266,22.23,658,0.008028206415474415,2,120,2735,0.0001,22.23
0.9110799999999997,1270,22.23,676,0.0034799487330019474,2,124,2808,0.0001,22.23
0.9088316666666664,1272,21.89,694,0.009628348983824253,2,128,2879,0.0001,21.89
0.9060133333333336,1274,22.05,716,0.003713213372975588,2,132,2968,0.0001,22.05
0.9036699999999996,1277,22.0,735,0.0034345192834734917,2,136,3042,0.0001,22.0
0.9016433333333334,1279,22.05,751,0.0021684919483959675,2,140,3106,0.0001,22.05
0.8983816666666665,1282,22.15,777,0.002649071626365185,2,144,3209,0.0001,22.15
0.8962283333333338,1283,21.62,794,0.001605265075340867,2,148,3277,0.0001,21.62
0.8935049999999995,1287,21.76,815,0.0032710786908864975,2,152,3363,0.0001,21.76
0.8910983333333329,1289,21.3,834,0.002019047737121582,2,156,3439,0.0001,21.3
0.8891983333333331,1290,20.84,849,0.0013636962976306677,2,160,3499,0.0001,20.84
0.8860316666666668,1291,21.05,874,0.0010224462021142244,2,164,3599,0.0001,21.05
0.8844166666666667,1292,20.8,887,0.00039495917735621333,2,168,3650,0.0001,20.8
0.8822000000000003,1294,20.93,904,0.0008499240502715111,2,172,3720,0.0001,20.93
0.87973,1294,20.95,924,0.0003923764743376523,2,176,3798,0.0001,20.95
0.8759300000000004,1298,21.23,954,0.0030405481811612844,3,180,3918,0.0001,21.23
0.8730483333333339,1299,21.23,977,0.00042327705887146294,3,184,4009,0.0001,21.23
0.8706733333333331,1301,21.07,995,0.000512324390001595,3,188,4084,0.0001,21.07
0.8685200000000004,1301,20.96,1012,0.00030737067572772503,3,192,4152,0.0001,20.96
0.8648150000000003,1302,21.33,1042,0.0004760237643495202,3,196,4269,0.0001,21.33
0.8618383333333332,1304,21.33,1065,0.0005672397674061358,3,200,4363,0.0001,21.33
0.8599066666666665,1305,20.94,1080,0.00021991311223246157,3,204,4424,0.0001,20.94
0.8577849999999997,1306,21.01,1097,0.00044353786506690085,3,208,4491,0.0001,21.01
0.8557583333333334,1306,20.39,1113,0.0005119405686855316,3,212,4555,0.0001,20.39
0.8525600000000002,1307,20.53,1138,0.00032957608345896006,3,216,4656,0.0001,20.53
0.8486333333333331,1309,20.45,1169,0.000328809954226017,3,220,4780,0.0001,20.45
0.8464483333333336,1309,20.41,1187,0.00011857081699417904,3,224,4849,0.0001,20.41
0.8434716666666664,1310,20.64,1210,0.00050118297804147,3,228,4943,0.0001,20.64
0.8406216666666667,1311,20.65,1233,0.00018870874191634357,3,232,5033,0.0001,20.65
0.8378983333333334,1311,20.77,1254,0.0006499307346530259,3,236,5119,0.0001,20.77
0.8352383333333329,1313,20.97,1275,0.00032744056079536676,3,240,5203,0.0001,20.97
0.8326416666666672,1313,20.76,1296,0.00010547401325311512,4,244,5285,0.0001,20.76
0.8296016666666662,1313,21.04,1320,0.00014960338012315333,4,248,5381,0.0001,21.04
0.8273216666666672,1313,20.9,1338,0.00018287813873030245,4,252,5453,0.0001,20.9
0.8248199999999999,1314,20.93,1357,0.0002524414157960564,4,256,5532,0.0001,20.93
0.82273,1315,20.99,1374,0.00048704876098781824,4,260,5598,0.0001,20.99
0.8213050000000001,1314,20.44,1385,0.0002053135249298066,4,264,5643,0.0001,20.44
0.8179800000000004,1314,20.98,1411,0.0002903577988035977,4,268,5748,0.0001,20.98
0.8155733333333338,1315,21.04,1430,0.0003648858400993049,4,272,5824,0.0001,21.04
0.8137683333333336,1314,20.83,1445,0.00019793456885963678,4,276,5881,0.0001,20.83
0.8111083333333331,1313,20.47,1466,0.00023397276527248323,4,280,5965,0.0001,20.47
0.8090816666666668,1313,20.2,1482,0.00017914632917381823,4,284,6029,0.0001,20.2
0.8069599999999999,1314,20.12,1498,0.00012576805602293462,4,288,6096,0.0001,20.12
0.8040783333333335,1313,20.35,1521,8.468952728435397e-05,4,292,6187,0.0001,20.35
0.8014816666666666,1313,20.0,1542,7.421051850542426e-05,4,296,6269,0.0001,20.0
0.798631666666667,1313,19.96,1564,0.00013374676927924156,4,300,6359,0.0001,19.96
0.7961933333333334,1313,20.12,1583,0.000149769417475909,4,304,6436,0.0001,20.12
0.793976666666667,1312,20.15,1601,0.0007205531001091003,4,308,6506,0.0001,20.15
0.7913800000000002,1312,20.33,1621,0.00021565066708717495,5,312,6588,0.0001,20.33
0.788878333333333,1312,20.11,1641,0.00029064546106383204,5,316,6667,0.0001,20.11
0.786566666666667,1312,19.6,1659,0.00024503644090145826,5,320,6740,0.0001,19.6
0.7845399999999997,1311,19.55,1675,0.00036577702849172056,5,324,6804,0.0001,19.55
0.782608333333333,1311,19.22,1691,0.00020792396389879286,5,328,6865,0.0001,19.22
0.7794416666666667,1311,19.32,1716,0.00043105229269713163,5,332,6965,0.0001,19.32
0.7755783333333334,1312,19.68,1746,0.00021029385970905423,5,336,7087,0.0001,19.68
0.7732033333333337,1312,19.59,1765,0.00013028694957029074,5,340,7162,0.0001,19.59
0.7703849999999998,1312,19.66,1787,0.0002385770931141451,5,344,7251,0.0001,19.66
0.7687383333333329,1312,19.22,1800,0.00014531105989590287,5,348,7303,0.0001,19.22
0.7667116666666667,1311,19.14,1816,0.00012741753016598523,5,352,7367,0.0001,19.14
0.7650649999999997,1311,18.87,1829,0.00013279425911605358,5,356,7419,0.0001,18.87
0.7633550000000001,1311,18.75,1843,0.0001411855628248304,5,360,7473,0.0001,18.75
0.7605683333333332,1311,19.18,1865,0.000326430395944044,5,364,7561,0.0001,19.18
0.7588900000000004,1310,18.66,1878,0.00035976507933810353,5,368,7614,0.0001,18.66
0.7563566666666663,1310,18.7,1898,0.0005306538078002632,5,372,7694,0.0001,18.7
0.7542033333333336,1310,18.81,1915,0.00020829495042562485,5,376,7762,0.0001,18.81
0.7523349999999996,1310,18.56,1930,9.66416992014274e-05,5,380,7821,0.0001,18.56
0.7498333333333336,1310,18.71,1949,5.944138683844358e-05,6,384,7900,0.0001,18.71
0.7482183333333334,1309,18.55,1962,0.0002449675230309367,6,388,7951,0.0001,18.55
0.7462549999999999,1309,18.26,1978,0.0004278335836715996,6,392,8013,0.0001,18.26
0.7444499999999996,1308,18.01,1992,6.156340532470495e-05,6,396,8070,0.0001,18.01
0.7425183333333331,1308,17.72,2007,1.5115114365471527e-05,6,400,8131,0.0001,17.72
0.7404599999999999,1308,17.6,2023,0.00024177541490644217,6,404,8196,0.0001,17.6
0.737895,1308,17.71,2044,0.00013926530664321035,6,408,8277,0.0001,17.71
0.7357100000000005,1308,17.58,2061,0.000185853656148538,6,412,8346,0.0001,17.58
0.7337783333333338,1307,17.4,2076,0.00038824384682811797,6,416,8407,0.0001,17.4
0.731625,1307,17.35,2093,0.0003844149468932301,6,420,8475,0.0001,17.35
0.7298516666666667,1307,17.27,2107,0.00013471234706230462,6,424,8531,0.0001,17.27
0.7279200000000001,1306,17.27,2122,0.00011983431613771245,6,428,8592,0.0001,17.27
0.7260200000000002,1306,16.87,2137,0.0002888304879888892,6,432,8652,0.0001,16.87
0.7242466666666669,1305,16.21,2151,0.00021681890939362347,6,436,8708,0.0001,16.21
0.7221566666666669,1305,16.12,2168,0.0002744146913755685,6,440,8774,0.0001,16.12
0.7206683333333334,1304,15.7,2180,0.0007532410672865808,6,444,8821,0.0001,15.7
0.71937,1304,15.59,2190,7.790361996740103e-05,6,448,8862,0.0001,15.59
0.7172166666666662,1304,15.63,2207,0.0003732785116881132,6,452,8930,0.0001,15.63
0.7150316666666667,1304,15.8,2224,0.00023414078168570995,6,456,8999,0.0001,15.8
0.7134483333333335,1303,15.76,2237,0.00026013213209807873,6,460,9049,0.0001,15.76
0.7116750000000002,1303,15.44,2251,0.00020420807413756847,6,464,9105,0.0001,15.44
0.7098066666666663,1303,15.5,2265,0.00011857655772473663,7,468,9164,0.0001,15.5
0.7083500000000005,1302,15.16,2277,5.22971895406954e-05,7,472,9210,0.0001,15.16
0.7068616666666669,1301,14.95,2289,0.00018332089530304074,7,476,9257,0.0001,14.95
0.7034416666666666,1301,15.44,2316,0.0002891694020945579,7,480,9365,0.0001,15.44
0.7012566666666671,1300,15.34,2333,0.00023223436437547207,7,484,9434,0.0001,15.34
0.6995783333333334,1300,15.36,2346,0.00021613421267829835,7,488,9487,0.0001,15.36
0.697805,1300,15.3,2360,0.00036579061998054385,7,492,9543,0.0001,15.3
0.69619,1300,15.24,2373,0.00041672145016491413,7,496,9594,0.0001,15.24
0.6933716666666672,1299,15.52,2395,0.00016158663493115455,7,500,9683,0.0001,15.52
0.6914400000000005,1299,15.48,2410,0.00035887130070477724,7,504,9744,0.0001,15.48
0.6898883333333332,1298,15.16,2423,0.00019705947488546371,7,508,9793,0.0001,15.16
0.6881783333333336,1298,15.01,2436,0.00020740198669955134,7,512,9847,0.0001,15.01
0.68574,1298,15.17,2455,9.163986396742985e-05,7,516,9924,0.0001,15.17
0.6835550000000006,1297,15.18,2473,0.00039400788955390453,7,520,9993,0.0001,15.18
0.6819716666666663,1296,15.12,2485,0.29736262559890747,7,524,10043,0.0001,15.12
0.6798183333333336,1296,15.19,2502,0.0903211310505867,7,528,10111,0.0001,15.19
0.677665,1296,15.27,2519,0.07558320462703705,7,532,10179,0.0001,15.27
0.6757650000000001,1295,15.31,2534,0.05303795263171196,7,536,10239,0.0001,15.31
0.6741183333333332,1295,15.17,2547,0.057426080107688904,7,540,10291,0.0001,15.17
0.6714583333333337,1294,15.54,2568,0.04563726484775543,8,544,10375,0.0001,15.54
0.669273333333333,1293,15.82,2585,0.022650450468063354,8,548,10444,0.0001,15.82
0.6642066666666671,1291,16.74,2625,0.04234772175550461,8,552,10604,0.0001,16.74
0.6622750000000004,1291,16.66,2641,0.030811110511422157,8,556,10665,0.0001,16.66
0.6599633333333332,1290,16.89,2659,0.011606207117438316,8,560,10738,0.0001,16.89
0.6580633333333334,1289,16.93,2674,0.0140842255204916,8,564,10798,0.0001,16.93
0.6562266666666664,1289,16.92,2688,0.003060251474380493,8,568,10856,0.0001,16.92
0.6540416666666669,1288,17.15,2706,0.02221762202680111,8,572,10925,0.0001,17.15
0.6522049999999997,1288,17.26,2720,0.04186759516596794,8,576,10983,0.0001,17.26
0.650273333333333,1287,16.79,2735,0.025062423199415207,8,580,11044,0.0001,16.79
0.6485316666666666,1287,16.65,2749,0.01662582717835903,8,584,11099,0.0001,16.65
0.6471383333333336,1286,16.56,2760,0.003648023586720228,8,588,11143,0.0001,16.56
0.6457133333333338,1285,16.45,2771,0.04377096891403198,8,592,11188,0.0001,16.45
0.6426733333333339,1285,16.9,2795,0.006396339274942875,8,596,11284,0.0001,16.9
0.6407733333333331,1284,16.61,2810,0.02553844079375267,8,600,11344,0.0001,16.61
0.6387783333333337,1284,16.63,2826,0.0141011793166399,8,604,11407,0.0001,16.63
0.6369416666666665,1283,16.72,2841,0.013225099071860313,8,608,11465,0.0001,16.72
0.6352000000000001,1282,16.73,2854,0.013290227390825748,8,612,11520,0.0001,16.73
0.6334899999999994,1282,16.5,2868,0.009409083053469658,9,616,11574,0.0001,16.5
0.631051666666667,1280,16.58,2887,0.023953499272465706,9,620,11651,0.0001,16.58
0.6297216666666667,1279,16.5,2898,0.013872353360056877,9,624,11693,0.0001,16.5
0.6275999999999999,1279,16.49,2914,0.02136106975376606,9,628,11760,0.0001,16.49
0.6250983333333338,1279,16.6,2934,0.0027388024609535933,9,632,11839,0.0001,16.6
0.623388333333333,1278,16.54,2948,0.004703594371676445,9,636,11893,0.0001,16.54
0.6216466666666667,1278,16.57,2961,0.021312471479177475,9,640,11948,0.0001,16.57
0.6197466666666669,1277,16.33,2976,0.02876024693250656,9,644,12008,0.0001,16.33
0.6179099999999997,1277,16.22,2991,0.02848079986870289,9,648,12066,0.0001,16.22
0.6157250000000002,1276,15.31,3008,0.04603737220168114,9,652,12135,0.0001,15.31
0.613888333333333,1275,15.28,3023,0.00815453939139843,9,656,12193,0.0001,15.28
0.6124000000000005,1275,15.02,3034,0.031282950192689896,9,660,12240,0.0001,15.02
0.6104683333333338,1274,15.03,3050,0.040051400661468506,9,664,12301,0.0001,15.03
0.6086633333333337,1273,15.02,3064,0.00894277822226286,9,668,12358,0.0001,15.02
0.6063833333333335,1273,15.05,3082,0.019913403317332268,9,672,12430,0.0001,15.05
0.6036600000000002,1272,15.33,3103,0.019032619893550873,9,676,12516,0.0001,15.33
0.6012850000000005,1271,15.47,3122,0.014798144809901714,9,680,12591,0.0001,15.47
0.5985933333333331,1271,15.77,3143,0.002699262462556362,9,684,12676,0.0001,15.77
0.5965983333333338,1270,15.96,3159,0.04186239838600159,10,688,12739,0.0001,15.96
0.5951416666666669,1269,15.97,3171,0.037581827491521835,10,692,12785,0.0001,15.97
0.5928933333333337,1269,15.72,3188,0.0187036395072937,10,696,12856,0.0001,15.72
0.5914683333333339,1268,15.57,3200,0.009384684264659882,10,700,12901,0.0001,15.57
0.589346666666667,1268,15.61,3216,0.023412032052874565,10,704,12968,0.0001,15.61
0.5874466666666662,1267,15.63,3231,0.01459168829023838,10,708,13028,0.0001,15.63
0.5856100000000002,1266,15.66,3246,0.014996197074651718,10,712,13086,0.0001,15.66
0.5836149999999998,1265,15.75,3262,0.008752627298235893,10,716,13149,0.0001,15.75
0.5810183333333329,1265,15.8,3282,0.002160070464015007,10,720,13231,0.0001,15.8
0.5780416666666668,1263,16.32,3306,0.003361215116456151,10,724,13325,0.0001,16.32
0.5763316666666671,1263,16.19,3319,0.04107820242643356,10,728,13379,0.0001,16.19
0.5739883333333333,1263,16.14,3338,0.003790386486798525,10,732,13453,0.0001,16.14
0.5722466666666668,1262,16.15,3351,0.001829813001677394,10,736,13508,0.0001,16.15
0.5702516666666664,1262,16.23,3367,0.02358108200132847,10,740,13571,0.0001,16.23
0.568003333333333,1262,16.34,3385,0.03535250574350357,10,744,13642,0.0001,16.34
0.5661033333333333,1261,16.36,3400,0.018801270052790642,10,748,13702,0.0001,16.36
0.5643933333333336,1260,16.21,3413,0.027165614068508148,10,752,13756,0.0001,16.21
0.5623033333333337,1260,16.29,3430,0.02535734884440899,10,756,13822,0.0001,16.29
0.5606249999999999,1260,16.35,3443,0.0021652306895703077,11,760,13875,0.0001,16.35
0.558978333333333,1259,16.26,3456,0.03439166396856308,11,764,13927,0.0001,16.26
0.556888333333333,1259,16.35,3473,0.001173278084024787,11,768,13993,0.0001,16.35
0.5550833333333338,1258,16.2,3487,0.01586204022169113,11,772,14050,0.0001,16.2
0.5534050000000001,1258,15.87,3500,0.004488074686378241,11,776,14103,0.0001,15.87
0.5515366666666672,1257,15.71,3515,0.019466549158096313,11,780,14162,0.0001,15.71
0.5498900000000002,1257,15.38,3528,0.005268187262117863,11,784,14214,0.0001,15.38
0.5479900000000004,1256,15.35,3543,0.01216933410614729,11,788,14274,0.0001,15.35
0.5459000000000005,1256,15.55,3559,0.029215579852461815,11,792,14340,0.0001,15.55
0.5435883333333335,1255,15.57,3578,0.030886003747582436,11,796,14413,0.0001,15.57
0.5416566666666668,1255,15.73,3593,0.029468607157468796,11,800,14474,0.0001,15.73
0.5399466666666671,1254,15.6,3606,0.014164314605295658,11,804,14528,0.0001,15.6
0.538363333333333,1254,15.5,3619,0.03663398697972298,11,808,14578,0.0001,15.5
0.5367483333333329,1253,15.43,3632,0.02153344824910164,11,812,14629,0.0001,15.43
0.53488,1253,15.39,3646,0.00138416129630059,11,816,14688,0.0001,15.39
0.532821666666667,1252,15.22,3663,0.015117159113287926,11,820,14753,0.0001,15.22
0.5301616666666664,1252,15.12,3684,0.00240339245647192,11,824,14837,0.0001,15.12
0.5283566666666673,1251,15.15,3698,0.023723553866147995,11,828,14894,0.0001,15.15
0.5266466666666665,1251,14.95,3711,0.023330816999077797,11,832,14948,0.0001,14.95
0.5244933333333339,1250,15.08,3728,0.0020578852854669094,12,836,15016,0.0001,15.08
0.5224666666666666,1250,15.09,3744,0.03409595042467117,12,840,15080,0.0001,15.09
0.5203133333333338,1249,15.06,3761,0.03620411083102226,12,844,15148,0.0001,15.06
0.5184766666666667,1248,15.04,3776,0.015411070547997952,12,848,15206,0.0001,15.04
0.516798333333333,1247,15.03,3789,0.025550080463290215,12,852,15259,0.0001,15.03
0.5148983333333332,1247,14.97,3804,0.017942868173122406,12,856,15319,0.0001,14.97
0.5134099999999997,1246,14.91,3816,0.011715633794665337,12,860,15366,0.0001,14.91
0.5118266666666664,1246,14.89,3828,0.009329112246632576,12,864,15416,0.0001,14.89
0.5098633333333329,1245,14.85,3844,0.0206542257219553,12,868,15478,0.0001,14.85
0.5078366666666667,1245,14.92,3860,0.02293161116540432,12,872,15542,0.0001,14.92
0.5060633333333333,1244,14.95,3874,0.028073826804757118,12,876,15598,0.0001,14.95
0.5042583333333331,1244,14.93,3888,0.008231197483837605,12,880,15655,0.0001,14.93
0.502453333333333,1244,14.98,3902,0.010173107497394085,12,884,15712,0.0001,14.98
0.5009650000000003,1243,14.85,3914,0.02874555066227913,12,888,15759,0.0001,14.85
0.4983683333333335,1243,15.01,3935,0.015573679469525814,12,892,15841,0.0001,15.01
0.49668999999999985,1243,14.81,3948,0.006519933696836233,12,896,15894,0.0001,14.81
0.49526499999999996,1242,14.65,3959,0.002079190220683813,12,900,15939,0.0001,14.65
0.4935866666666672,1242,14.64,3972,0.014286539517343044,12,904,15992,0.0001,14.64
0.4918766666666665,1241,14.68,3986,0.016001731157302856,12,908,16046,0.0001,14.68
0.48972333333333395,1241,14.85,4003,0.02246566116809845,12,912,16114,0.0001,14.85
0.48829833333333295,1240,14.71,4014,0.048547253012657166,13,916,16159,0.0001,14.71
0.4868416666666663,1240,14.52,4026,0.02066643163561821,13,920,16205,0.0001,14.52
0.485511666666667,1239,14.1,4036,0.01800648681819439,13,924,16247,0.0001,14.1
0.4837699999999995,1239,14.08,4050,0.026696262881159782,13,928,16302,0.0001,14.08
0.4824400000000003,1239,13.96,4060,0.031299687922000885,13,932,16344,0.0001,13.96
0.4810150000000004,1238,13.73,4072,0.021875742822885513,13,936,16389,0.0001,13.73
0.47965333333333326,1238,13.52,4082,0.01173805445432663,13,940,16432,0.0001,13.52
0.4782283333333335,1237,13.29,4094,0.013363750651478767,13,944,16477,0.0001,13.29
0.4766766666666672,1237,13.2,4106,0.01727234572172165,13,948,16526,0.0001,13.2
0.4751249999999998,1236,13.16,4118,0.04187105596065521,13,952,16575,0.0001,13.16
0.473003333333333,1236,13.23,4135,0.021715976297855377,13,956,16642,0.0001,13.23
0.47107166666666633,1235,13.37,4150,0.010516253300011158,13,960,16703,0.0001,13.37
0.46901333333333317,1235,13.52,4166,0.013316894881427288,13,964,16768,0.0001,13.52
0.46704999999999963,1234,13.52,4182,0.021618589758872986,13,968,16830,0.0001,13.52
0.46549833333333346,1234,13.37,4194,0.042251043021678925,13,972,16879,0.0001,13.37
0.46363000000000043,1233,13.4,4209,0.002283264882862568,13,976,16938,0.0001,13.4
0.4619199999999998,1233,13.37,4222,0.03396542742848396,13,980,16992,0.0001,13.37
0.460495,1232,13.25,4234,0.009331561625003815,13,984,17037,0.0001,13.25
0.4587216666666666,1232,13.34,4248,0.011665383353829384,13,988,17093,0.0001,13.34
0.4571700000000003,1231,13.01,4260,0.018882138654589653,13,992,17142,0.0001,13.01
0.45571333333333364,1231,12.94,4271,0.01724505051970482,13,996,17188,0.0001,12.94
0.45276833333333333,1231,13.42,4295,0.03544405847787857,14,1000,17281,0.0001,13.42
0.45099500000000003,1230,13.45,4309,0.009192278608679771,14,1004,17337,0.0001,13.45
0.4493483333333331,1229,13.43,4322,0.02163008227944374,14,1008,17389,0.0001,13.43
0.4476066666666666,1229,13.3,4335,0.0413954071700573,14,1012,17444,0.0001,13.3
0.44564333333333306,1229,13.47,4351,0.010945001617074013,14,1016,17506,0.0001,13.47
0.4439650000000003,1228,13.54,4364,0.013498863205313683,14,1020,17559,0.0001,13.54
0.4423816666666671,1228,13.62,4377,0.018616486340761185,14,1024,17609,0.0001,13.62
0.4408616666666667,1227,13.55,4389,0.019124792888760567,14,1028,17657,0.0001,13.55
0.4393100000000004,1227,13.62,4401,0.03215688467025757,14,1032,17706,0.0001,13.62
0.43772666666666626,1227,13.67,4413,0.018623609095811844,14,1036,17756,0.0001,13.67
0.43620666666666685,1226,13.72,4425,0.014421631582081318,14,1040,17804,0.0001,13.72
0.4344650000000003,1226,13.82,4439,0.01941933110356331,14,1044,17859,0.0001,13.82
0.43256500000000053,1225,13.93,4454,0.004827641882002354,14,1048,17919,0.0001,13.93
0.43088666666666675,1224,13.97,4467,0.003959566354751587,14,1052,17972,0.0001,13.97
0.42936666666666623,1224,13.78,4479,0.022866517305374146,14,1056,18020,0.0001,13.78
0.4277516666666663,1223,13.68,4492,0.011275429278612137,14,1060,18071,0.0001,13.68
0.42566166666666627,1223,13.69,4509,0.016841303557157516,14,1064,18137,0.0001,13.69
0.42382500000000023,1222,13.65,4523,0.04078022018074989,14,1068,18195,0.0001,13.65
0.4217350000000003,1222,13.82,4540,0.017499200999736786,14,1072,18261,0.0001,13.82
0.4201833333333329,1221,13.72,4552,0.009026660583913326,14,1076,18310,0.0001,13.72
0.41872666666666614,1221,13.64,4563,0.04735444486141205,15,1080,18356,0.0001,13.64
0.41695333333333384,1220,13.75,4577,0.01509859412908554,15,1084,18412,0.0001,13.75
0.41565500000000055,1220,13.6,4588,0.012987409718334675,15,1088,18453,0.0001,13.6
0.41422999999999954,1219,13.56,4599,0.0448104664683342,15,1092,18498,0.0001,13.56
0.41232999999999986,1219,13.7,4614,0.03239010274410248,15,1096,18558,0.0001,13.7
0.41090499999999996,1219,13.22,4625,0.021433664485812187,15,1100,18603,0.0001,13.22
0.40960666666666656,1218,13.07,4635,0.019032491371035576,15,1104,18644,0.0001,13.07
0.4082450000000004,1218,12.98,4646,0.019336171448230743,15,1108,18687,0.0001,12.98
0.4067566666666669,1217,12.9,4658,0.002565898234024644,15,1112,18734,0.0001,12.9
0.40479333333333334,1217,12.9,4673,0.013156658038496971,15,1116,18796,0.0001,12.9
0.4033049999999998,1217,12.84,4685,0.010227453894913197,15,1120,18843,0.0001,12.84
0.40156333333333327,1216,12.89,4699,0.008304692804813385,15,1124,18898,0.0001,12.89
0.3996316666666666,1216,13.02,4714,0.005080103874206543,15,1128,18959,0.0001,13.02
0.3980166666666666,1216,13.04,4727,0.040902115404605865,15,1132,19010,0.0001,13.04
0.39617999999999953,1215,13.12,4741,0.027943160384893417,15,1136,19068,0.0001,13.12
0.3943116666666665,1215,13.23,4756,0.025916127488017082,15,1140,19127,0.0001,13.23
0.39269666666666647,1214,13.19,4769,0.01723259501159191,15,1144,19178,0.0001,13.19
0.3912399999999998,1214,13.05,4780,0.06030769646167755,15,1148,19224,0.0001,13.05
0.3896249999999998,1214,13.03,4793,0.015508807264268398,15,1152,19275,0.0001,13.03
0.3880733333333335,1213,13.04,4805,0.014173289760947227,15,1156,19324,0.0001,13.04
0.38658499999999985,1213,13.0,4817,0.013670675456523895,15,1160,19371,0.0001,13.0
0.3847799999999997,1213,12.91,4831,0.021156560629606247,16,1164,19428,0.0001,12.91
0.38307,1212,12.87,4845,0.01108265109360218,16,1168,19482,0.0001,12.87
0.3811066666666665,1212,12.83,4860,0.033847443759441376,16,1172,19544,0.0001,12.83
0.37974500000000044,1211,12.77,4871,0.015599964186549187,16,1176,19587,0.0001,12.77
0.37832000000000054,1211,12.76,4882,0.0232660174369812,16,1180,19632,0.0001,12.76
0.37667333333333375,1210,12.72,4895,0.026129350066184998,16,1184,19684,0.0001,12.72
0.3749633333333331,1210,12.85,4909,0.010315430350601673,16,1188,19738,0.0001,12.85
0.37347500000000045,1209,12.87,4921,0.026164554059505463,16,1192,19785,0.0001,12.87
0.3716700000000003,1209,12.84,4935,0.009509806521236897,16,1196,19842,0.0001,12.84
0.37034,1209,12.81,4945,0.029992451891303062,16,1200,19884,0.0001,12.81
0.3685666666666666,1208,12.96,4959,0.00977856945246458,16,1204,19940,0.0001,12.96
0.3669516666666667,1208,13.04,4972,0.02559465914964676,16,1208,19991,0.0001,13.04
0.36546333333333303,1207,13.04,4984,0.2816965579986572,16,1212,20038,0.0001,13.04
0.3638166666666671,1207,12.94,4997,0.12116454541683197,16,1216,20090,0.0001,12.94
0.3620433333333338,1206,13.03,5011,0.13355772197246552,16,1220,20146,0.0001,13.03
0.36023833333333366,1206,13.05,5025,0.04497738182544708,16,1224,20203,0.0001,13.05
0.35875,1206,12.91,5037,0.07744873315095901,16,1228,20250,0.0001,12.91
0.357135,1205,12.91,5050,0.16754615306854248,16,1232,20301,0.0001,12.91
0.3553299999999998,1205,12.9,5064,0.08995529264211655,16,1236,20358,0.0001,12.9
0.35343,1204,12.91,5079,0.10600581020116806,16,1240,20418,0.0001,12.91
0.3514666666666665,1204,13.02,5094,0.04134588688611984,17,1244,20480,0.0001,13.02
0.3494083333333333,1203,13.21,5111,0.08065714687108994,17,1248,20545,0.0001,13.21
0.34725499999999965,1203,13.38,5128,0.06345343589782715,17,1252,20613,0.0001,13.38
0.344848333333333,1202,13.65,5147,0.10217824578285217,17,1256,20689,0.0001,13.65
0.34218833333333354,1202,14.02,5168,0.027947857975959778,17,1260,20773,0.0001,14.02
0.3401300000000004,1201,14.1,5184,0.032410476356744766,17,1264,20838,0.0001,14.1
0.3379449999999997,1201,14.25,5201,0.18202583491802216,17,1268,20907,0.0001,14.25
0.33588666666666667,1200,14.28,5217,0.0564584881067276,17,1272,20972,0.0001,14.28
0.33319500000000024,1199,14.7,5239,0.006103851366788149,17,1276,21057,0.0001,14.7
0.32986999999999955,1199,15.3,5265,0.14668826758861542,17,1280,21162,0.0001,15.3
0.32619666666666647,1198,15.94,5294,0.07960064709186554,17,1284,21278,0.0001,15.94
0.32315666666666654,1197,16.36,5318,0.08926208317279816,17,1288,21374,0.0001,16.36
0.31818500000000016,1196,17.46,5357,0.03275825083255768,17,1292,21531,0.0001,17.46
0.314733333333333,1195,17.98,5384,0.08511634171009064,18,1296,21640,0.0001,17.98
0.3116616666666673,1194,18.53,5409,0.07876096665859222,18,1300,21737,0.0001,18.53
0.3066899999999996,1193,19.54,5448,0.08441315591335297,18,1304,21894,0.0001,19.54
0.30434666666666677,1192,19.77,5466,0.04148117080330849,18,1308,21968,0.0001,19.77
0.2999449999999998,1191,20.69,5501,0.0351477786898613,18,1312,22107,0.0001,20.69
0.2931999999999998,1189,22.3,5554,0.1188952773809433,18,1316,22320,0.0001,22.3
0.2871833333333339,1188,23.64,5602,0.07551012933254242,18,1320,22510,0.0001,23.64
0.284365,1187,23.96,5624,0.04848354309797287,19,1324,22599,0.0001,23.96
0.27955166666666686,1186,25.01,5662,0.05971049517393112,19,1328,22751,0.0001,25.01
0.27461166666666714,1184,26.06,5701,0.022224992513656616,19,1332,22907,0.0001,26.06
0.2706216666666662,1183,26.75,5733,0.021435970440506935,19,1336,23033,0.0001,26.75
0.26783500000000027,1182,27.03,5755,0.0032736905850470066,19,1340,23121,0.0001,27.03
0.26549166666666635,1182,27.15,5773,0.07202115654945374,19,1344,23195,0.0001,27.15
0.2626099999999999,1181,27.41,5796,0.03911842405796051,19,1348,23286,0.0001,27.41
0.25820833333333393,1180,28.12,5831,0.033915624022483826,19,1352,23425,0.0001,28.12
0.25463000000000025,1179,28.49,5859,0.09358629584312439,19,1356,23538,0.0001,28.49
0.24623833333333356,1177,30.3,5925,0.054420411586761475,20,1360,23803,0.0001,30.3
0.24120333333333321,1176,31.24,5965,0.01865840144455433,20,1364,23962,0.0001,31.24
0.23772000000000026,1175,31.65,5992,0.005949229467660189,20,1368,24072,0.0001,31.65
0.2355349999999996,1175,31.69,6010,0.12605874240398407,20,1372,24141,0.0001,31.69
0.23357166666666718,1174,31.46,6025,0.08837707340717316,20,1376,24203,0.0001,31.46
0.23145000000000038,1174,31.08,6042,0.02743116393685341,20,1380,24270,0.0001,31.08
0.22543333333333326,1172,31.82,6089,0.02784896455705166,20,1384,24460,0.0001,31.82
0.2192583333333339,1171,32.81,6138,0.06933324038982391,21,1388,24655,0.0001,32.81
0.21672499999999983,1170,32.04,6158,0.13217774033546448,21,1392,24735,0.0001,32.04
0.2050716666666671,1167,34.63,6250,0.010418432764708996,21,1396,25103,0.0001,34.63
0.19842166666666683,1166,35.76,6303,0.050435177981853485,21,1400,25313,0.0001,35.76
0.1868949999999996,1163,37.83,6394,0.06687834858894348,22,1404,25677,0.0001,37.83
0.18480500000000066,1162,37.75,6410,0.032181110233068466,22,1408,25743,0.0001,37.75
0.18265166666666688,1162,37.04,6427,0.008405795320868492,22,1412,25811,0.0001,37.04
0.17948499999999945,1161,35.91,6452,0.09215988218784332,22,1416,25911,0.0001,35.91
0.171283333333334,1159,36.6,6517,0.011025160551071167,22,1420,26170,0.0001,36.6
0.1653616666666664,1158,37.58,6564,0.0074767740443348885,22,1424,26357,0.0001,37.58
0.15567166666666632,1155,39.12,6640,0.04111267253756523,23,1428,26663,0.0001,39.12
0.1451900000000006,1153,40.87,6723,0.006371319759637117,23,1432,26994,0.0001,40.87
0.13993333333333313,1152,41.27,6764,0.012429209426045418,23,1436,27160,0.0001,41.27
0.12571499999999958,1148,44.88,6877,0.15067781507968903,24,1440,27609,0.0001,44.88
0.10779166666666695,1144,49.8,7018,0.030349284410476685,24,1444,28175,0.0001,49.8
0.08790499999999979,1139,55.17,7175,0.056425634771585464,25,1448,28803,0.0001,55.17
0.07432000000000039,1136,58.07,7282,0.04275430738925934,25,1452,29232,0.0001,58.07
0.06288833333333366,1131,60.55,7373,0.004552820231765509,26,1456,29593,0.0001,60.55
0.05478166666666673,1127,60.46,7437,0.06143863871693611,26,1460,29849,0.0001,60.46
0.05,1123,61.78,7509,0.016548726707696915,26,1464,30140,0.0001,61.78
0.05,1115,67.0,7667,0.06371394544839859,27,1468,30772,0.0001,67.0
0.05,1107,73.04,7836,0.08043870329856873,28,1472,31445,0.0001,73.04
0.05,1098,80.03,8026,0.006514092907309532,29,1476,32206,0.0001,80.03
0.05,1085,92.34,8350,0.010419093072414398,30,1480,33504,0.0001,92.34
0.05,1073,103.72,8682,0.0469798818230629,32,1484,34832,0.0001,103.72
0.05,1062,114.68,9005,0.05399783328175545,34,1488,36123,0.0001,114.68
0.05,1053,125.26,9290,0.009892299771308899,35,1492,37261,0.0001,125.26
0.05,1048,133.21,9580,0.08168572187423706,36,1496,38424,0.0001,133.21
0.05,1045,139.83,9798,0.06741252541542053,37,1500,39296,0.0001,139.83
0.05,1042,145.01,10019,0.013263742439448833,38,1504,40178,0.0001,145.01
0.05,1041,149.56,10149,0.00867336057126522,39,1508,40699,0.0001,149.56
0.05,1039,155.0,10302,0.11618349701166153,39,1512,41311,0.0001,155.0
0.05,1037,162.5,10515,0.044362179934978485,40,1516,42161,0.0001,162.5
0.05,1034,173.41,10852,0.14548596739768982,42,1520,43511,0.0001,173.41
0.05,1032,178.65,11030,0.004111944232136011,42,1524,44222,0.0001,178.65
0.05,1029,188.53,11353,0.003762790933251381,44,1528,45516,0.0001,188.53
0.05,1027,196.34,11631,0.010857045650482178,45,1532,46628,0.0001,196.34
0.05,1025,206.49,11927,0.03460933268070221,46,1536,47809,0.0001,206.49
0.05,1023,211.47,12163,0.08709464967250824,47,1540,48756,0.0001,211.47
0.05,1022,215.56,12407,0.033163659274578094,48,1544,49731,0.0001,215.56
0.05,1021,217.19,12605,0.11581505835056305,49,1548,50522,0.0001,217.19
0.05,1020,222.46,12844,0.038759343326091766,50,1552,51478,0.0001,222.46
0.05,997,230.93,13146,0.04737532511353493,52,1556,52686,0.0001,230.93
0.05,996,238.28,13394,0.0016712234355509281,53,1560,53677,0.0001,238.28
0.05,995,248.63,13725,0.0022532956209033728,55,1564,55003,0.0001,248.63
0.05,994,249.77,13912,0.08779609948396683,56,1568,55749,0.0001,249.77
0.05,993,252.49,14148,0.12290731817483902,57,1572,56694,0.0001,252.49
0.05,993,255.02,14401,0.2528068721294403,58,1576,57708,0.0001,255.02
0.05,992,251.7,14643,0.005597917828708887,59,1580,58674,0.0001,251.7
0.05,991,248.6,14897,0.12681914865970612,60,1584,59692,0.0001,248.6
0.05,991,245.2,15135,0.2124403715133667,61,1588,60643,0.0001,245.2
0.05,990,242.19,15344,0.1461227834224701,62,1592,61480,0.0001,242.19
0.05,989,243.3,15663,0.11404057592153549,63,1596,62754,0.0001,243.3
0.05,988,248.46,16010,0.002803071867674589,64,1600,64142,0.0001,248.46
0.05,988,253.13,16347,0.04730278626084328,66,1604,65491,0.0001,253.13
0.05,987,261.26,16681,0.009531788527965546,67,1608,66825,0.0001,261.26
0.05,986,267.53,16990,0.07255829870700836,68,1612,68064,0.0001,267.53
0.05,986,270.18,17269,0.01094003301113844,70,1616,69179,0.0001,270.18
0.05,985,267.06,17529,0.012829555198550224,71,1620,70217,0.0001,267.06
0.05,985,272.91,17853,0.16561026871204376,72,1624,71513,0.0001,272.91
0.05,985,270.96,18127,0.1466509997844696,73,1628,72612,0.0001,270.96
0.05,984,273.72,18474,0.007743059657514095,75,1632,74000,0.0001,273.72
0.05,983,272.17,18731,0.051142916083335876,76,1636,75026,0.0001,272.17
0.05,982,275.44,19049,0.0034195473417639732,77,1640,76300,0.0001,275.44
0.05,982,276.61,19322,0.0058098542504012585,78,1644,77392,0.0001,276.61
0.05,981,279.9,19602,0.1846258044242859,79,1648,78512,0.0001,279.9
0.05,981,286.2,19999,0.026966150850057602,81,1652,80098,0.0001,286.2
0.05,980,284.73,20264,0.323323518037796,82,1656,81159,0.0001,284.73
0.05,980,285.2,20524,0.01028023473918438,83,1660,82197,0.0001,285.2
0.05,979,287.11,20903,0.11277281492948532,85,1664,83714,0.0001,287.11
0.05,979,291.4,21197,0.13069242238998413,86,1668,84889,0.0001,291.4
0.05,979,295.3,21530,0.012508071959018707,88,1672,86224,0.0001,295.3
0.05,978,295.94,21800,0.07314559072256088,89,1676,87302,0.0001,295.94
0.05,978,298.4,22103,0.10976094752550125,90,1680,88514,0.0001,298.4
0.05,978,301.04,22423,0.01051706075668335,91,1684,89796,0.0001,301.04
0.05,977,302.27,22692,0.005869510117918253,92,1688,90870,0.0001,302.27
0.05,977,305.59,22984,0.010973767377436161,94,1692,92039,0.0001,305.59
0.05,977,306.35,23322,0.12215108424425125,95,1696,93389,0.0001,306.35
0.05,976,307.74,23703,0.0038947085849940777,97,1700,94916,0.0001,307.74
0.05,976,304.5,23960,0.06559092551469803,98,1704,95941,0.0001,304.5
0.05,976,303.46,24267,0.006007665768265724,99,1708,97171,0.0001,303.46
0.05,975,306.33,24649,0.0016534992028027773,101,1712,98697,0.0001,306.33
0.05,974,307.54,24958,0.004058101214468479,102,1716,99933,0.0001,307.54
0.05,974,306.24,25185,0.011368817649781704,103,1720,100841,0.0001,306.24
0.05,973,304.85,25474,0.016713721677660942,104,1724,101998,0.0001,304.85
0.05,972,307.92,25825,0.11549937725067139,106,1728,103404,0.0001,307.92
0.05,972,303.54,26063,0.0032051438465714455,107,1732,104354,0.0001,303.54
0.05,971,307.51,26419,0.09739375114440918,108,1736,105777,0.0001,307.51
0.05,971,302.73,26618,0.531867265701294,109,1740,106573,0.0001,302.73
0.05,970,304.08,26924,0.2725105285644531,111,1744,107800,0.0001,304.08
0.05,970,304.13,27206,0.06979486346244812,112,1748,108925,0.0001,304.13
0.05,970,298.2,27454,0.004210467915982008,113,1752,109918,0.0001,298.2
0.05,970,297.9,27712,0.00974532961845398,114,1756,110949,0.0001,297.9
0.05,969,298.43,27984,0.006337108090519905,115,1760,112040,0.0001,298.43
0.05,967,293.69,28245,0.30472394824028015,116,1764,113083,0.0001,293.69
0.05,964,294.38,28556,0.43170228600502014,118,1768,114327,0.0001,294.38
0.05,959,293.0,28855,0.005775120574980974,120,1772,115524,0.0001,293.0
0.05,955,294.25,29156,0.009262854233384132,122,1776,116727,0.0001,294.25
0.05,949,294.79,29473,0.004033820703625679,124,1780,117993,0.0001,294.79
0.05,945,292.61,29739,0.005111883860081434,125,1784,119057,0.0001,292.61
0.05,941,293.89,30039,0.011121722869575024,127,1788,120259,0.0001,293.89
0.05,936,293.56,30323,0.011426213197410107,129,1792,121395,0.0001,293.56
0.05,932,290.55,30585,0.007612025830894709,131,1796,122444,0.0001,290.55
0.05,929,284.92,30826,0.012845496647059917,132,1800,123408,0.0001,284.92
0.05,925,285.35,31093,0.1862456053495407,134,1804,124476,0.0001,285.35
0.05,921,284.7,31385,0.008933217264711857,136,1808,125641,0.0001,284.7
0.05,917,280.38,31658,0.00432478915899992,138,1812,126735,0.0001,280.38
0.05,915,278.61,31923,0.004384155385196209,139,1816,127794,0.0001,278.61
0.05,912,280.25,32191,0.003065836615860462,141,1820,128866,0.0001,280.25
0.05,910,278.92,32447,0.05012774467468262,142,1824,129890,0.0001,278.92
0.05,907,277.05,32752,0.1425815373659134,144,1828,131109,0.0001,277.05
0.05,904,277.96,33012,0.0011754217557609081,146,1832,132150,0.0001,277.96
0.05,902,275.24,33300,0.009800136089324951,147,1836,133301,0.0001,275.24
0.05,899,277.52,33556,0.005467233248054981,149,1840,134325,0.0001,277.52
0.05,897,276.81,33845,0.3340962529182434,150,1844,135481,0.0001,276.81
0.05,894,278.27,34162,0.06193878501653671,152,1848,136752,0.0001,278.27
0.05,892,278.87,34426,0.2887435555458069,154,1852,137805,0.0001,278.87
0.05,889,279.69,34704,0.30020999908447266,156,1856,138918,0.0001,279.69
0.05,885,280.49,34997,0.3795873522758484,158,1860,140089,0.0001,280.49
0.05,882,281.55,35284,0.3493555188179016,160,1864,141238,0.0001,281.55
0.05,879,278.1,35509,0.20224492251873016,161,1868,142137,0.0001,278.1
0.05,876,275.81,35751,0.010191921144723892,163,1872,143105,0.0001,275.81
0.05,873,274.15,36010,0.009385526180267334,165,1876,144142,0.0001,274.15
0.05,870,270.83,36243,0.6857680082321167,166,1880,145076,0.0001,270.83
0.05,867,272.69,36556,0.007709064520895481,168,1884,146326,0.0001,272.69
0.05,864,270.06,36791,0.35594403743743896,170,1888,147265,0.0001,270.06
0.05,861,269.18,37053,0.003309194929897785,172,1892,148313,0.0001,269.18
0.05,859,268.16,37289,0.006114246789366007,173,1896,149260,0.0001,268.16
0.05,856,268.46,37538,0.17131425440311432,175,1900,150254,0.0001,268.46
0.05,854,267.33,37777,0.00504126725718379,176,1904,151209,0.0001,267.33
0.05,852,264.9,38007,0.008342822082340717,178,1908,152131,0.0001,264.9
0.05,849,263.47,38245,0.3360230624675751,180,1912,153082,0.0001,263.47
0.05,847,262.55,38487,0.012727524153888226,181,1916,154049,0.0001,262.55
0.05,844,262.84,38762,0.004957121796905994,183,1920,155150,0.0001,262.84
0.05,842,263.19,39027,0.3335436284542084,185,1924,156209,0.0001,263.19
0.05,840,260.18,39256,0.01461852714419365,186,1928,157127,0.0001,260.18
0.05,838,260.5,39524,0.41597607731819153,188,1932,158200,0.0001,260.5
0.05,835,259.67,39791,0.006682312116026878,190,1936,159268,0.0001,259.67
0.05,832,260.8,40076,0.34647610783576965,192,1940,160405,0.0001,260.8
0.05,831,258.18,40299,0.1836981624364853,194,1944,161299,0.0001,258.18
0.05,828,256.26,40569,0.0156306941062212,195,1948,162378,0.0001,256.26
0.05,827,254.49,40788,0.002561029279604554,197,1952,163254,0.0001,254.49
0.05,825,252.18,41008,0.005411439575254917,198,1956,164136,0.0001,252.18
0.05,823,249.39,41231,0.006730550900101662,200,1960,165028,0.0001,249.39
0.05,821,246.91,41457,0.0016350705409422517,201,1964,165929,0.0001,246.91
0.05,819,246.7,41676,0.004818514920771122,203,1968,166807,0.0001,246.7
0.05,818,246.06,41902,0.015568351373076439,204,1972,167711,0.0001,246.06
0.05,816,246.8,42180,0.009390401653945446,206,1976,168822,0.0001,246.8
0.05,814,247.18,42423,0.8152796030044556,208,1980,169794,0.0001,247.18
0.05,812,243.43,42642,0.008995985612273216,209,1984,170669,0.0001,243.43
0.05,811,242.22,42846,0.5129249095916748,211,1988,171487,0.0001,242.22
0.05,809,240.31,43060,0.0032024765387177467,212,1992,172344,0.0001,240.31
0.05,808,239.43,43275,0.3282585144042969,214,1996,173203,0.0001,239.43
0.05,806,237.32,43471,0.3938252627849579,215,2000,173986,0.0001,237.32
0.05,805,236.0,43677,0.0042063575237989426,217,2004,174809,0.0001,236.0
0.05,804,235.14,43886,0.007610162254422903,218,2008,175645,0.0001,235.14
0.05,802,233.81,44090,0.007852757349610329,219,2012,176463,0.0001,233.81
0.05,801,232.1,44289,0.4780036509037018,221,2016,177259,0.0001,232.1
0.05,800,229.74,44505,0.0030167424120008945,222,2020,178124,0.0001,229.74
0.05,798,227.81,44722,0.012243641540408134,224,2024,178990,0.0001,227.81
0.05,797,227.43,44942,0.0045881373807787895,225,2028,179870,0.0001,227.43
0.05,796,224.78,45144,0.040121667087078094,226,2032,180678,0.0001,224.78
0.05,794,222.33,45350,0.014675915241241455,228,2036,181501,0.0001,222.33
0.05,793,219.31,45558,0.018991954624652863,229,2040,182336,0.0001,219.31
0.05,792,219.08,45776,0.010057935491204262,231,2044,183207,0.0001,219.08
0.05,791,216.86,45990,0.521446943283081,232,2048,184064,0.0001,216.86
0.05,789,216.64,46204,0.002874476835131645,234,2052,184918,0.0001,216.64
0.05,788,215.76,46402,0.004527165554463863,235,2056,185712,0.0001,215.76
0.05,787,215.44,46617,0.37214332818984985,236,2060,186572,0.0001,215.44
0.05,786,214.61,46822,0.024097712710499763,238,2064,187390,0.0001,214.61
0.05,785,214.57,47040,0.400694340467453,239,2068,188264,0.0001,214.57
0.05,783,214.04,47253,0.004756473936140537,241,2072,189115,0.0001,214.04
0.05,782,210.83,47451,0.005696522071957588,242,2076,189905,0.0001,210.83
0.05,781,209.18,47652,0.0215630903840065,243,2080,190712,0.0001,209.18
0.05,780,208.33,47850,0.0049996101297438145,245,2084,191502,0.0001,208.33
0.05,779,207.32,48029,0.0056436434388160706,246,2088,192219,0.0001,207.32
0.05,778,206.89,48233,0.013864487409591675,247,2092,193033,0.0001,206.89
0.05,777,205.73,48418,0.008569005876779556,249,2096,193776,0.0001,205.73
0.05,776,205.66,48612,0.4079452157020569,250,2100,194552,0.0001,205.66
0.05,775,205.25,48808,0.0018176035955548286,251,2104,195334,0.0001,205.25
0.05,774,205.16,49015,0.1793574094772339,253,2108,196161,0.0001,205.16
0.05,773,204.91,49213,0.009334707632660866,254,2112,196954,0.0001,204.91
0.05,772,205.26,49421,0.4412699341773987,256,2116,197785,0.0001,205.26
0.05,771,204.78,49625,0.005308950785547495,257,2120,198602,0.0001,204.78
0.05,770,204.76,49841,0.0020101561676710844,259,2124,199466,0.0001,204.76
0.05,769,203.69,50034,0.011899652890861034,260,2128,200239,0.0001,203.69
0.05,768,203.29,50226,0.004912770818918943,261,2132,201007,0.0001,203.29
0.05,767,202.85,50421,0.010634807869791985,262,2136,201786,0.0001,202.85
0.05,766,202.46,50620,0.45726659893989563,264,2140,202582,0.0001,202.46
0.05,765,201.47,50813,0.005992529913783073,265,2144,203354,0.0001,201.47
0.05,764,200.33,50999,0.19947245717048645,266,2148,204097,0.0001,200.33
0.05,764,199.47,51191,0.019998325034976006,268,2152,204865,0.0001,199.47
0.05,763,199.28,51384,0.008901609107851982,269,2156,205640,0.0001,199.28
0.05,762,198.62,51583,0.0033082952722907066,270,2160,206434,0.0001,198.62
0.05,761,198.6,51787,0.40882447361946106,272,2164,207250,0.0001,198.6
0.05,760,197.58,51980,0.4384295642375946,273,2168,208022,0.0001,197.58
0.05,759,196.88,52175,0.0027823580894619226,274,2172,208803,0.0001,196.88
0.05,758,196.79,52370,0.4409893751144409,276,2176,209584,0.0001,196.79
0.05,757,196.69,52570,0.00497760996222496,277,2180,210381,0.0001,196.69
0.05,756,195.41,52735,0.8041384220123291,278,2184,211043,0.0001,195.41
0.05,755,196.1,52932,0.3993513286113739,280,2188,211829,0.0001,196.1
0.05,754,195.35,53116,0.013671678490936756,281,2192,212568,0.0001,195.35
0.05,753,196.02,53319,0.11017350107431412,283,2196,213378,0.0001,196.02
0.05,752,195.94,53511,0.3186575174331665,284,2200,214146,0.0001,195.94
0.05,751,196.11,53711,0.23392723500728607,285,2204,214945,0.0001,196.11
0.05,750,196.48,53927,0.03254261985421181,287,2208,215809,0.0001,196.48
0.05,749,196.68,54130,0.005395937245339155,289,2212,216622,0.0001,196.68
0.05,748,196.83,54341,0.002294469391927123,290,2216,217468,0.0001,196.83
0.05,747,197.03,54551,0.0043397690169513226,292,2220,218305,0.0001,197.03
0.05,746,196.36,54750,0.00915670208632946,293,2224,219102,0.0001,196.36
0.05,745,197.21,54964,0.007461859844624996,294,2228,219960,0.0001,197.21
0.05,745,197.68,55168,0.007230675779283047,296,2232,220775,0.0001,197.68
0.05,744,198.43,55382,0.005419344641268253,297,2236,221629,0.0001,198.43
0.05,743,198.7,55587,0.00813249684870243,299,2240,222452,0.0001,198.7
0.05,742,198.96,55787,0.01733574829995632,300,2244,223250,0.0001,198.96
0.05,742,200.31,56006,0.016050422564148903,302,2248,224128,0.0001,200.31
0.05,741,200.98,56215,0.02978525683283806,303,2252,224963,0.0001,200.98
0.05,740,201.52,56422,0.009542173705995083,304,2256,225792,0.0001,201.52
0.05,739,201.59,56623,0.001806345535442233,306,2260,226593,0.0001,201.59
0.05,739,201.28,56819,0.006190506741404533,307,2264,227378,0.0001,201.28
0.05,738,201.77,57024,0.002812858670949936,308,2268,228199,0.0001,201.77
0.05,737,201.95,57224,0.006419002078473568,310,2272,228998,0.0001,201.95
0.05,737,202.42,57431,0.4758889675140381,311,2276,229826,0.0001,202.42
0.05,736,202.35,57628,0.4043993055820465,313,2280,230616,0.0001,202.35
0.05,735,204.13,57838,0.004626112058758736,314,2284,231456,0.0001,204.13
0.05,735,204.81,58052,0.10952155292034149,315,2288,232310,0.0001,204.81
0.05,734,205.87,58263,0.014235085807740688,317,2292,233155,0.0001,205.87
0.05,733,205.92,58467,0.005879169330000877,318,2296,233970,0.0001,205.92
0.05,732,206.31,58669,0.667527973651886,320,2300,234777,0.0001,206.31
0.05,731,206.41,58871,0.0030082990415394306,321,2304,235586,0.0001,206.41
0.05,731,205.42,59062,0.008565726689994335,323,2308,236351,0.0001,205.42
0.05,730,205.83,59276,0.010306264273822308,324,2312,237205,0.0001,205.83
0.05,729,204.65,59458,0.007386325392872095,326,2316,237933,0.0001,204.65
0.05,729,204.07,59652,0.005100115202367306,327,2320,238712,0.0001,204.07
0.05,728,203.81,59845,0.0028693359345197678,328,2324,239483,0.0001,203.81
0.05,727,203.01,60040,0.004221352282911539,330,2328,240261,0.0001,203.01
0.05,727,202.37,60227,0.018577974289655685,331,2332,241012,0.0001,202.37
0.05,726,201.49,60419,0.010490254499018192,332,2336,241778,0.0001,201.49
0.05,726,200.75,60606,0.004970656707882881,333,2340,242527,0.0001,200.75
0.05,725,200.64,60803,0.5194661617279053,335,2344,243314,0.0001,200.64
0.05,725,199.51,60994,0.003246421692892909,336,2348,244079,0.0001,199.51
0.05,724,198.5,61178,0.013040222227573395,337,2352,244813,0.0001,198.5
0.05,724,197.33,61356,0.01361397746950388,339,2356,245525,0.0001,197.33
0.05,723,196.95,61546,0.0028954599983990192,340,2360,246288,0.0001,196.95
0.05,723,196.71,61737,0.5133971571922302,341,2364,247049,0.0001,196.71
0.05,722,195.83,61920,0.004742178600281477,342,2368,247782,0.0001,195.83
0.05,722,195.12,62102,0.001325530232861638,344,2372,248510,0.0001,195.12
0.05,721,194.57,62295,0.007241714745759964,345,2376,249283,0.0001,194.57
0.05,720,194.48,62490,0.7158332467079163,346,2380,250064,0.0001,194.48
0.05,720,193.18,62668,0.013205418363213539,348,2384,250774,0.0001,193.18
0.05,719,191.58,62841,0.0029347646050155163,349,2388,251468,0.0001,191.58
0.05,719,190.38,63023,0.0027421480044722557,350,2392,252193,0.0001,190.38
0.05,719,189.3,63199,0.006296276114881039,351,2396,252900,0.0001,189.3
0.05,718,187.37,63353,0.6675815582275391,352,2400,253514,0.0001,187.37
0.05,718,186.28,63528,0.5252980589866638,353,2404,254214,0.0001,186.28
0.05,717,185.47,63699,0.005431001074612141,355,2408,254898,0.0001,185.47
0.05,717,183.8,63871,0.00534196849912405,356,2412,255585,0.0001,183.8
0.05,716,183.4,64043,0.012327978387475014,357,2416,256273,0.0001,183.4
0.05,716,182.64,64218,1.0875499248504639,358,2420,256976,0.0001,182.64
0.05,715,181.7,64388,0.5367283821105957,359,2424,257653,0.0001,181.7
0.05,715,180.0,64540,0.021236630156636238,361,2428,258261,0.0001,180.0
0.05,714,179.44,64713,0.01211587805300951,362,2432,258956,0.0001,179.44
0.05,713,178.86,64890,0.002579968422651291,363,2436,259664,0.0001,178.86
0.05,712,177.82,65052,0.6037681698799133,365,2440,260309,0.0001,177.82
0.05,712,176.54,65216,0.004520480055361986,366,2444,260968,0.0001,176.54
0.05,711,175.24,65375,0.03868245333433151,367,2448,261603,0.0001,175.24
0.05,711,172.28,65485,0.0055161938071250916,368,2452,262041,0.0001,172.28
0.05,710,171.85,65652,0.45534172654151917,369,2456,262710,0.0001,171.85
0.05,709,170.88,65818,0.012350987643003464,371,2460,263376,0.0001,170.88
0.05,708,169.7,65979,0.0036064935848116875,372,2464,264019,0.0001,169.7
0.05,708,168.65,66136,0.007665440905839205,373,2468,264647,0.0001,168.65
0.05,707,168.1,66304,0.002101719845086336,375,2472,265320,0.0001,168.1
0.05,706,167.04,66471,0.0165104903280735,376,2476,265987,0.0001,167.04
0.05,705,165.06,66617,0.0028750263154506683,378,2480,266570,0.0001,165.06
0.05,704,163.02,66743,0.5473557710647583,379,2484,267076,0.0001,163.02
0.05,703,162.39,66901,0.8606640100479126,380,2488,267707,0.0001,162.39
0.05,702,161.41,67058,0.002866460243239999,382,2492,268334,0.0001,161.41
0.05,701,160.84,67220,0.6107237339019775,383,2496,268984,0.0001,160.84
0.05,700,160.42,67363,0.003698640037328005,384,2500,269556,0.0001,160.42
0.05,699,159.97,67527,0.007730127312242985,386,2504,270211,0.0001,159.97
0.05,698,159.27,67681,0.004097366705536842,387,2508,270825,0.0001,159.27
0.05,697,158.12,67824,0.563864529132843,389,2512,271397,0.0001,158.12
0.05,696,157.3,67975,0.022452861070632935,390,2516,272003,0.0001,157.3
0.05,695,156.55,68132,0.46546146273612976,391,2520,272631,0.0001,156.55
0.05,694,156.14,68291,0.007186133414506912,393,2524,273267,0.0001,156.14
0.05,693,156.38,68449,0.004568757489323616,394,2528,273899,0.0001,156.38
0.05,692,155.56,68602,1.9131193161010742,396,2532,274512,0.0001,155.56
0.05,691,154.86,68762,0.005261593498289585,397,2536,275150,0.0001,154.86
0.05,690,154.69,68919,0.0024347573053091764,399,2540,275778,0.0001,154.69
0.05,689,154.43,69077,0.013134418986737728,400,2544,276411,0.0001,154.43
0.05,688,154.33,69233,0.514917254447937,402,2548,277036,0.0001,154.33
0.05,687,156.14,69388,0.031356796622276306,403,2552,277655,0.0001,156.14
0.05,686,155.98,69551,0.511701226234436,405,2556,278308,0.0001,155.98
0.05,685,155.6,69708,0.008606894873082638,406,2560,278936,0.0001,155.6
0.05,684,155.69,69871,0.00770863052457571,408,2564,279588,0.0001,155.69
0.05,684,153.35,69970,0.002689491491764784,409,2568,279982,0.0001,153.35
0.05,683,152.74,70123,0.0035792195703834295,410,2572,280594,0.0001,152.74
0.05,682,151.34,70255,0.010267162695527077,411,2576,281121,0.0001,151.34
0.05,681,151.63,70408,0.5743587017059326,413,2580,281733,0.0001,151.63
0.05,680,152.69,70561,0.89177405834198,414,2584,282345,0.0001,152.69
0.05,679,151.83,70697,0.019152749329805374,416,2588,282890,0.0001,151.83
0.05,678,150.93,70831,0.004818702582269907,417,2592,283427,0.0001,150.93
0.05,677,150.67,70987,0.003019929165020585,418,2596,284051,0.0001,150.67
0.05,677,151.03,71139,0.0023780353367328644,420,2600,284659,0.0001,151.03
0.05,676,150.42,71288,0.004856735933572054,421,2604,285253,0.0001,150.42
0.05,675,150.75,71449,0.0047912681475281715,423,2608,285900,0.0001,150.75
0.05,674,151.11,71601,0.00500267231836915,425,2612,286508,0.0001,151.11
0.05,673,151.35,71759,0.5672357678413391,426,2616,287138,0.0001,151.35
0.05,672,151.29,71914,0.017324252054095268,428,2620,287760,0.0001,151.29
0.05,671,151.19,72071,0.003707084571942687,429,2624,288386,0.0001,151.19
0.05,670,151.05,72225,0.005084855481982231,431,2628,289004,0.0001,151.05
0.05,669,151.06,72379,0.010602214373648167,432,2632,289618,0.0001,151.06
0.05,668,150.88,72534,0.006124540232121944,433,2636,290238,0.0001,150.88
0.05,668,150.63,72685,0.010210404172539711,435,2640,290841,0.0001,150.63
0.05,667,150.5,72840,0.005738595500588417,436,2644,291461,0.0001,150.5
0.05,666,150.26,72990,0.008518287912011147,438,2648,292062,0.0001,150.26
0.05,665,150.44,73149,0.007678095251321793,439,2652,292699,0.0001,150.44
0.05,664,150.18,73306,0.5936875939369202,441,2656,293326,0.0001,150.18
0.05,664,150.32,73466,0.003984733484685421,442,2660,293968,0.0001,150.32
0.05,663,149.94,73620,0.8381837010383606,444,2664,294582,0.0001,149.94
0.05,662,151.44,73756,1.2079150676727295,445,2668,295126,0.0001,151.44
0.05,662,151.4,73908,0.46468091011047363,446,2672,295734,0.0001,151.4
0.05,661,152.45,74066,0.5778282284736633,448,2676,296366,0.0001,152.45
0.05,660,151.91,74205,0.46954891085624695,449,2680,296924,0.0001,151.91
0.05,660,151.24,74342,0.008041474968194962,450,2684,297469,0.0001,151.24
0.05,659,151.55,74486,0.002408789936453104,451,2688,298045,0.0001,151.55
0.05,658,152.23,74637,0.00640430673956871,453,2692,298650,0.0001,152.23
0.05,658,152.16,74791,0.002451993990689516,454,2696,299267,0.0001,152.16
0.05,657,152.18,74944,0.6101012229919434,455,2700,299877,0.0001,152.18
