rollout/ep_len_mean,time/time_elapsed,time/episodes,rollout/exploration_rate,time/total_timesteps,time/fps,rollout/ep_rew_mean,train/n_updates,train/learning_rate,train/loss
89.75,0,4,0.993179,359,493,-188.13364475,64,0.0001,3.1977181434631348
86.125,1,8,0.9869090000000001,689,563,-196.49486112499997,147,0.0001,6.731400966644287
90.5,1,12,0.9793660000000005,1086,592,-205.49706024999998,246,0.0001,0.7615215182304382
88.5,2,16,0.9730960000000005,1416,612,-188.14735587500002,328,0.0001,4.208975791931152
91.85,2,20,0.9650970000000004,1837,619,-192.83732765000002,434,0.0001,3.200045347213745
93.58333333333333,3,24,0.9573259999999996,2246,628,-188.61971908333337,536,0.0001,4.553842544555664
98.89285714285714,4,28,0.9473889999999996,2769,635,-180.11854446428575,667,0.0001,0.8863799571990967
97.71875,4,32,0.9405870000000002,3127,640,-188.64456990625,756,0.0001,7.077775001525879
98.30555555555556,5,36,0.9327589999999997,3539,641,-189.23545969444447,859,0.0001,2.737794876098633
96.75,6,40,0.9264700000000003,3870,643,-183.20265935,942,0.0001,1.865543007850647
98.22727272727273,6,44,0.9178820000000001,4322,644,-179.3820553409091,1055,0.0001,0.7914197444915771
99.0625,7,48,0.9096549999999999,4755,646,-182.95246520833334,1163,0.0001,7.043547630310059
98.96153846153847,7,52,0.9022260000000003,5146,646,-181.78016607692308,1261,0.0001,1.8482576608657837
99.0,8,56,0.8946640000000001,5544,647,-177.87997701785713,1360,0.0001,0.7262478470802307
98.45,9,60,0.8877670000000001,5907,646,-174.26138815,1451,0.0001,3.6797468662261963
99.15625,9,64,0.8794259999999997,6346,646,-178.3306516875,1561,0.0001,0.926626443862915
98.45588235294117,10,68,0.8727949999999999,6695,646,-179.71018099999998,1648,0.0001,3.8974204063415527
97.73611111111111,10,72,0.8662969999999997,7037,647,-179.65512520833332,1734,0.0001,1.0170429944992065
99.0,11,76,0.8570440000000005,7524,647,-180.53172347368422,1855,0.0001,0.6841758489608765
98.4,12,80,0.8504320000000002,7872,648,-178.7618322625,1942,0.0001,2.7007477283477783
99.42857142857143,12,84,0.8413119999999995,8352,648,-176.95524373809525,2062,0.0001,3.679692268371582
99.92045454545455,13,88,0.8329330000000001,8793,647,-178.78616097727271,2173,0.0001,0.38308510184288025
110.8586956521739,16,92,0.8062189999999998,10199,606,-181.57850968478257,2524,0.0001,2.9995431900024414
111.21875,17,96,0.7971370000000002,10677,606,-185.85306775,2644,0.0001,1.0632390975952148
111.31,18,100,0.788511,11131,607,-182.97855022,2757,0.0001,4.149974346160889
112.77,19,104,0.7789160000000004,11636,607,-182.05737377000003,2883,0.0001,2.225895404815674
115.0,20,108,0.7684089999999999,12189,606,-186.85836548999998,3022,0.0001,1.5040358304977417
115.79,20,112,0.7593650000000004,12665,606,-184.53961976999994,3141,0.0001,2.0214977264404297
116.68,21,116,0.7514040000000003,13084,607,-183.51632937,3245,0.0001,2.781510591506958
117.14,22,120,0.7425310000000004,13551,607,-184.67864813,3362,0.0001,0.6829408407211304
117.28,23,124,0.7344940000000003,13974,606,-180.15898118,3468,0.0001,0.7942309379577637
116.96,23,128,0.725165,14465,606,-182.39985665,3591,0.0001,0.44706615805625916
118.26,24,132,0.7158930000000001,14953,605,-180.98029946000003,3713,0.0001,0.8515899181365967
119.05,25,136,0.7065639999999997,15444,605,-177.49317741000002,3835,0.0001,0.8158127665519714
121.92,26,140,0.6948219999999996,16062,605,-180.20932036000005,3990,0.0001,2.234736919403076
123.03,27,144,0.6841250000000001,16625,603,-179.60196008,4131,0.0001,3.2269272804260254
122.68,28,148,0.6765629999999998,17023,602,-177.47732329000002,4230,0.0001,0.5961667895317078
124.44,29,152,0.6657900000000001,17590,601,-176.62315592,4372,0.0001,0.3766142725944519
124.9,30,156,0.6573540000000002,18034,600,-175.46822457000002,4483,0.0001,1.2979755401611328
126.58,30,160,0.6472650000000001,18565,599,-178.28735973000002,4616,0.0001,2.4687418937683105
127.34,31,164,0.6374800000000003,19080,598,-174.34253725000002,4744,0.0001,1.1866519451141357
129.29,32,168,0.6271440000000005,19624,597,-175.31726451000003,4880,0.0001,1.3593395948410034
131.82,33,172,0.6158390000000002,20219,595,-173.67750011999996,5029,0.0001,1.017732858657837
132.79,35,176,0.6047429999999997,20803,594,-170.93798945999998,5175,0.0001,1.3050456047058105
142.76,38,180,0.579188,22148,571,-169.19684458,5511,0.0001,3.1456363201141357
143.16,39,184,0.5693079999999997,22668,571,-165.89627072,5641,0.0001,0.7364651560783386
149.1,42,188,0.5496430000000005,23703,562,-162.80981289,5900,0.0001,1.3250384330749512
151.2,46,192,0.5189390000000005,25319,549,-156.87259547000002,6304,0.0001,1.20285964012146
154.27,47,196,0.5040239999999998,26104,547,-150.02781104,6500,0.0001,0.49975746870040894
157.1,49,200,0.49002099999999993,26841,546,-151.60071591999997,6685,0.0001,1.9177299737930298
157.94,50,204,0.47882999999999987,27430,544,-149.09104236999997,6832,0.0001,1.3053946495056152
158.97,51,208,0.46636600000000006,28086,543,-141.70803044000002,6996,0.0001,0.9570906758308411
163.83,53,212,0.4480879999999997,29048,539,-139.54537197,7236,0.0001,1.4041399955749512
176.05,57,216,0.41690899999999964,30689,532,-137.41387841000002,7647,0.0001,1.514413595199585
178.56,59,220,0.4032669999999997,31407,531,-132.92957172,7826,0.0001,2.797426223754883
191.4,63,224,0.37083400000000055,33114,524,-132.63788086,8253,0.0001,2.8465077877044678
197.16,65,228,0.3505609999999998,34181,524,-132.93775804999999,8520,0.0001,1.068602442741394
199.58,66,232,0.33669099999999963,34911,524,-129.53175032999997,8702,0.0001,0.4758892059326172
205.82,68,236,0.31550599999999995,36026,522,-134.34956972,8981,0.0001,1.2978427410125732
211.37,71,240,0.29321900000000034,37199,521,-131.82045565,9274,0.0001,1.901185393333435
222.31,75,244,0.2617360000000001,38856,515,-130.66922419999997,9688,0.0001,0.7214195728302002
229.67,77,248,0.24019000000000068,39990,513,-132.18732346000002,9972,0.0001,0.9743568897247314
241.55,82,252,0.2068450000000005,41745,504,-132.32983587,10411,0.0001,2.7310895919799805
245.86,84,256,0.19022000000000028,42620,505,-134.24401542,10629,0.0001,1.224217414855957
248.61,86,260,0.17490599999999967,43426,504,-132.60412821,10831,0.0001,1.1611136198043823
253.27,88,264,0.1562670000000006,44407,503,-134.30484611000003,11076,0.0001,0.6906567811965942
258.72,90,268,0.13557600000000047,45496,501,-127.85013124999999,11348,0.0001,1.1311111450195312
262.39,92,272,0.11729800000000012,46458,499,-128.32892890000002,11589,0.0001,1.6821609735488892
273.14,96,276,0.08577699999999966,48117,496,-129.38404502,12004,0.0001,1.1028603315353394
274.01,100,280,0.05856899999999998,49549,492,-123.35801844999997,12362,0.0001,1.4319974184036255
281.57,103,284,0.05,50825,490,-121.72786086,12681,0.0001,1.7067577838897705
279.98,105,288,0.05,51701,489,-121.96510314,12900,0.0001,0.8137445449829102
272.15,107,292,0.05,52534,489,-124.32538264,13108,0.0001,1.3758609294891357
276.06,110,296,0.05,53710,487,-122.997411,13402,0.0001,1.8586658239364624
277.91,112,300,0.05,54632,486,-126.70102809999999,13632,0.0001,0.4049094319343567
281.17,114,304,0.05,55547,486,-126.99091566999999,13861,0.0001,0.8091433048248291
291.55,118,308,0.05,57241,481,-126.10522648,14285,0.0001,1.4946928024291992
299.59,123,312,0.05,59007,478,-118.46696357,14726,0.0001,0.4112433195114136
293.77,125,316,0.05,60066,477,-122.23153315999997,14991,0.0001,2.030750274658203
295.97,127,320,0.05,61004,476,-119.52483631,15225,0.0001,2.7881250381469727
289.33,130,324,0.05,62047,475,-117.97491492000003,15486,0.0001,1.8294241428375244
288.5,132,328,0.05,63031,475,-113.19602433000001,15732,0.0001,0.9249498248100281
294.5,136,332,0.05,64361,472,-111.31117330000001,16065,0.0001,1.1050996780395508
293.58,138,336,0.05,65384,472,-105.97730199000003,16320,0.0001,0.6155670881271362
292.24,140,340,0.05,66423,472,-103.36778989000004,16580,0.0001,1.0256619453430176
285.36,142,344,0.05,67392,472,-102.76291108,16822,0.0001,0.793189525604248
284.91,144,348,0.05,68481,472,-98.45618782000001,17095,0.0001,2.1012074947357178
279.84,147,352,0.05,69729,471,-90.77706685999999,17407,0.0001,1.2898852825164795
282.82,150,356,0.05,70902,470,-86.70492864999999,17700,0.0001,1.5418791770935059
288.36,153,360,0.05,72262,470,-82.64190176,18040,0.0001,2.07112455368042
289.77,156,364,0.05,73384,469,-81.54935038999999,18320,0.0001,1.4460513591766357
289.05,158,368,0.05,74401,469,-80.32407494,18575,0.0001,2.3031506538391113
288.22,160,372,0.05,75280,469,-76.33912507000001,18794,0.0001,0.7334082126617432
280.75,162,376,0.05,76192,469,-73.29525866,19022,0.0001,1.0320875644683838
279.07,165,380,0.05,77456,468,-70.92919255999999,19338,0.0001,0.7380472421646118
276.17,167,384,0.05,78442,468,-71.07759224000002,19585,0.0001,0.9745930433273315
280.36,170,388,0.05,79737,468,-69.83775747,19909,0.0001,0.898128092288971
282.82,172,392,0.05,80816,467,-66.23689635999999,20178,0.0001,1.2977781295776367
277.76,174,396,0.05,81486,467,-68.07806938,20346,0.0001,2.8130745887756348
276.59,175,400,0.05,82291,467,-60.65135458,20547,0.0001,0.6518224477767944
274.99,177,404,0.05,83046,468,-57.90078475999999,20736,0.0001,0.870107889175415
269.43,179,408,0.05,84184,467,-52.54707890999999,21020,0.0001,0.1318514496088028
264.41,182,412,0.05,85448,467,-51.22566543,21336,0.0001,0.8277284502983093
267.51,186,416,0.05,86817,466,-44.77057887,21679,0.0001,1.5672976970672607
270.73,189,420,0.05,88077,465,-42.70678627,21994,0.0001,1.1673264503479004
269.28,190,424,0.05,88975,466,-46.332710619999986,22218,0.0001,0.7066408395767212
270.04,193,428,0.05,90035,466,-46.28496455,22483,0.0001,1.4420244693756104
268.23,195,432,0.05,91184,465,-44.70512906000001,22770,0.0001,0.9087795615196228
266.48,197,436,0.05,92032,465,-45.173333050000004,22982,0.0001,0.764467716217041
266.92,200,440,0.05,93115,465,-45.966366990000004,23253,0.0001,0.9708834290504456
270.35,203,444,0.05,94427,464,-41.93549405000001,23581,0.0001,0.8862194418907166
274.78,207,448,0.05,95959,462,-33.79016918,23964,0.0001,0.42764249444007874
272.39,209,452,0.05,96968,462,-37.849844469999994,24216,0.0001,0.486360102891922
271.65,212,456,0.05,98067,461,-36.55120471,24491,0.0001,0.4039739668369293
269.43,215,460,0.05,99205,461,-34.708158270000006,24776,0.0001,0.6089084148406982
272.43,218,464,0.05,100627,459,-26.6373044,25131,0.0001,2.2505714893341064
270.78,220,468,0.05,101479,459,-31.969010850000004,25344,0.0001,0.7293951511383057
275.35,224,472,0.05,102815,458,-27.498794079999996,25678,0.0001,0.562674343585968
283.99,229,476,0.05,104591,456,-21.89503771,26122,0.0001,0.28446459770202637
295.23,236,480,0.05,106979,452,-26.106782920000004,26719,0.0001,1.5376447439193726
298.85,239,484,0.05,108327,451,-29.475765400000004,27056,0.0001,0.7937758564949036
297.55,242,488,0.05,109492,451,-25.371641780000004,27347,0.0001,0.7838478684425354
295.03,244,492,0.05,110319,451,-27.70200371,27554,0.0001,0.9426409602165222
296.1,246,496,0.05,111096,451,-28.350119049999993,27748,0.0001,2.6140737533569336
301.45,249,500,0.05,112436,451,-31.26802291000001,28083,0.0001,2.4300880432128906
304.2,251,504,0.05,113466,451,-34.475049039999995,28341,0.0001,0.9383891224861145
302.85,253,508,0.05,114469,451,-40.74688941,28592,0.0001,0.8403412103652954
308.72,258,512,0.05,116320,449,-47.207757509999986,29054,0.0001,0.7453274130821228
320.3,266,516,0.05,118847,445,-52.33473578999999,29686,0.0001,0.6190550327301025
319.5,269,520,0.05,120027,446,-54.930615620000005,29981,0.0001,1.2737585306167603
326.69,272,524,0.05,121644,445,-50.90036837,30385,0.0001,1.0672407150268555
328.86,276,528,0.05,122921,445,-46.970615480000006,30705,0.0001,0.49067869782447815
336.78,281,532,0.05,124862,443,-46.615234900000004,31190,0.0001,2.159559965133667
343.2,285,536,0.05,126352,443,-44.42985354000001,31562,0.0001,1.67210853099823
354.9,292,540,0.05,128605,439,-46.115984020000006,32126,0.0001,0.9242492914199829
352.79,294,544,0.05,129706,439,-49.19591413,32401,0.0001,1.5436701774597168
344.53,296,548,0.05,130412,440,-58.07674393000001,32577,0.0001,1.3192410469055176
351.15,301,552,0.05,132083,438,-58.37664095,32995,0.0001,0.3983335494995117
358.63,306,556,0.05,133930,436,-61.422838280000015,33457,0.0001,2.5252246856689453
365.56,311,560,0.05,135761,435,-64.51024473,33915,0.0001,0.45105287432670593
383.83,321,564,0.05,139010,431,-69.80745135000001,34727,0.0001,0.25364094972610474
409.06,333,568,0.05,142385,427,-67.82956283,35571,0.0001,0.5086022615432739
412.42,338,572,0.05,144057,425,-74.32987842000001,35989,0.0001,0.33636781573295593
408.31,341,576,0.05,145422,425,-75.29253671000001,36330,0.0001,1.437830924987793
408.51,349,580,0.05,147830,423,-79.23393042,36932,0.0001,0.5028606653213501
418.86,356,584,0.05,150213,421,-78.65088523,37528,0.0001,4.161111831665039
430.33,362,588,0.05,152525,420,-82.09530188999999,38106,0.0001,0.5982822775840759
446.5,369,592,0.05,154969,419,-80.37641886,38717,0.0001,0.30702757835388184
463.62,378,596,0.05,157458,416,-78.91258681,39339,0.0001,0.5900619626045227
475.96,386,600,0.05,160032,414,-77.60685734999998,39982,0.0001,0.3517051935195923
495.08,396,604,0.05,162974,411,-69.50037784,40718,0.0001,0.045420411974191666
525.05,412,608,0.05,166974,404,-68.40564961,41718,0.0001,0.3697377145290375
539.4,423,612,0.05,170260,402,-69.97789209999999,42539,0.0001,0.5026169419288635
554.13,435,616,0.05,174260,399,-69.18664712999998,43539,0.0001,0.41296347975730896
574.12,445,620,0.05,177439,398,-70.08089972999998,44334,0.0001,0.4368674159049988
582.51,453,624,0.05,179895,396,-72.2731834,44948,0.0001,0.34909918904304504
595.67,461,628,0.05,182488,395,-75.05304152,45596,0.0001,0.36042964458465576
609.44,473,632,0.05,185806,392,-74.38715995000001,46426,0.0001,0.40381142497062683
634.54,486,636,0.05,189806,390,-75.00700683999999,47426,0.0001,0.6279504299163818
644.96,496,640,0.05,193101,388,-73.00242574,48250,0.0001,0.36391985416412354
658.37,503,644,0.05,195543,388,-74.03312959,48860,0.0001,0.2890242636203766
691.31,516,648,0.05,199543,386,-73.33228749999999,49860,0.0001,0.3178626596927643
714.6,529,652,0.05,203543,384,-73.65740954,50860,0.0001,0.43036186695098877
736.13,543,656,0.05,207543,382,-73.43400153,51860,0.0001,0.3370600938796997
757.82,556,660,0.05,211543,380,-71.92759672000001,52860,0.0001,0.30847448110580444
765.33,569,664,0.05,215543,378,-72.63861586000002,53860,0.0001,0.23172813653945923
765.57,582,668,0.05,218942,375,-70.40308485,54710,0.0001,2.28640079498291
788.3,595,672,0.05,222887,374,-66.76287702,55696,0.0001,0.27324381470680237
809.4,606,676,0.05,226362,373,-70.83189505,56565,0.0001,0.32395461201667786
820.12,616,680,0.05,229842,373,-70.66516770000001,57435,0.0001,0.22978705167770386
834.1,627,684,0.05,233623,372,-70.22224603,58380,0.0001,0.26416146755218506
845.6,638,688,0.05,237085,371,-67.50053926999999,59246,0.0001,0.354385107755661
858.57,652,692,0.05,240826,368,-64.53864185000002,60181,0.0001,0.2550691068172455
864.31,661,696,0.05,243889,368,-60.83389240999999,60947,0.0001,0.26511573791503906
864.01,668,700,0.05,246433,368,-53.72723114,61583,0.0001,1.6399471759796143
852.92,672,704,0.05,248266,369,-49.71084538,62041,0.0001,0.6672067642211914
839.24,679,708,0.05,250898,369,-40.46244244999998,62699,0.0001,0.6458935737609863
846.38,692,712,0.05,254898,367,-38.53382129999999,63699,0.0001,0.3821731507778168
825.32,697,716,0.05,256792,368,-31.846526289999993,64172,0.0001,0.009655782952904701
820.45,705,720,0.05,259484,367,-27.34257081999999,64845,0.0001,0.4275285005569458
828.62,715,724,0.05,262757,367,-22.81883573,65664,0.0001,0.3737345337867737
819.72,719,728,0.05,264460,367,-18.653339910000003,66089,0.0001,0.34815600514411926
810.35,725,732,0.05,266841,367,-11.435085939999997,66685,0.0001,0.3029218316078186
793.89,732,736,0.05,269195,367,-10.003259089999998,67273,0.0001,1.0069388151168823
787.16,741,740,0.05,271817,366,-2.3140616199999977,67929,0.0001,0.47092100977897644
796.02,752,744,0.05,275145,365,0.7550737200000016,68761,0.0001,1.1564936637878418
766.36,754,748,0.05,276179,365,4.576937740000002,69019,0.0001,0.10774987936019897
749.28,760,752,0.05,278471,365,9.063122039999998,69592,0.0001,1.0342662334442139
733.15,767,756,0.05,280858,365,18.75885519,70189,0.0001,0.5968337059020996
704.21,770,760,0.05,281964,365,22.673704859999997,70465,0.0001,1.034738302230835
686.12,777,764,0.05,284155,365,25.23754993,71013,0.0001,0.286207914352417
672.58,782,768,0.05,286200,365,32.86106026000001,71524,0.0001,0.7814798355102539
666.39,792,772,0.05,289526,365,36.10527363999999,72356,0.0001,0.02679591253399849
659.6,800,776,0.05,292322,364,37.64687563999999,73055,0.0001,1.5661308765411377
641.75,805,780,0.05,294017,365,44.867193390000004,73479,0.0001,1.0997569561004639
629.56,813,784,0.05,296579,364,49.111881649999994,74119,0.0001,2.298673152923584
612.37,817,788,0.05,298322,364,47.82059281,74555,0.0001,1.3964061737060547
598.63,824,792,0.05,300689,364,53.22409097,75147,0.0001,0.3764258027076721
596.8,832,796,0.05,303569,364,56.80222721000001,75867,0.0001,0.38397103548049927
588.83,838,800,0.05,305316,364,54.474933850000006,76303,0.0001,0.422448992729187
586.45,842,804,0.05,306911,364,49.65274309,76702,0.0001,0.6301993727684021
580.42,847,808,0.05,308940,364,51.54330032,77209,0.0001,1.2227377891540527
565.93,855,812,0.05,311491,363,58.70238529,77847,0.0001,0.43814387917518616
574.58,864,816,0.05,314250,363,63.369882970000006,78537,0.0001,0.06615442037582397
570.5,871,820,0.05,316534,363,69.48763424999999,79108,0.0001,0.1092018187046051
554.59,876,824,0.05,318216,362,69.51129297,79528,0.0001,0.22179721295833588
556.2,882,828,0.05,320080,362,73.15924621,79994,0.0001,0.9998931288719177
554.71,888,832,0.05,322312,362,66.41478451,80552,0.0001,1.0615134239196777
546.77,893,836,0.05,323872,362,66.00986912000002,80942,0.0001,0.7035271525382996
544.89,900,840,0.05,326306,362,63.63850321000002,81551,0.0001,0.045783113688230515
524.42,903,844,0.05,327587,362,60.9953761,81871,0.0001,2.600003719329834
530.32,909,848,0.05,329211,362,59.013663939999994,82277,0.0001,1.0584909915924072
515.87,910,852,0.05,330058,362,60.42175280000001,82489,0.0001,1.4254603385925293
518.23,919,856,0.05,332681,361,53.708556529999996,83145,0.0001,1.087339997291565
521.22,923,860,0.05,334086,361,51.272607089999994,83496,0.0001,0.1766166090965271
525.64,931,864,0.05,336719,361,60.96489423,84154,0.0001,0.411106675863266
530.71,937,868,0.05,339271,361,61.95792819000001,84792,0.0001,0.02490808069705963
507.72,940,872,0.05,340298,362,59.895264829999995,85049,0.0001,0.4951806962490082
495.79,944,876,0.05,341901,362,60.53554502,85450,0.0001,1.681617021560669
501.16,950,880,0.05,344133,362,62.44232187000001,86008,0.0001,0.8202476501464844
493.18,955,884,0.05,345897,361,64.17837018,86449,0.0001,1.965545654296875
497.74,962,888,0.05,348096,361,69.84374286,86998,0.0001,0.1367538422346115
489.61,966,892,0.05,349650,361,69.60864447,87387,0.0001,0.3469719886779785
479.63,971,896,0.05,351532,361,66.23057012,87857,0.0001,0.3448164761066437
476.99,975,900,0.05,353015,361,71.81763154000001,88228,0.0001,0.5761217474937439
476.48,979,904,0.05,354559,362,74.41402667,88614,0.0001,0.9904856085777283
466.92,981,908,0.05,355632,362,65.1078249,88882,0.0001,0.1760450005531311
454.15,984,912,0.05,356906,362,65.85205629000001,89201,0.0001,1.045685887336731
440.21,988,916,0.05,358271,362,58.46589873999999,89542,0.0001,0.7160769104957581
429.26,991,920,0.05,359460,362,54.93653921,89839,0.0001,0.34524765610694885
424.36,994,924,0.05,360652,362,53.65649008000001,90137,0.0001,0.2611827254295349
413.53,996,928,0.05,361433,362,48.61521015999999,90333,0.0001,1.5486115217208862
402.53,999,932,0.05,362565,362,52.329009580000005,90616,0.0001,0.1389520913362503
403.69,1003,936,0.05,364241,363,59.25784301000001,91035,0.0001,0.18637408316135406
400.48,1008,940,0.05,366354,363,61.233056220000016,91563,0.0001,0.017206499353051186
406.8,1013,944,0.05,368267,363,65.38521129,92041,0.0001,0.5021898746490479
409.74,1018,948,0.05,370185,363,74.91395254,92521,0.0001,0.8207706212997437
417.9,1022,952,0.05,371848,363,74.60183502999999,92936,0.0001,2.828002691268921
413.83,1028,956,0.05,374064,363,82.31116073999999,93490,0.0001,0.5440817475318909
423.1,1035,960,0.05,376396,363,85.85561871999998,94073,0.0001,0.2775283753871918
415.98,1040,964,0.05,378317,363,80.46630943,94554,0.0001,0.9131909608840942
406.56,1044,968,0.05,379927,363,74.44110178000001,94956,0.0001,0.5522427558898926
411.95,1049,972,0.05,381493,363,71.42318042000001,95348,0.0001,0.10880092531442642
409.78,1052,976,0.05,382879,363,74.77159643,95694,0.0001,0.6900793313980103
405.93,1057,980,0.05,384726,363,74.95736246999999,96156,0.0001,0.7771444916725159
406.24,1062,984,0.05,386521,363,72.45578941000001,96605,0.0001,0.12133865803480148
393.93,1064,988,0.05,387489,364,70.26858473,96847,0.0001,0.5544375777244568
391.33,1067,992,0.05,388783,364,66.03631608999999,97170,0.0001,0.3894047141075134
382.8,1069,996,0.05,389812,364,66.89072745,97427,0.0001,0.412796288728714
381.64,1073,1000,0.05,391179,364,63.17126616999999,97769,0.0001,0.6050102114677429
383.72,1077,1004,0.05,392931,364,64.06967429,98207,0.0001,0.18459150195121765
383.48,1080,1008,0.05,393980,364,67.49105612,98469,0.0001,3.2876806259155273
385.86,1084,1012,0.05,395492,364,64.03546747,98847,0.0001,1.8747522830963135
397.35,1091,1016,0.05,398006,364,69.81266009,99476,0.0001,2.027064800262451
398.89,1094,1020,0.05,399349,364,72.01857101,99812,0.0001,0.46766752004623413
401.3,1098,1024,0.05,400782,364,74.16216946,100170,0.0001,0.6121628284454346
401.65,1100,1028,0.05,401598,364,71.53561608000001,100374,0.0001,1.294152021408081
398.33,1102,1032,0.05,402398,365,68.96211887,100574,0.0001,1.951352834701538
398.9,1107,1036,0.05,404131,364,69.81429856000001,101007,0.0001,1.2534641027450562
392.67,1111,1040,0.05,405621,365,67.99307682,101380,0.0001,1.7931137084960938
395.36,1116,1044,0.05,407803,365,64.35450763,101925,0.0001,1.8369392156600952
398.46,1124,1048,0.05,410031,364,61.354125169999996,102482,0.0001,1.7195104360580444
400.28,1130,1052,0.05,411876,364,63.952069619999996,102943,0.0001,0.585655927658081
392.8,1133,1056,0.05,413344,364,59.758403369999996,103310,0.0001,0.6503943204879761
377.62,1135,1060,0.05,414158,364,55.85393518,103514,0.0001,2.005530834197998
377.84,1140,1064,0.05,416101,364,58.434561980000005,104000,0.0001,0.5450469255447388
376.27,1144,1068,0.05,417554,364,62.032865140000006,104363,0.0001,0.41410690546035767
371.35,1146,1072,0.05,418628,365,65.51638693999999,104631,0.0001,2.6204512119293213
368.66,1149,1076,0.05,419745,365,63.71839560999999,104911,0.0001,1.3386125564575195
361.16,1151,1080,0.05,420842,365,59.27155875999999,105185,0.0001,3.5463404655456543
359.55,1155,1084,0.05,422476,365,64.27656164999999,105593,0.0001,0.01908191107213497
371.28,1162,1088,0.05,424617,365,65.26912913999999,106129,0.0001,2.8685550689697266
376.35,1167,1092,0.05,426418,365,68.42879753,106579,0.0001,1.0062896013259888
376.89,1170,1096,0.05,427501,365,69.56312415999999,106850,0.0001,4.668472766876221
377.49,1173,1100,0.05,428928,365,72.66392936,107206,0.0001,0.41033586859703064
367.59,1175,1104,0.05,429690,365,67.7953049,107397,0.0001,2.879711151123047
371.85,1178,1108,0.05,431165,365,75.52649703000002,107766,0.0001,1.292590856552124
372.32,1182,1112,0.05,432724,365,78.03499702,108155,0.0001,0.14422297477722168
356.32,1184,1116,0.05,433638,366,74.95105878,108384,0.0001,2.813826322555542
353.74,1187,1120,0.05,434723,366,67.11696961,108655,0.0001,2.550987720489502
353.13,1190,1124,0.05,436095,366,69.17553487,108998,0.0001,0.10444359481334686
369.25,1197,1128,0.05,438523,366,75.41883567999999,109605,0.0001,0.9186089634895325
370.03,1200,1132,0.05,439401,366,76.05685292,109825,0.0001,0.9137907028198242
369.81,1204,1136,0.05,441112,366,74.78988827,110252,0.0001,2.7902894020080566
375.22,1210,1140,0.05,443143,366,77.10462855,110760,0.0001,1.1105761528015137
363.71,1212,1144,0.05,444174,366,81.11926943,111018,0.0001,2.974012613296509
355.57,1215,1148,0.05,445588,366,80.49111694,111371,0.0001,2.485813617706299
346.98,1218,1152,0.05,446574,366,76.29668428,111618,0.0001,0.5734003782272339
343.28,1220,1156,0.05,447672,366,72.31421774999998,111892,0.0001,0.5664176344871521
341.2,1221,1160,0.05,448278,366,71.46180769,112044,0.0001,0.19027847051620483
327.28,1222,1164,0.05,448829,367,64.36682363000001,112182,0.0001,0.12983499467372894
319.65,1224,1168,0.05,449519,367,62.254085929999995,112354,0.0001,1.604430079460144
323.25,1228,1172,0.05,450953,367,63.89041708999999,112713,0.0001,0.13250908255577087
320.32,1229,1176,0.05,451777,367,63.827821670000006,112919,0.0001,1.3265705108642578
319.45,1232,1180,0.05,452787,367,66.59713301999999,113171,0.0001,1.6693212985992432
309.13,1233,1184,0.05,453389,367,60.13947585,113322,0.0001,1.3799049854278564
301.96,1236,1188,0.05,454813,367,66.00275791999998,113678,0.0001,0.25937098264694214
290.58,1237,1192,0.05,455476,367,59.67494399,113843,0.0001,2.712235927581787
285.36,1239,1196,0.05,456037,368,57.06056032000001,113984,0.0001,0.3526262640953064
283.09,1241,1200,0.05,457237,368,54.64395863000001,114284,0.0001,1.5220706462860107
292.14,1247,1204,0.05,458904,367,59.137426649999995,114700,0.0001,1.7292250394821167
288.89,1249,1208,0.05,460054,368,53.50684867999999,114988,0.0001,0.1497388631105423
284.44,1252,1212,0.05,461168,368,48.05021255,115266,0.0001,2.1494719982147217
283.08,1253,1216,0.05,461946,368,46.41931474999999,115461,0.0001,1.0189474821090698
280.54,1255,1220,0.05,462777,368,49.544653280000006,115669,0.0001,1.9355051517486572
278.36,1258,1224,0.05,463931,368,45.98913407,115957,0.0001,4.972315311431885
264.54,1261,1228,0.05,464977,368,44.93929699,116219,0.0001,2.7335267066955566
271.02,1264,1232,0.05,466503,368,47.348468430000004,116600,0.0001,1.953730821609497
263.89,1267,1236,0.05,467501,368,46.97139552000001,116850,0.0001,6.506229877471924
252.52,1269,1240,0.05,468395,369,43.2231203,117073,0.0001,0.7922308444976807
252.43,1271,1244,0.05,469417,369,41.434220690000004,117329,0.0001,1.6027019023895264
250.59,1274,1248,0.05,470647,369,38.0955325,117636,0.0001,0.3229975700378418
250.05,1276,1252,0.05,471579,369,38.09995612,117869,0.0001,0.9331744313240051
246.27,1278,1256,0.05,472299,369,38.736708209999996,118049,0.0001,5.240152359008789
247.33,1279,1260,0.05,473011,369,41.06532538,118227,0.0001,2.0852701663970947
252.88,1282,1264,0.05,474117,369,46.00744515999999,118504,0.0001,0.4194279909133911
254.77,1284,1268,0.05,474996,369,45.08954962000001,118723,0.0001,4.450389385223389
248.27,1286,1272,0.05,475780,369,43.327894689999994,118919,0.0001,1.0451817512512207
250.31,1288,1276,0.05,476808,370,45.06088039,119176,0.0001,0.5480953454971313
247.01,1289,1280,0.05,477488,370,42.85956568,119346,0.0001,0.20821227133274078
249.86,1291,1284,0.05,478375,370,48.71848025,119568,0.0001,0.08803204447031021
248.08,1294,1288,0.05,479621,370,41.497680259999996,119880,0.0001,0.5034059882164001
257.89,1299,1292,0.05,481265,370,46.3213206,120291,0.0001,0.2941446006298065
259.29,1300,1296,0.05,481966,370,46.34999024,120466,0.0001,0.775728702545166
257.63,1302,1300,0.05,483000,370,46.6567428,120724,0.0001,2.382986068725586
251.98,1305,1304,0.05,484102,370,47.99061741,121000,0.0001,0.26332178711891174
245.66,1306,1308,0.05,484620,370,44.93222635,121129,0.0001,0.1556788682937622
244.75,1308,1312,0.05,485643,371,45.72053473000001,121385,0.0001,1.8974497318267822
244.2,1310,1316,0.05,486366,371,43.00078705,121566,0.0001,1.6444826126098633
245.13,1312,1320,0.05,487290,371,46.12448184000001,121797,0.0001,2.389909029006958
242.11,1314,1324,0.05,488142,371,46.90849261,122010,0.0001,3.6945924758911133
238.91,1316,1328,0.05,488868,371,44.57935829,122191,0.0001,0.06766080856323242
232.7,1318,1332,0.05,489773,371,45.17569984000001,122418,0.0001,1.241998553276062
229.36,1319,1336,0.05,490437,371,42.35864396,122584,0.0001,0.18329986929893494
228.33,1321,1340,0.05,491228,371,43.3874438,122781,0.0001,0.3845031261444092
227.52,1323,1344,0.05,492169,371,46.901234960000004,123017,0.0001,1.299619197845459
223.94,1325,1348,0.05,493041,371,49.20857594,123235,0.0001,3.4709577560424805
228.38,1328,1352,0.05,494417,372,53.320440669999996,123579,0.0001,0.22721153497695923
235.83,1332,1356,0.05,495882,372,59.50981393,123945,0.0001,0.8911038637161255
239.15,1334,1360,0.05,496926,372,62.21777645,124206,0.0001,0.08817354589700699
238.54,1337,1364,0.05,497971,372,61.47079822999999,124467,0.0001,5.880378246307373
235.11,1338,1368,0.05,498507,372,59.74401232,124601,0.0001,0.4109444320201874
241.2,1341,1372,0.05,499900,372,61.825251980000004,124949,0.0001,1.7886700630187988
