time/iterations,time/fps,time/total_timesteps,time/time_elapsed,rollout/ep_len_mean,train/loss,rollout/ep_rew_mean,train/learning_rate,train/value_loss,train/clip_range,train/clip_fraction,train/n_updates,train/policy_gradient_loss,train/explained_variance,train/entropy_loss,train/approx_kl
1,80,4096,50,,,,,,,,,,,,
2,79,8192,102,1000.0,0.3564673364162445,-48.65145975,0.0003,0.9006902575492859,0.2,0.1156494140625,10,-0.010256440727971494,-0.022148489952087402,-1.5996201545000077,0.014825112
3,77,12288,158,1000.0,0.42749878764152527,-48.65145975,0.0003,0.97120600938797,0.2,0.076171875,20,-0.00697415613103658,0.07378524541854858,-1.5872042417526244,0.013343731
4,73,16384,221,1000.0,0.6111496686935425,-32.8242566875,0.0003,1.2594387859106064,0.2,0.1103759765625,30,-0.009614545467775315,7.027387619018555e-05,-1.5510639935731887,0.013669176
5,69,20480,295,1000.0,0.629007875919342,-32.8242566875,0.0003,1.4878685086965562,0.2,0.118701171875,40,-0.008317490736953915,0.045745015144348145,-1.4973732382059097,0.012464339
6,67,24576,366,1000.0,0.7812991738319397,-30.789035333333334,0.0003,1.8931702822446823,0.2,0.07685546875,50,-0.006086147471796722,0.15677940845489502,-1.433492824435234,0.014848835
7,66,28672,432,1000.0,0.3143129050731659,-30.789035333333334,0.0003,1.1042828679084777,0.2,2.44140625e-05,60,-0.00039251307025551797,0.3832513093948364,-1.3966342151165008,0.00069076556
8,65,32768,499,1000.0,0.799396812915802,-25.787708156249998,0.0003,3.0577250897884367,0.2,0.0,70,-0.0009169353696051985,0.5764467418193817,-1.3895478963851928,0.00062028965
9,64,36864,569,1000.0,0.3821633756160736,-25.787708156249998,0.0003,1.3688340917229653,0.2,0.002490234375,80,-0.0007170942728407681,0.793827548623085,-1.3952662110328675,0.0010288905
10,64,40960,633,999.475,0.7197374105453491,-26.354478375000003,0.0003,2.297703206539154,0.2,0.0,90,-0.00041631964850239454,0.8553146868944168,-1.3580952048301698,0.00038554007
11,63,45056,704,999.475,9.596632957458496,-26.354478375000003,0.0003,19.71500507593155,0.2,0.021044921875,100,-0.002480928471777588,0.41646188497543335,-1.419633936882019,0.0018487407
12,63,49152,770,998.8333333333334,0.5401568412780762,-28.775804291666663,0.0003,1.084495210647583,0.2,0.0,110,-0.000245455838739872,0.9538469947874546,-1.3405592560768127,0.00044052277
13,63,53248,836,991.8775510204082,14.305121421813965,-30.0311993877551,0.0003,24.40365312099457,0.2,0.004052734375,120,-0.004584546771366149,0.5938511192798615,-1.3220651596784592,0.0004898891
14,63,57344,905,982.8392857142857,8.537361145019531,-32.13411682142857,0.0003,19.409231233596802,0.2,0.018505859375,130,-0.0008210257685277611,0.5798951089382172,-1.3508797645568849,0.0008011418
15,63,61440,972,968.9830508474577,29.5261173248291,-33.73874140677966,0.0003,51.71508550643921,0.2,0.0120361328125,140,-0.002201127866283059,0.6018399000167847,-1.3833442777395248,0.0023749243
16,62,65536,1044,971.40625,13.33958911895752,-33.129463125,0.0003,37.14504971504211,0.2,0.0044921875,150,-0.004561976972036063,0.3469506502151489,-1.3254051834344864,0.0006958911
17,62,69632,1113,967.7246376811594,0.9293138384819031,-31.93552101449275,0.0003,2.976837861537933,0.2,0.0122314453125,160,-0.0010051440331153572,0.9416167512536049,-1.3584963172674178,0.0014601469
18,62,73728,1183,969.0694444444445,13.422740936279297,-31.893777180555553,0.0003,17.37050840854645,0.2,0.0082275390625,170,-0.002404166175983846,0.5889523327350616,-1.3527170777320863,0.0034271104
19,62,77824,1252,971.077922077922,0.8788267970085144,-31.00394688311688,0.0003,2.1929185658693315,0.2,0.0189453125,180,-0.003467159660067409,0.9694477822631598,-1.2659244894981385,0.005699725
20,62,81920,1320,969.7375,0.5378155708312988,-32.035311525,0.0003,1.730083890259266,0.2,0.0017822265625,190,-0.0007623815676197409,0.9590566717088223,-1.2834519118070602,0.00084470736
21,62,86016,1387,963.2558139534884,7.685262203216553,-31.715822023255807,0.0003,17.267899417877196,0.2,0.015869140625,200,-0.00537320600124076,0.791929304599762,-1.24885194003582,0.0016740634
22,61,90112,1459,956.5777777777778,24.298017501831055,-32.77889504444444,0.0003,31.42559609413147,0.2,0.006689453125,210,-0.0033511601912323387,0.7283417284488678,-1.281289067864418,0.0017981152
23,61,94208,1531,952.9473684210526,9.22899341583252,-33.028291063157894,0.0003,31.121353220939636,0.2,0.039013671875,220,-0.0031719143211375923,0.7782402634620667,-1.2371407121419906,0.0044234945
24,61,98304,1601,944.04,14.366100311279297,-33.13963891,0.0003,31.593082189559937,0.2,0.015185546875,230,-0.0020751710515469314,0.770008847117424,-1.2458951264619826,0.0018932044
25,61,102400,1671,944.04,12.046314239501953,-33.03518361000001,0.0003,44.89576373100281,0.2,0.025341796875,240,-0.0038684785831719637,0.7068034410476685,-1.2173897296190261,0.0031333487
26,61,106496,1736,942.66,0.6214307546615601,-33.02920065000001,0.0003,1.666372925043106,0.2,0.00947265625,250,-0.0016482113453093917,0.9840881638228893,-1.2450364977121353,0.0034584652
27,61,110592,1804,942.66,12.71060848236084,-32.899861740000006,0.0003,29.819875144958495,0.2,0.014208984375,260,-0.001653893681941554,0.8256277590990067,-1.2634087920188903,0.0027685433
28,61,114688,1873,942.66,0.3040394186973572,-32.29655507,0.0003,0.926309184730053,0.2,0.00693359375,270,-0.002521011867793277,0.9869680404663086,-1.2686051607131958,0.0030556386
29,61,118784,1938,942.66,0.6036666035652161,-32.230585319999996,0.0003,1.6366643011569977,0.2,0.0424072265625,280,-0.00518453341210261,0.9859751844778657,-1.2991601467132567,0.009680139
30,61,122880,2005,942.66,0.5058401823043823,-31.44995287,0.0003,1.1174938648939132,0.2,0.0009521484375,290,-0.0009215355792548507,0.9872582145035267,-1.2300644725561143,0.0022146464
31,61,126976,2074,934.72,0.6889070272445679,-33.017723860000004,0.0003,1.6543363153934478,0.2,0.0099853515625,300,-0.0017476130684372037,0.9830867536365986,-1.2056341230869294,0.0034105643
32,61,131072,2137,934.93,15.883200645446777,-31.709920620000005,0.0003,26.54862775802612,0.2,0.03359375,310,-0.0034070419264025987,0.7724086791276932,-1.151332437992096,0.0046664737
33,61,135168,2210,934.93,0.43680593371391296,-32.46089793,0.0003,1.1402908369898797,0.2,0.01611328125,320,-0.0022439497406594455,0.9902454754337668,-1.1558465480804443,0.0048505682
34,61,139264,2279,935.28,0.47308072447776794,-30.004356150000007,0.0003,1.2263711139559745,0.2,0.0220458984375,330,-0.001718476857058704,0.9854120705276728,-1.170297521352768,0.0037854253
35,61,143360,2343,935.28,0.4425880014896393,-29.901517239999997,0.0003,1.4812144845724107,0.2,0.0109619140625,340,-0.0023333010263741016,0.9856559643521905,-1.0090139657258987,0.0039073518
36,61,147456,2411,941.38,0.567687451839447,-28.11545451,0.0003,1.6235116750001908,0.2,0.0014892578125,350,-0.002095734648173675,0.9760922621935606,-1.026941853761673,0.0014605763
37,61,151552,2478,939.03,0.7539682984352112,-26.686277020000002,0.0003,1.795730248093605,0.2,0.0065185546875,360,-0.0015636761032510548,0.9780007284134626,-0.9325648650527001,0.0025469512
38,61,155648,2544,935.24,4.773430347442627,-25.96754514,0.0003,13.66920655965805,0.2,0.007177734375,370,-0.00340251675224863,0.8971195444464684,-0.9833968549966812,0.0045529865
39,61,159744,2610,935.24,21.10505485534668,-26.51020548,0.0003,29.239468812942505,0.2,0.00390625,380,-0.001684729289263487,0.8477288782596588,-0.8515174195170403,0.0005645109
40,61,163840,2672,933.18,0.7159135341644287,-25.919828929999998,0.0003,2.4205622881650926,0.2,0.0015380859375,390,-0.001534994225949049,0.9803226720541716,-0.9950406059622765,0.0012850487
41,61,167936,2736,921.06,5.606950283050537,-25.816598289999998,0.0003,16.01789733171463,0.2,0.003076171875,400,-0.0011021866055671125,0.9104978293180466,-0.8772157609462738,0.0010501042
42,61,172032,2794,911.05,12.128954887390137,-25.173123699999998,0.0003,28.396203422546385,0.2,0.0038818359375,410,-0.0008937212696764618,0.8885217159986496,-0.8446171626448631,0.0007767872
43,61,176128,2850,917.9,9.016183853149414,-23.853282359999998,0.0003,24.448747062683104,0.2,0.002197265625,420,-0.0017229325254447757,0.8378530889749527,-0.9395982384681701,0.0005132559
44,61,180224,2910,911.85,4.797551155090332,-24.095804319999992,0.0003,15.919587671756744,0.2,0.00166015625,430,-0.0014965590846259147,0.9277742356061935,-0.8934125527739525,0.0010208499
45,62,184320,2967,917.39,6.3339691162109375,-21.747818449999997,0.0003,13.262071746587754,0.2,0.00234375,440,-0.0011048731335904448,0.9343762695789337,-0.9178522825241089,0.0012837427
46,62,188416,3027,918.0,8.66636848449707,-20.769324740000002,0.0003,12.958638405799865,0.2,0.0035400390625,450,-0.002761828841175884,0.9089381098747253,-0.8440946847200393,0.0044293944
47,62,192512,3087,925.77,0.25729745626449585,-20.06670607,0.0003,0.6224977001547813,0.2,0.0086181640625,460,-0.002075945201795548,0.9916928401216865,-0.8502522379159927,0.0047029722
48,62,196608,3149,929.26,0.35064175724983215,-18.43857247,0.0003,0.8981400072574616,0.2,0.01220703125,470,-0.001847072213422507,0.9908531848341227,-0.7653850212693214,0.0026041013
49,62,200704,3209,930.64,1.1468040943145752,-17.81235001,0.0003,2.3710273832082747,0.2,0.000439453125,480,-0.0007566009531728924,0.9882258893921971,-0.7820428386330605,0.00079914473
50,62,204800,3268,930.64,0.7236599922180176,-15.659041000000002,0.0003,1.9705546468496322,0.2,0.0014892578125,490,-0.0004600773856509477,0.983186312019825,-0.7338501021265984,0.0006166753
51,62,208896,3328,930.64,0.1283256709575653,-16.364620170000002,0.0003,0.3343385361135006,0.2,0.0052490234375,500,-0.0017795361520256848,0.9949638522230089,-0.7137321069836616,0.002767502
52,62,212992,3387,930.64,1.0715197324752808,-16.87665477,0.0003,2.4213625699281693,0.2,0.007421875,510,-0.0009624338243156671,0.9851183667778969,-0.6647890135645866,0.0020172691
53,63,217088,3445,924.82,0.1707434058189392,-16.883256959999997,0.0003,0.41421145349740984,0.2,0.0089111328125,520,-0.002034377126256004,0.9958066483959556,-0.6376093462109566,0.00207776
54,63,221184,3501,932.76,6.246792316436768,-15.598525769999998,0.0003,13.213816100358963,0.2,0.0126708984375,530,-0.00210663954494521,0.9050868302583694,-0.6052488386631012,0.0049683694
55,63,225280,3562,932.76,0.2617502510547638,-15.780688280000001,0.0003,0.7932357519865036,0.2,0.0081298828125,540,-0.0006715665687806905,0.9898277055472136,-0.6412619709968567,0.0016137988
56,63,229376,3619,932.76,0.21663694083690643,-16.228781510000005,0.0003,0.6490637674927712,0.2,0.0208740234375,550,-0.0011412905616452918,0.9900763770565391,-0.6980243116617203,0.0017544022
57,63,233472,3680,926.91,0.23172548413276672,-18.234404929999997,0.0003,0.6182345077395439,0.2,0.01259765625,560,-0.0018241001991555095,0.9938838132657111,-0.679396778345108,0.000935519
58,63,237568,3741,926.91,7.157159805297852,-18.74118265,0.0003,10.959621205925941,0.2,0.033447265625,570,-0.0006370973598677665,0.9206700697541237,-0.6873849838972091,0.0051151887
59,63,241664,3803,926.91,0.26705992221832275,-19.166809150000002,0.0003,0.5652786217629909,0.2,0.0048095703125,580,-0.0005696643667761237,0.9909995198249817,-0.6230255261063575,0.002509602
60,63,245760,3862,932.21,0.48688414692878723,-19.07934623,0.0003,1.5907561227679252,0.2,0.0107421875,590,-0.0012799243500921874,0.9850333593785763,-0.6297018602490425,0.002661596
61,63,249856,3927,944.69,0.31901612877845764,-18.470627649999997,0.0003,1.1194050520658494,0.2,0.0090576171875,600,-0.0014733362884726375,0.9895481839776039,-0.5766052857041359,0.0016635966
62,63,253952,3986,944.69,0.40860795974731445,-17.36791549,0.0003,1.0772445172071456,0.2,0.0257080078125,610,-0.001989627239527181,0.9892558278515935,-0.6389596104621887,0.0027366537
63,63,258048,4046,950.72,0.22243058681488037,-17.65547824,0.0003,0.728629395365715,0.2,0.0128173828125,620,-0.0021279953012708574,0.99032923579216,-0.6536413758993149,0.00245864
64,63,262144,4103,962.84,0.11813706904649734,-17.12501058,0.0003,0.4253399856388569,0.2,0.0060546875,630,-0.0016993214725516737,0.9950105459429324,-0.6100387334823608,0.0013246643
65,63,266240,4163,965.62,0.2009924054145813,-18.719507800000002,0.0003,0.5097234778106212,0.2,0.008642578125,640,-0.0008325902512297034,0.9938402087427676,-0.6324249356985092,0.0023811434
66,64,270336,4223,971.61,2.716747760772705,-17.794086980000003,0.0003,13.386818701028824,0.2,0.0031494140625,650,-0.000894890702329576,0.9034540429711342,-0.6748528420925141,0.0014102468
67,64,274432,4282,978.2,0.243706613779068,-18.06101503,0.0003,0.740575835108757,0.2,0.0116943359375,660,-0.001226002158364281,0.9911982044577599,-0.6550645142793655,0.00346318
68,64,278528,4343,978.2,0.43807774782180786,-18.54075718,0.0003,1.4858987972140312,0.2,0.0273681640625,670,-0.0009129916492383927,0.9753753840923309,-0.8853484690189362,0.007593544
69,64,282624,4405,985.15,0.2883094549179077,-19.9326532,0.0003,0.9347639545798302,0.2,0.022265625,680,-0.002997082460206002,0.9834864344447851,-0.8505655854940415,0.0053344527
70,64,286720,4467,985.15,0.34382468461990356,-20.237015470000003,0.0003,1.0213103652000428,0.2,0.024853515625,690,-0.003713860095012933,0.9824660383164883,-0.8596472114324569,0.0040085847
71,64,290816,4526,985.15,0.23407875001430511,-20.128168379999998,0.0003,0.5851940765976906,0.2,0.0105712890625,700,-0.00208608127431944,0.988464049063623,-0.7239715069532394,0.0046214825
72,64,294912,4588,985.15,0.5432378053665161,-19.65422556,0.0003,1.7116683810949325,0.2,0.0057373046875,710,-0.0016899237525649369,0.9818117097020149,-0.5842247202992439,0.0011777347
73,64,299008,4649,985.15,0.16714031994342804,-20.29524967,0.0003,0.4549023449420929,0.2,0.0187744140625,720,-0.0026225797832012177,0.9911250835284591,-0.5975331395864487,0.0025011958
74,64,303104,4711,985.15,0.2545921206474304,-22.272069629999997,0.0003,0.6988688468933105,0.2,0.0027099609375,730,-0.0011711487430147826,0.9891251418739557,-0.607628746330738,0.001151375
75,64,307200,4773,985.15,0.13320526480674744,-21.76575146,0.0003,0.3761972837150097,0.2,0.004296875,740,-0.0023923158063553275,0.9943125364370644,-0.5507326424121857,0.0010587738
76,64,311296,4836,985.15,0.12281487882137299,-21.579322140000002,0.0003,0.40063228756189345,0.2,0.021826171875,750,-0.003853676308062859,0.9954005004838109,-0.5817003697156906,0.0041621975
77,64,315392,4895,990.97,0.11334901303052902,-22.36036582,0.0003,0.3577285010367632,0.2,0.0181396484375,760,-0.0016844695433974265,0.9913566000759602,-0.6231687605381012,0.0024526354
78,64,319488,4953,990.97,0.296516478061676,-22.67450395,0.0003,0.5786301873624324,0.2,0.0191650390625,770,-0.003519119304837659,0.9939593309536576,-0.6997643992304802,0.0039087413
79,64,323584,5015,990.97,0.14756624400615692,-22.572305240000002,0.0003,0.41499733105301856,0.2,0.0197509765625,780,-0.0016563741839490831,0.9932873737998307,-0.727023783326149,0.0025638118
80,64,327680,5073,990.97,0.2514553964138031,-22.491167009999995,0.0003,0.6246466986835003,0.2,0.0151611328125,790,-0.0019537501386366783,0.9927937667816877,-0.8101099446415901,0.0025887254
81,64,331776,5136,996.82,0.22787177562713623,-21.736490599999996,0.0003,0.6712178818881511,0.2,0.010791015625,800,-0.0031494338414631783,0.986887838691473,-0.9235615000128746,0.00089440297
82,64,335872,5202,996.82,1.2002464532852173,-21.51081229,0.0003,2.202910855412483,0.2,0.0052734375,810,-0.0018870544445235282,0.9755932241678238,-0.9199078619480133,0.0046981894
83,64,339968,5266,996.82,0.7755728960037231,-20.551076119999998,0.0003,2.11477812230587,0.2,0.0243408203125,820,-0.0018486821529222653,0.9565125852823257,-0.8967398300766944,0.0057041054
84,64,344064,5326,996.82,0.7186417579650879,-20.577371580000005,0.0003,1.8294617176055907,0.2,0.0381591796875,830,-0.0016824934340547771,0.97572354786098,-0.9465432941913605,0.00400473
85,64,348160,5385,996.82,0.34449467062950134,-20.26812207,0.0003,1.2704838067293167,0.2,0.0128662109375,840,-0.001888463704381138,0.9749747160822153,-1.0562555074691773,0.0051857997
86,64,352256,5447,996.82,0.44761914014816284,-20.380464050000004,0.0003,1.1533861964941026,0.2,0.006787109375,850,-0.002291639073519036,0.9833902101963758,-0.7964717105031014,0.0025260784
87,64,356352,5507,996.82,0.324465811252594,-20.74017934,0.0003,0.7719626918435096,0.2,0.005322265625,860,-0.0028478526975959538,0.9891991792246699,-0.7863313555717468,0.0021313662
88,64,360448,5568,996.82,0.33448418974876404,-20.70574416,0.0003,1.192177452147007,0.2,0.029443359375,870,-0.002075375779531896,0.9830975830554962,-0.7660413891077041,0.0031181145
89,64,364544,5628,996.82,0.3145253360271454,-20.840371430000005,0.0003,0.7281898342072963,0.2,0.0276123046875,880,-0.0013301187427714467,0.9858086360618472,-0.8074176520109176,0.008446144
90,64,368640,5693,1000.0,1.0144327878952026,-20.224818499999998,0.0003,2.0117519587278365,0.2,0.0210205078125,890,6.81305828038603e-05,0.968163538724184,-0.8216217443346977,0.011739214
91,64,372736,5753,1000.0,0.4366922974586487,-19.65159337,0.0003,1.0324939668178559,0.2,0.0075439453125,900,-0.0009844354935921729,0.9843123685568571,-0.7683083832263946,0.0033940687
92,64,376832,5813,1000.0,0.22434508800506592,-19.7711453,0.0003,0.5648168690502644,0.2,0.0043212890625,910,-0.001105260557960719,0.9925044383853674,-0.5703915432095528,0.0012761082
93,64,380928,5875,1000.0,0.1698974370956421,-19.908100400000002,0.0003,0.4458777941763401,0.2,0.012109375,920,-0.0018252046080306172,0.9944497598335147,-0.5816249966621398,0.0026173377
94,64,385024,5934,1000.0,0.17496825754642487,-19.872262350000003,0.0003,0.5871552519500256,0.2,0.0104248046875,930,-0.0010658934421371668,0.9892114521935582,-0.6142615646123886,0.0028511006
95,64,389120,5997,1000.0,0.5758602023124695,-19.597658850000002,0.0003,1.5918318584561348,0.2,0.0158935546875,940,-0.0024655310378875585,0.9809270389378071,-0.7270343884825706,0.0020179078
96,64,393216,6056,1000.0,0.4421217739582062,-18.980264690000002,0.0003,1.5777229383587836,0.2,0.025927734375,950,-0.002654084423556924,0.9725191202014685,-0.7945316940546036,0.0063350163
97,64,397312,6115,1000.0,0.5214949250221252,-19.328389780000002,0.0003,1.4313493013381957,0.2,0.01708984375,960,-0.0016263488563708962,0.9843965191394091,-0.5867241784930229,0.0022015737
98,64,401408,6175,1000.0,0.29300352931022644,-19.01770646,0.0003,0.9006948843598366,0.2,0.0022705078125,970,-0.0004990139335859567,0.9809526838362217,-0.45783102363348005,0.00035150663
99,65,405504,6234,1000.0,0.30522245168685913,-18.89301329,0.0003,0.5525372102856636,0.2,0.005078125,980,-0.001837838487699628,0.9938534498214722,-0.40146045237779615,0.001190566
100,65,409600,6295,1000.0,0.10371110588312149,-19.47064042,0.0003,0.3468757949769497,0.2,0.0300537109375,990,-0.002597131277434528,0.9947869875468314,-0.39293050169944765,0.024525456
101,65,413696,6354,1000.0,0.39363259077072144,-19.118699239999998,0.0003,0.9073165968060494,0.2,0.0251953125,1000,-0.0019093110371613876,0.9900748068466783,-0.4202065132558346,0.0025431304
102,65,417792,6415,1000.0,0.6448129415512085,-19.0523063,0.0003,1.7543510735034942,0.2,0.0183349609375,1010,-0.0022163777437526734,0.9664408825337887,-0.6230753168463707,0.004216451
103,65,421888,6476,1000.0,0.750610888004303,-19.17458983,0.0003,1.8755263969302178,0.2,0.0065673828125,1020,-0.001620136690326035,0.9796785246580839,-0.5206329539418221,0.0012154621
104,65,425984,6536,1000.0,0.6918626427650452,-18.094666519999997,0.0003,2.0168809473514555,0.2,0.006591796875,1030,-0.0006343551911413669,0.9666207320988178,-0.4826728902757168,0.0014112375
105,65,430080,6596,1000.0,0.3336133658885956,-18.232372709999996,0.0003,0.7467946968972683,0.2,0.0046630859375,1040,-0.0016011039668228477,0.9908782225102186,-0.4459447473287582,0.0010789518
106,65,434176,6654,1000.0,0.1672843098640442,-18.51859121,0.0003,0.35448406971991064,0.2,0.0095947265625,1050,-0.0008981108199805022,0.9953088983893394,-0.40259637534618375,0.0009835503
107,65,438272,6713,1000.0,0.20925664901733398,-18.98577444,0.0003,0.46748104244470595,0.2,0.016796875,1060,-0.0022991476231254636,0.9955103253014386,-0.4519869089126587,0.0015249916
108,65,442368,6775,1000.0,0.2053954303264618,-19.77972064,0.0003,0.49284320399165155,0.2,0.0187744140625,1070,-0.0009577270364388823,0.9931052280589938,-0.4866567552089691,0.0017054427
109,65,446464,6835,1000.0,0.340330570936203,-20.24565562,0.0003,0.9692990988492965,0.2,0.027734375,1080,0.000618496141396463,0.9869570378214121,-0.6061126530170441,0.0029237024
110,65,450560,6896,1000.0,0.35950055718421936,-20.180006430000002,0.0003,0.7429540231823921,0.2,0.03525390625,1090,0.00036862786510027945,0.9861232219263911,-0.7100374832749367,0.0058943974
111,65,454656,6956,1000.0,0.5105628967285156,-20.61526511,0.0003,1.135082982480526,0.2,0.036962890625,1100,-0.0010270485305227338,0.9862496564164758,-0.7788781210780144,0.0061009047
112,65,458752,7023,1000.0,0.43574613332748413,-20.795761940000002,0.0003,1.3208601981401444,0.2,0.0327392578125,1110,-0.0005642074334900826,0.9743564091622829,-0.977576094865799,0.0022921911
113,65,462848,7088,1000.0,0.35189294815063477,-20.494285610000002,0.0003,1.142399713397026,0.2,0.0485107421875,1120,-0.0001457347418181598,0.9861805643886328,-0.9833702251315117,0.0070153493
114,65,466944,7156,1000.0,0.5389418005943298,-20.44389097,0.0003,1.3751155316829682,0.2,0.0960205078125,1130,-0.0029949172807391734,0.9777920134365559,-0.8880191996693612,0.009201649
115,65,471040,7221,1000.0,0.37862467765808105,-20.385841100000004,0.0003,1.0008519053459168,0.2,0.0578857421875,1140,-0.0018718870356678962,0.9836054220795631,-0.879524739086628,0.0064499597
116,65,475136,7279,1000.0,0.6886584162712097,-19.787069760000005,0.0003,1.992910447716713,0.2,0.006005859375,1150,-0.0006581179972272366,0.9607521742582321,-0.6237297922372818,0.0012960576
117,65,479232,7341,1000.0,0.7370299100875854,-19.686200050000004,0.0003,1.389275275170803,0.2,0.0104736328125,1160,-0.0006012656085658818,0.9783059507608414,-0.6251143231987953,0.0023037838
118,65,483328,7402,1000.0,0.36663317680358887,-18.84828824,0.0003,1.061812625825405,0.2,0.025439453125,1170,-0.0017884398635942488,0.9742951337248087,-0.571969099342823,0.0047074393
119,65,487424,7464,1000.0,0.43392759561538696,-19.34046689,0.0003,1.1356172531843185,0.2,0.009619140625,1180,-0.0011356270755641163,0.9808740522712469,-0.4940135933458805,0.002048651
120,65,491520,7526,1000.0,0.3870481252670288,-19.836956880000002,0.0003,1.0355067297816276,0.2,0.0062255859375,1190,0.0014306973956990988,0.9764873199164867,-0.4214731052517891,0.0010376994
121,65,495616,7587,1000.0,0.2761809527873993,-20.26946517,0.0003,0.7923939198255538,0.2,0.011669921875,1200,-9.252735180780292e-05,0.990234212949872,-0.46425231024622915,0.0026563024
122,65,499712,7649,1000.0,0.18046416342258453,-20.59286005,0.0003,0.5055848680436611,0.2,0.01640625,1210,0.00023580871056765317,0.9904134245589375,-0.36319026052951814,0.0029251417
123,65,503808,7709,1000.0,0.377005398273468,-20.25271724,0.0003,1.0158042803406715,0.2,0.011279296875,1220,-0.0009722514485474675,0.9865720020607114,-0.42159867882728574,0.0070765917
124,65,507904,7769,1000.0,0.07506836950778961,-20.03165068,0.0003,0.2683462701737881,0.2,0.03134765625,1230,-0.0036113772890530526,0.9953681500628591,-0.44391580671072006,0.027058586
125,65,512000,7830,1000.0,0.24933022260665894,-19.85725466,0.0003,0.5336550563573838,0.2,0.01884765625,1240,-0.002124320704024285,0.9930395255796611,-0.3903279289603233,0.0033712592
126,65,516096,7893,1000.0,0.10938554257154465,-20.06737739,0.0003,0.36997872926294806,0.2,0.024169921875,1250,-0.0011359123571310192,0.9937951532192528,-0.3891166150569916,0.007697033
127,65,520192,7953,1000.0,0.5181028842926025,-19.78500233,0.0003,1.0272560372948647,0.2,0.0119384765625,1260,-0.0004933941701892764,0.9928929703310132,-0.6572507619857788,0.0007647181
128,65,524288,8013,1000.0,0.13442526757717133,-19.576650559999997,0.0003,0.5109556145966053,0.2,0.0578125,1270,0.0012265608180314302,0.9940305976197124,-0.7320910066366195,0.009365841
129,65,528384,8076,1000.0,0.2719171941280365,-20.25858658,0.0003,0.721824423968792,0.2,0.064501953125,1280,0.001466392126167193,0.9940702491439879,-0.8764693051576614,0.0036572556
130,65,532480,8140,1000.0,0.39615288376808167,-19.867169720000003,0.0003,0.9463534094393253,0.2,0.0580078125,1290,-0.0005692747887223959,0.9860246293246746,-0.9676498040556908,0.017279077
131,65,536576,8204,1000.0,0.18888679146766663,-20.083601260000002,0.0003,0.6843238770961761,0.2,0.1613037109375,1300,0.006346564379055053,0.9934508297592402,-1.0148379072546958,0.008069425
132,65,540672,8268,1000.0,0.18463106453418732,-20.019712549999998,0.0003,0.469175536185503,0.2,0.255224609375,1310,0.009096282126847655,0.9944306272082031,-1.050498726963997,0.010847557
133,65,544768,8333,1000.0,0.4418630003929138,-19.49909836,0.0003,0.962228137254715,0.2,0.146728515625,1320,-0.004949850105913356,0.9881967296823859,-1.0397170811891556,0.011527536
134,65,548864,8395,1000.0,0.23607589304447174,-19.43566235,0.0003,0.44523107409477236,0.2,0.1317626953125,1330,0.0032063369115348907,0.9942330773919821,-1.064450903236866,0.009634785
135,65,552960,8455,1000.0,0.11908245831727982,-19.24824846,0.0003,0.3198440156877041,0.2,0.0656494140625,1340,0.0014650827622972428,0.9960374385118484,-0.9592206388711929,0.025820468
136,65,557056,8519,1000.0,0.15346959233283997,-19.230622760000003,0.0003,0.321362366527319,0.2,0.0527099609375,1350,-0.0014087002782616764,0.9970293182414025,-1.0413698062300683,0.0025958791
137,65,561152,8580,1000.0,0.15658822655677795,-19.343111629999996,0.0003,0.3377346027642488,0.2,0.055029296875,1360,0.0006848940916825086,0.9961543418467045,-1.0517868533730508,0.0424764
138,65,565248,8642,1000.0,0.10300420224666595,-19.666802829999998,0.0003,0.2849788747727871,0.2,0.0560791015625,1370,-0.002724085800582543,0.99739850172773,-0.9346702992916107,0.0041873665
139,65,569344,8703,1000.0,0.1663140505552292,-20.16417554,0.0003,0.35305284410715104,0.2,0.024853515625,1380,-0.0014261266158428043,0.9951637950725853,-0.926421445608139,0.0040750564
140,65,573440,8765,1000.0,0.30226844549179077,-20.02185989,0.0003,0.6854078322649002,0.2,0.0275634765625,1390,-0.001869068300584331,0.9906378323212266,-0.9449795991182327,0.005235582
141,65,577536,8831,1000.0,0.19916915893554688,-20.837764659999998,0.0003,0.4461426749825478,0.2,0.0383544921875,1400,-0.0038236654945649207,0.9929019096307456,-0.8990628972649575,0.005512719
142,65,581632,8891,1000.0,0.29027774930000305,-20.786416319999997,0.0003,0.713651891052723,0.2,0.0299560546875,1410,-0.0018252868088893593,0.9917850866913795,-0.9088117092847824,0.0045887236
143,65,585728,8953,1000.0,0.4730856716632843,-21.079548300000003,0.0003,1.3813784942030907,0.2,0.0220458984375,1420,0.0010578578338027,0.9684117548167706,-0.8312622025609017,0.0031442973
144,65,589824,9013,1000.0,0.22368746995925903,-20.5983697,0.0003,0.714781267940998,0.2,0.0586181640625,1430,-0.0012751056347042322,0.9861598098650575,-0.8559317231178284,0.010971379
145,65,593920,9079,1000.0,0.14964140951633453,-21.021009980000002,0.0003,0.4686557535082102,0.2,0.0342041015625,1440,-0.002731523150578141,0.9926095949485898,-0.8986418977379799,0.0057515353
146,65,598016,9141,1000.0,0.2009963095188141,-20.767399150000003,0.0003,0.4633664168417454,0.2,0.0429443359375,1450,-0.0023191469255834816,0.9952307483181357,-0.8438831195235252,0.00573192
147,65,602112,9203,1000.0,0.23138047754764557,-21.29348445,0.0003,0.4521577626466751,0.2,0.034765625,1460,-0.001647454296471551,0.9934795438311994,-0.8364773318171501,0.0031116637
