train/learning_rate,train/value_loss,train/policy_loss,train/explained_variance,train/n_updates,rollout/ep_rew_mean,time/fps,train/entropy_loss,time/iterations,time/time_elapsed,time/total_timesteps,rollout/ep_len_mean
0.0007,10.475131034851074,1.962902307510376,0.2687649726867676,99,24.42105263157895,150,-0.6792086958885193,100,3,500,24.42105263157895
0.0007,7.099676609039307,1.825844168663025,0.2190340757369995,199,26.210526315789473,184,-0.5119757056236267,200,5,1000,26.210526315789473
0.0007,5.681281566619873,1.2569429874420166,0.005645334720611572,299,28.26923076923077,192,-0.6233256459236145,300,7,1500,28.26923076923077
0.0007,6.4163665771484375,0.7942409515380859,0.07718479633331299,399,31.1875,200,-0.5175507068634033,400,9,2000,31.1875
0.0007,5.257890701293945,0.8791773915290833,-0.005317807197570801,499,33.62162162162162,206,-0.6216372847557068,500,12,2500,33.62162162162162
0.0007,5.155769348144531,1.4094820022583008,0.01072990894317627,599,35.81707317073171,216,-0.5277579426765442,600,13,3000,35.81707317073171
0.0007,4.630136966705322,1.461437463760376,0.11187547445297241,699,39.08045977011494,223,-0.5608638525009155,700,15,3500,39.08045977011494
0.0007,3.9439163208007812,0.7656723856925964,0.004687964916229248,799,42.70967741935484,228,-0.5501279234886169,800,17,4000,42.70967741935484
0.0007,3.4126598834991455,0.6980785131454468,0.0015507936477661133,899,44.31958762886598,234,-0.6056261658668518,900,19,4500,44.31958762886598
0.0007,2.926570177078247,0.5706227421760559,0.0015867352485656738,999,49.34,237,-0.6150191426277161,1000,21,5000,49.34
0.0007,2.4583537578582764,0.6626262068748474,-0.00043523311614990234,1099,53.35,239,-0.5416008234024048,1100,22,5500,53.35
0.0007,2.0399832725524902,0.7389957904815674,0.0019759535789489746,1199,57.69,241,-0.5398985147476196,1200,24,6000,57.69
0.0007,1.6703914403915405,0.8776726722717285,-0.010307908058166504,1299,60.79,243,-0.5118770003318787,1300,26,6500,60.79
0.0007,1.319222331047058,0.45995980501174927,0.0007004737854003906,1399,66.6,245,-0.584601104259491,1400,28,7000,66.6
0.0007,1.0346330404281616,0.4366398751735687,-0.0006059408187866211,1499,70.35,247,-0.5233844518661499,1500,30,7500,70.35
0.0007,0.7649248242378235,0.4539251923561096,0.0013823509216308594,1599,73.84,248,-0.650497555732727,1600,32,8000,73.84
0.0007,0.5475535988807678,0.2649437487125397,-1.4066696166992188e-05,1699,78.18,249,-0.6297163367271423,1700,34,8500,78.18
0.0007,0.36369726061820984,0.28845536708831787,7.593631744384766e-05,1799,82.5,247,-0.6507183909416199,1800,36,9000,82.5
0.0007,0.21739016473293304,0.16636872291564941,0.00028443336486816406,1899,86.01,247,-0.6290923357009888,1900,38,9500,86.01
0.0007,0.11257120221853256,0.11182638257741928,1.4662742614746094e-05,1999,88.55,247,-0.5854344964027405,2000,40,10000,88.55
0.0007,0.03971659019589424,0.07887988537549973,0.00020176172256469727,2099,92.07,248,-0.43823376297950745,2100,42,10500,92.07
0.0007,0.004751019179821014,0.021596629172563553,-0.0005947351455688477,2199,96.08,249,-0.451814740896225,2200,44,11000,96.08
0.0007,5.778775084763765e-05,0.002308546332642436,0.001374959945678711,2299,98.67,251,-0.4664054811000824,2300,45,11500,98.67
0.0007,1.7880591258290224e-05,0.0012587138917297125,-1.52587890625e-05,2399,102.06,252,-0.4312445819377899,2400,47,12000,102.06
0.0007,8.194358088076115e-06,0.0019716478418558836,-4.839897155761719e-05,2499,104.65,252,-0.39234304428100586,2500,49,12500,104.65
0.0007,5.919486625316495e-07,0.00026971055194735527,0.01326608657836914,2599,107.52,252,-0.4487154185771942,2600,51,13000,107.52
0.0007,8.989801244752016e-06,0.001305945566855371,0.014975428581237793,2699,111.05,252,-0.5121316313743591,2700,53,13500,111.05
0.0007,2.4874461246326973e-07,0.0002216115826740861,0.04054683446884155,2799,113.36,253,-0.423697292804718,2800,55,14000,113.36
0.0007,2.726470256675384e-06,0.0005569746135734022,-0.018568038940429688,2899,115.91,254,-0.5947484970092773,2900,57,14500,115.91
0.0007,1.066722961695632e-05,0.0016149244038388133,-0.0030781030654907227,2999,117.29,254,-0.5562286972999573,3000,58,15000,117.29
0.0007,1.0461662895977497e-06,0.000507789955008775,0.009735703468322754,3099,117.18,255,-0.6021939516067505,3100,60,15500,117.18
0.0007,3.235181722516245e-08,-7.442667265422642e-05,-27.167272567749023,3199,118.11,254,-0.5902274250984192,3200,62,16000,118.11
0.0007,2.0372681319713593e-09,1.4905416719557252e-05,0.0,3299,121.04,254,-0.5428666472434998,3300,64,16500,121.04
0.0007,5.46621267858427e-05,0.002714912872761488,-0.003470778465270996,3399,121.36,254,-0.5894663333892822,3400,66,17000,121.36
0.0007,4.683549195760861e-05,0.003291050437837839,-0.0030002593994140625,3499,123.7,255,-0.5591997504234314,3500,68,17500,123.7
0.0007,3.4458935704861915e-09,2.809705983963795e-05,-0.12000000476837158,3599,124.48,256,-0.48474302887916565,3600,70,18000,124.48
0.0007,9.969808445475792e-08,0.0001405051298206672,0.049051105976104736,3699,126.64,256,-0.6067177653312683,3700,71,18500,126.64
0.0007,8.371868716494646e-06,0.0008183605968952179,-0.0018198490142822266,3799,126.4,257,-0.5142027735710144,3800,73,19000,126.4
0.0007,2.6612543280180034e-08,-9.590928675606847e-05,0.062053024768829346,3899,125.02,257,-0.5047355890274048,3900,75,19500,125.02
0.0007,8.468541636830196e-05,0.0029568567406386137,0.0010821819305419922,3999,124.99,256,-0.5368554592132568,4000,77,20000,124.99
0.0007,0.00042948249028995633,0.004391340538859367,-0.006643414497375488,4099,123.73,256,-0.3858359754085541,4100,79,20500,123.73
0.0007,3.009768079209607e-05,0.0012219181517139077,0.10712462663650513,4199,119.95,256,-0.5321899056434631,4200,81,21000,119.95
0.0007,3.3171381801366806e-05,0.003069863189011812,0.4228193163871765,4299,118.39,255,-0.36080706119537354,4300,84,21500,118.39
0.0007,572.593017578125,-4.93630313873291,-29.534841537475586,4399,117.94,255,-0.4632395803928375,4400,85,22000,117.94
0.0007,7.666767487535253e-05,-0.0057678320445120335,-2.2310330867767334,4499,119.7,256,-0.4899151921272278,4500,87,22500,119.7
0.0007,0.001254293485544622,-0.02508467808365822,-5.157643795013428,4599,124.4,256,-0.4361886978149414,4600,89,23000,124.4
0.0007,0.06574375927448273,0.08075287193059921,-9.266020774841309,4699,126.62,257,-0.5232884287834167,4700,91,23500,126.62
0.0007,7.08316247255425e-06,0.0007540243095718324,-0.8927459716796875,4799,130.18,257,-0.4515603184700012,4800,93,24000,130.18
0.0007,2.2379449546860997e-06,-0.0006696814671158791,0.11242657899856567,4899,132.91,258,-0.5098770260810852,4900,94,24500,132.91
0.0007,0.0003737115184776485,0.008918363600969315,-673.3015747070312,4999,137.5,258,-0.47074195742607117,5000,96,25000,137.5
0.0007,1.9164524474035716e-06,-0.0004916379111818969,0.01041489839553833,5099,139.76,258,-0.5244105458259583,5100,98,25500,139.76
0.0007,4.205748155072797e-06,-0.0006958719459362328,0.0018737316131591797,5199,142.63,258,-0.4770882725715637,5200,100,26000,142.63
0.0007,6.783520944964039e-08,-6.655531615251675e-05,-0.018308639526367188,5299,143.49,259,-0.5466637015342712,5300,102,26500,143.49
0.0007,9.008916208586015e-07,-0.00023945885186549276,-0.005346179008483887,5399,144.22,259,-0.42339640855789185,5400,104,27000,144.22
0.0007,2.7474015951156616e-08,-5.189504736335948e-05,0.24233263731002808,5499,145.45,259,-0.4594722390174866,5500,105,27500,145.45
0.0007,4.599825388140744e-06,0.0005370623548515141,-1.461198329925537,5599,146.43,259,-0.5365884304046631,5600,107,28000,146.43
0.0007,3.4419355188219924e-07,0.0001724599424051121,-0.026845693588256836,5699,145.34,260,-0.5363374948501587,5700,109,28500,145.34
0.0007,0.00018668820848688483,0.005479664541780949,-1.0697011947631836,5799,144.39,260,-0.5868628025054932,5800,111,29000,144.39
0.0007,9400.6875,-58.06892013549805,-0.0006000995635986328,5899,143.38,260,-0.46666041016578674,5900,113,29500,143.38
0.0007,4.7310024342550605e-07,0.000399631739128381,-0.039138078689575195,5999,141.45,261,-0.532117486000061,6000,114,30000,141.45
0.0007,3.770098555833101e-05,0.002261510817334056,-0.44221949577331543,6099,139.25,261,-0.5254871249198914,6100,116,30500,139.25
0.0007,2.4921027375057747e-07,0.0002133631205651909,5.245208740234375e-05,6199,139.02,261,-0.5634147524833679,6200,118,31000,139.02
0.0007,1.0258529982820619e-05,0.0012606154195964336,0.08015429973602295,6299,129.37,261,-0.4461725652217865,6300,120,31500,129.37
0.0007,3.1973493605619296e-05,0.004019611515104771,-0.3567622900009155,6399,124.7,261,-0.47410017251968384,6400,122,32000,124.7
0.0007,3.532012851792388e-05,0.004638302139937878,-0.530377984046936,6499,123.81,261,-0.3937622606754303,6500,124,32500,123.81
0.0007,2.4830223992466927e-06,0.0006996755837462842,-0.0032466650009155273,6599,122.41,261,-0.6221287846565247,6600,125,33000,122.41
0.0007,3.405357801966602e-06,0.0007925838581286371,3.814697265625e-06,6699,122.26,262,-0.6411580443382263,6700,127,33500,122.26
0.0007,9406.609375,-39.405914306640625,0.0,6799,123.47,262,-0.4364246428012848,6800,129,34000,123.47
0.0007,5.8004992752103135e-05,0.002097825286909938,-0.39179158210754395,6899,122.25,262,-0.5802987217903137,6900,131,34500,122.25
0.0007,6.165060767671093e-05,0.003203559434041381,-0.24110376834869385,6999,115.62,262,-0.5494815707206726,7000,133,35000,115.62
0.0007,4.074885509908199e-06,0.0010156595380976796,-0.05103576183319092,7099,111.63,262,-0.5805596709251404,7100,135,35500,111.63
0.0007,9.52994596445933e-05,0.004763494711369276,-0.021492719650268555,7199,104.47,263,-0.6617957353591919,7200,136,36000,104.47
0.0007,3.9904844584270904e-07,0.00026840646751224995,0.0005328059196472168,7299,100.26,263,-0.5566368103027344,7300,138,36500,100.26
0.0007,8.241785508289468e-06,0.001501602353528142,-0.05882525444030762,7399,100.81,263,-0.5368705987930298,7400,140,37000,100.81
0.0007,3.2967656693472236e-07,0.00031402858439832926,0.0006317496299743652,7499,101.24,263,-0.5584749579429626,7500,142,37500,101.24
0.0007,4.435424028059742e-09,3.309106614324264e-05,-0.07999992370605469,7599,102.78,263,-0.5872159004211426,7600,143,38000,102.78
0.0007,1.1059455573558807e-09,7.94873631093651e-06,-0.4799998998641968,7699,103.4,264,-0.5983679890632629,7700,145,38500,103.4
0.0007,1.273816536695449e-07,0.00017524012946523726,-0.5958565473556519,7799,105.79,264,-0.5971598625183105,7800,147,39000,105.79
0.0007,4.598405212163925e-09,2.3067588699632324e-05,-2.0799999237060547,7899,108.1,264,-0.45389434695243835,7900,149,39500,108.1
0.0007,8.172623893187847e-06,0.001378942746669054,-0.02761256694793701,7999,111.84,264,-0.6412321329116821,8000,151,40000,111.84
0.0007,5.820766091346741e-11,-1.3560363640863216e-06,nan,8099,113.15,264,-0.5220686793327332,8100,152,40500,113.15
0.0007,4.554036058834754e-05,0.0035101640969514847,-0.08679056167602539,8199,117.61,264,-0.659263551235199,8200,154,41000,117.61
0.0007,7590.5556640625,-72.29957580566406,4.976987838745117e-05,8299,119.99,265,-0.4845227301120758,8300,156,41500,119.99
0.0007,9.196810535350153e-10,7.4734657573571894e-06,0.46666663885116577,8399,122.76,265,-0.55482017993927,8400,158,42000,122.76
0.0007,4.3073669631077394e-10,-2.036591922660591e-06,nan,8499,124.1,266,-0.5424186587333679,8500,159,42500,124.1
0.0007,1.0159693374589551e-05,0.0013507987605407834,-0.11782002449035645,8599,129.17,266,-0.5919172167778015,8600,161,43000,129.17
0.0007,0.0,3.237936880395864e-06,nan,8699,130.7,267,-0.5629450678825378,8700,162,43500,130.7
0.0007,1.471061295887921e-05,0.0019876088481396437,-0.018361806869506836,8799,129.13,267,-0.6642991304397583,8800,164,44000,129.13
0.0007,7.474678795915679e-07,0.00044394313590601087,0.402022123336792,8899,132.04,268,-0.5780196785926819,8900,165,44500,132.04
0.0007,8.731149137020111e-10,1.0121332707058173e-05,-2.3199996948242188,8999,134.4,268,-0.5844706892967224,9000,167,45000,134.4
0.0007,4.507401172304526e-05,0.0036614511627703905,0.057153940200805664,9099,138.18,269,-0.552046000957489,9100,169,45500,138.18
0.0007,1.4668330994282996e-09,-2.6421537768328562e-05,-1.4800000190734863,9199,141.46,269,-0.6031380891799927,9200,170,46000,141.46
0.0007,1.5133992670168794e-10,4.149614142079372e-06,nan,9299,144.28,269,-0.6698379516601562,9300,172,46500,144.28
0.0007,4.307366907596588e-09,4.7717257984913886e-06,-6.880000114440918,9399,149.58,269,-0.372689813375473,9400,174,47000,149.58
0.0007,5.182810269843685e-08,0.00010198086238233373,-0.06889486312866211,9499,153.4,270,-0.4149339199066162,9500,175,47500,153.4
0.0007,2.9918738597700667e-09,1.5093205547600519e-05,nan,9599,155.8,270,-0.5206184387207031,9600,177,48000,155.8
0.0007,2.793967834868738e-10,8.534437370144587e-07,nan,9699,159.8,271,-0.5757280588150024,9700,178,48500,159.8
0.0007,2.793967834868738e-10,-9.274936019210145e-07,nan,9799,163.75,271,-0.5698465704917908,9800,180,49000,163.75
0.0007,1.6181730400077754e-09,-1.8959401131724007e-05,-6.319999694824219,9899,167.77,272,-0.5469576120376587,9900,181,49500,167.77
0.0007,2.793967834868738e-10,2.727328762830439e-07,nan,9999,171.86,272,-0.5536690950393677,10000,183,50000,171.86
0.0007,4.3667387927825985e-08,-0.00010444035433465615,0.13412392139434814,10099,175.61,272,-0.6058764457702637,10100,185,50500,175.61
0.0007,2.3283064365386963e-10,-0.0,nan,10199,181.45,273,-0.6059403419494629,10200,186,51000,181.45
0.0007,2.666260172645707e-07,0.0001758817525114864,5.245208740234375e-05,10299,184.93,273,-0.5165977478027344,10300,188,51500,184.93
0.0007,4.773028194904327e-09,2.278883766848594e-05,0.0,10399,187.39,274,-0.5870011448860168,10400,189,52000,187.39
0.0007,1.0366901506131398e-06,0.0008215426350943744,0.009985625743865967,10499,187.89,274,-0.33629751205444336,10500,191,52500,187.89
0.0007,3.3642434573266655e-05,0.0013500475324690342,-0.012480020523071289,10599,189.76,274,-0.44105416536331177,10600,193,53000,189.76
0.0007,1.011318545351969e-05,0.000882487278431654,-0.04485809803009033,10699,189.46,274,-0.39259323477745056,10700,194,53500,189.46
0.0007,6.587477514585771e-07,0.0002404124243184924,2.0563602447509766e-05,10799,187.48,274,-0.5418757796287537,10800,196,54000,187.48
0.0007,5.710346158593893e-06,0.0014876186614856124,-0.008546710014343262,10899,184.91,275,-0.31425315141677856,10900,198,54500,184.91
0.0007,1.7739715758580132e-06,0.00033607170917093754,7.092952728271484e-06,10999,185.25,275,-0.5132402777671814,11000,199,55000,185.25
0.0007,9409.634765625,-37.69326400756836,0.0,11099,184.3,275,-0.6007857918739319,11100,201,55500,184.3
0.0007,1.951015974555048e-06,0.00044988709851168096,-0.018374204635620117,11199,181.1,276,-0.4949866235256195,11200,202,56000,181.1
0.0007,1.5558931409032084e-05,0.0025451413821429014,-0.05040609836578369,11299,179.04,276,-0.3488089144229889,11300,204,56500,179.04
0.0007,1.5510013895436714e-07,0.00011840311344712973,0.00033277273178100586,11399,177.52,276,-0.3696964681148529,11400,205,57000,177.52
0.0007,2.1772633772343397e-05,0.00370567268691957,-0.06637752056121826,11499,169.18,277,-0.3440225124359131,11500,207,57500,169.18
0.0007,1.1472729966044426e-07,0.00014388967247214168,0.0004956722259521484,11599,166.45,277,-0.5755397081375122,11600,208,58000,166.45
0.0007,6.3056827457330655e-06,0.0013819974847137928,-0.014524698257446289,11699,164.49,277,-0.4858376681804657,11700,210,58500,164.49
0.0007,5.009316282666987e-06,0.0006922800093889236,0.026114284992218018,11799,160.06,278,-0.5269542932510376,11800,212,59000,160.06
0.0007,8.189817890524864e-07,0.00034282379783689976,0.00013887882232666016,11899,157.18,278,-0.6091341972351074,11900,213,59500,157.18
0.0007,5.096168024465442e-05,0.0032275065314024687,-0.021345138549804688,11999,161.17,278,-0.5754651427268982,12000,215,60000,161.17
0.0007,6.129103894636501e-06,0.0009488435462117195,-3.445148468017578e-05,12099,160.6,279,-0.629828691482544,12100,216,60500,160.6
0.0007,3.903067045030184e-05,0.004614017903804779,0.04005444049835205,12199,158.27,279,-0.4882934093475342,12200,218,61000,158.27
0.0007,5.487818270921707e-07,0.000342101528076455,-0.014309048652648926,12299,152.67,279,-0.5749346017837524,12300,219,61500,152.67
0.0007,1.5156111032865738e-07,0.00023459273506887257,0.0003699064254760742,12399,148.07,280,-0.5199970602989197,12400,221,62000,148.07
0.0007,1.5156111032865738e-07,0.00018838615505956113,0.013962090015411377,12499,142.1,280,-0.5486887693405151,12500,222,62500,142.1
0.0007,5.2157556638121605e-06,0.0006934523698873818,-0.011175036430358887,12599,132.84,280,-0.5706694722175598,12600,224,63000,132.84
0.0007,8.74081194979226e-07,0.00035608766484074295,6.16908073425293e-05,12699,125.6,280,-0.48207712173461914,12700,226,63500,125.6
0.0007,1.0107178383123028e-07,0.00016711480566300452,0.0004956722259521484,12799,123.18,281,-0.5595448613166809,12800,227,64000,123.18
0.0007,3.248992288718e-05,0.001963502960279584,-0.00034415721893310547,12899,123.64,281,-0.548464834690094,12900,229,64500,123.64
0.0007,1.1472729966044426e-07,0.000195262415218167,0.0004956722259521484,12999,124.63,281,-0.5384531021118164,13000,230,65000,124.63
0.0007,1.4463718798651826e-05,0.0020332487765699625,0.02132594585418701,13099,124.15,281,-0.43498942255973816,13100,232,65500,124.15
0.0007,3.5427860893832985e-06,0.0012688100105151534,-0.002976536750793457,13199,124.82,282,-0.46602877974510193,13200,233,66000,124.82
0.0007,1.9129831798636587e-06,0.000504257797729224,-0.014400243759155273,13299,125.25,282,-0.5235053896903992,13300,235,66500,125.25
0.0007,1.2818490802146698e-07,0.0002572187513578683,0.08035141229629517,13399,127.12,282,-0.47136449813842773,13400,236,67000,127.12
0.0007,8.911616532714106e-06,0.0010617811931297183,-0.00066375732421875,13499,130.13,282,-0.5950848460197449,13500,238,67500,130.13
0.0007,5.681067616336577e-09,2.7010042686015368e-05,0.0,13599,132.59,283,-0.6190304756164551,13600,240,68000,132.59
0.0007,3.3096878127025775e-08,0.00010299729183316231,0.43769967555999756,13699,136.74,283,-0.5522158145904541,13700,241,68500,136.74
0.0007,8.905772119760513e-09,3.7446763599291444e-05,0.0,13799,139.43,283,-0.63489830493927,13800,243,69000,139.43
0.0007,3.2642950827721506e-05,0.002036829711869359,-0.010946273803710938,13899,142.7,283,-0.622299313545227,13900,245,69500,142.7
0.0007,5.180481821298599e-09,2.2693508071824908e-05,0.0,13999,144.36,283,-0.6146227717399597,14000,246,70000,144.36
0.0007,5.820766091346741e-11,-0.0,nan,14099,148.1,283,-0.5324038863182068,14100,248,70500,148.1
0.0007,1.9208528101444244e-09,1.4638196262239944e-05,0.0,14199,149.07,283,-0.5437672734260559,14200,250,71000,149.07
0.0007,2.8688228326245735e-07,0.0003309335734229535,-0.0373539924621582,14299,150.69,283,-0.4680606424808502,14300,252,71500,150.69
0.0007,1.7462298274040222e-10,8.115251148410607e-06,-0.4799998998641968,14399,152.16,283,-0.5484407544136047,14400,253,72000,152.16
0.0007,5.238689482212067e-10,2.4576851842539327e-07,nan,14499,154.08,283,-0.61747807264328,14500,255,72500,154.08
0.0007,3.87093641620595e-05,0.0017432690365239978,-0.011712074279785156,14599,157.31,283,-0.5851107835769653,14600,257,73000,157.31
0.0007,5.820766091346741e-11,-0.0,nan,14699,158.85,284,-0.6266102194786072,14700,258,73500,158.85
0.0007,4.190951585769653e-09,2.0955778381903656e-05,0.0,14799,162.44,284,-0.630238950252533,14800,260,74000,162.44
0.0007,3881.379638671875,-22.55192756652832,-5.364418029785156e-06,14899,164.94,284,-0.532666027545929,14900,262,74500,164.94
0.0007,7.683411240577698e-09,6.17498517385684e-05,0.0,14999,166.12,284,-0.48922282457351685,15000,263,75000,166.12
0.0007,2.3667747882427648e-05,0.0019423026824370027,0.02207481861114502,15099,169.0,284,-0.5694778561592102,15100,265,75500,169.0
0.0007,1.1641532182693481e-10,2.8072747682017507e-07,nan,15199,170.35,284,-0.5665122866630554,15200,267,76000,170.35
0.0007,6.15359738276311e-07,0.00044278459972701967,-0.04183626174926758,15299,174.65,284,-0.5429392457008362,15300,268,76500,174.65
0.0007,1.6298144778215118e-10,9.892721209325828e-06,nan,15399,177.96,284,-0.6037314534187317,15400,270,77000,177.96
0.0007,3.655441060956832e-09,1.921482544275932e-05,-194.1999969482422,15499,181.53,284,-0.46369582414627075,15500,272,77500,181.53
0.0007,1.210719347000122e-08,-6.326432776404545e-05,-3.1575756072998047,15599,185.13,284,-0.596470832824707,15600,274,78000,185.13
0.0007,1.851003683661645e-09,1.4825536709395237e-05,-6.0799994468688965,15699,188.64,284,-0.525540292263031,15700,275,78500,188.64
0.0007,1.0186340659856796e-08,-3.551262852852233e-05,0.6449999809265137,15799,192.31,284,-0.5452173352241516,15800,277,79000,192.31
0.0007,5764.32275390625,-41.333251953125,-7.271766662597656e-06,15899,195.1,285,-0.31896767020225525,15900,278,79500,195.1
0.0007,4.9709343308279585e-09,5.5724911362631246e-05,-0.07999992370605469,15999,195.57,285,-0.5125640034675598,16000,280,80000,195.57
0.0007,1.9152649599618599e-07,0.00027227724785916507,7.325410842895508e-05,16099,196.88,285,-0.4681560695171356,16100,281,80500,196.88
0.0007,2.4184002995752962e-06,0.0004539038927759975,-2.7298927307128906e-05,16199,198.13,285,-0.48603731393814087,16200,283,81000,198.13
0.0007,9.860074897005688e-06,0.0007155265775509179,-0.035195112228393555,16299,198.81,285,-0.5358067154884338,16300,285,81500,198.81
0.0007,7.142895128708915e-07,0.0002621058956719935,-0.024512410163879395,16399,198.84,286,-0.4762725830078125,16400,286,82000,198.84
0.0007,1.3988663340569474e-05,0.0007986528798937798,0.01073390245437622,16499,199.37,286,-0.506660521030426,16500,288,82500,199.37
0.0007,1.375330612063408e-06,0.0005523621221072972,0.06657218933105469,16599,199.72,286,-0.3615496754646301,16600,289,83000,199.72
0.0007,5.820766091346741e-11,1.1705394626915222e-06,nan,16699,201.19,286,-0.3520703911781311,16700,291,83500,201.19
0.0007,4.6566129424663316e-11,-0.0,nan,16799,204.69,286,-0.4543755054473877,16800,292,84000,204.69
0.0007,6.446267070714384e-05,0.004014081787317991,0.027143120765686035,16899,208.48,287,-0.421830952167511,16900,294,84500,208.48
0.0007,5.238689482212067e-10,-1.240446295014408e-06,nan,16999,211.23,287,-0.6134136319160461,17000,295,85000,211.23
0.0007,5.238689482212067e-10,9.541951840219554e-06,-0.11999988555908203,17099,213.13,287,-0.5841264724731445,17100,297,85500,213.13
0.0007,5.820766091346741e-11,2.7279752430331428e-06,nan,17199,215.97,288,-0.5815256237983704,17200,298,86000,215.97
0.0007,6.868504098811457e-10,4.8911488192970864e-09,nan,17299,219.37,288,-0.35538873076438904,17300,299,86500,219.37
0.0007,4.88944384979817e-10,2.2376807464752346e-06,nan,17399,222.57,288,-0.5221534371376038,17400,301,87000,222.57
0.0007,4.0745362639427185e-10,1.6960282664513215e-05,nan,17499,226.14,289,-0.3619076907634735,17500,302,87500,226.14
0.0007,8.149072389107559e-11,-5.229651833360549e-06,0.08000004291534424,17599,229.87,289,-0.4868335425853729,17600,303,88000,229.87
0.0007,4.23239555402688e-07,-0.00021200934133958071,-0.0003205537796020508,17699,233.46,290,-0.4914473593235016,17700,304,88500,233.46
0.0007,7.916242106276172e-10,-8.238696864282247e-06,nan,17799,236.87,290,-0.608133852481842,17800,306,89000,236.87
0.0007,5.238689482212067e-10,-2.290880502187065e-06,nan,17899,240.79,290,-0.5883743166923523,17900,307,89500,240.79
0.0007,7.334165497141498e-10,-9.181334462482482e-06,-0.11999988555908203,17999,244.88,291,-0.5877712965011597,18000,308,90000,244.88
0.0007,2.3283064712331658e-11,5.274382601783145e-07,nan,18099,248.87,291,-0.41301876306533813,18100,310,90500,248.87
0.0007,8.149072389107559e-11,6.645730081800139e-07,nan,18199,251.73,292,-0.6097366213798523,18200,311,91000,251.73
0.0007,1.3271347354404384e-09,2.8031901820213534e-05,-1.0799999237060547,18299,255.72,292,-0.46208029985427856,18300,312,91500,255.72
0.0007,2.561137135703717e-10,3.5415038723840553e-07,nan,18399,259.55,293,-0.5876027345657349,18400,313,92000,259.55
0.0007,2.561137135703717e-10,-2.525631089156377e-06,0.7199999690055847,18499,263.38,293,-0.5526370406150818,18500,315,92500,263.38
0.0007,1.1583324521780014e-08,-4.2370356823084876e-05,-0.11750006675720215,18599,267.29,293,-0.5444814562797546,18600,316,93000,267.29
0.0007,1.8420163314658566e-06,0.00046589598059654236,-0.00021409988403320312,18699,270.95,294,-0.6198872923851013,18700,317,93500,270.95
0.0007,2.197595449615619e-06,-0.0006255162297748029,-6.031990051269531e-05,18799,274.55,294,-0.6273384094238281,18800,318,94000,274.55
0.0007,7.787719482621469e-07,-0.0003371949424035847,6.914138793945312e-05,18899,278.5,295,-0.6376535892486572,18900,320,94500,278.5
0.0007,3.1989767990125983e-07,0.000164050652529113,0.027730941772460938,18999,282.4,295,-0.5416205525398254,19000,321,95000,282.4
0.0007,0.0002850067394319922,0.0081718061119318,0.00907886028289795,19099,287.46,295,-0.579543948173523,19100,322,95500,287.46
0.0007,2.1824381235546753e-07,0.0001416755694663152,-0.13418221473693848,19199,288.17,296,-0.4971146285533905,19200,323,96000,288.17
0.0007,3.0577649567931076e-07,0.0002780631184577942,-0.003759145736694336,19299,282.61,296,-0.6587230563163757,19300,325,96500,282.61
0.0007,6.849464261904359e-05,0.002468247665092349,0.014080822467803955,19399,283.32,297,-0.5691208839416504,19400,326,97000,283.32
0.0007,1.2805685678518586e-10,1.373364568735269e-07,nan,19499,282.95,297,-0.5036524534225464,19500,327,97500,282.95
0.0007,2.793967834868738e-10,3.8441862670879345e-06,nan,19599,286.14,297,-0.5740237236022949,19600,328,98000,286.14
0.0007,3.1566491088597104e-05,0.0020000869408249855,0.033204615116119385,19699,289.89,298,-0.5686617493629456,19700,330,98500,289.89
0.0007,6.868504098811457e-10,-1.4435735465667676e-05,nan,19799,291.81,298,-0.5878931879997253,19800,331,99000,291.81
0.0007,2.3283064712331658e-11,1.110527932723926e-06,nan,19899,294.77,298,-0.5701705813407898,19900,332,99500,294.77
0.0007,3.4924597935859225e-11,1.8131148635802674e-06,nan,19999,297.83,299,-0.6073123812675476,20000,334,100000,297.83
0.0007,4.6566129424663316e-11,9.508343623565452e-07,nan,20099,300.21,299,-0.5689908862113953,20100,335,100500,300.21
0.0007,1.7462298274040222e-10,-1.3029389265284408e-05,-0.31999993324279785,20199,303.19,299,-0.5030159950256348,20200,336,101000,303.19
0.0007,1.5337718650698662e-07,-0.0001607573067303747,-0.08693587779998779,20299,306.43,300,-0.4930136799812317,20300,338,101500,306.43
0.0007,2.347165803939788e-07,-0.00021752637985628098,-0.010255098342895508,20399,309.79,300,-0.6119633913040161,20400,339,102000,309.79
0.0007,7.03151454217732e-05,0.0025016190484166145,0.0036521553993225098,20499,312.43,300,-0.5415394902229309,20500,340,102500,312.43
0.0007,0.0001015735833789222,0.004760628566145897,-0.006603598594665527,20599,313.97,301,-0.43580362200737,20600,341,103000,313.97
0.0007,7.145572311628712e-08,0.00012173708819318563,0.000698089599609375,20699,313.24,301,-0.569804847240448,20700,343,103500,313.24
0.0007,4.2885742004727945e-05,0.0018936939304694533,0.0014791488647460938,20799,310.01,301,-0.5724213719367981,20800,344,104000,310.01
0.0007,2.9292621547938325e-05,0.00373824848793447,0.009301960468292236,20899,303.72,302,-0.3920082747936249,20900,345,104500,303.72
0.0007,2.419576048851013e-06,0.000678722863085568,0.0032835006713867188,20999,302.67,302,-0.551655113697052,21000,347,105000,302.67
0.0007,1.7907750589074567e-05,0.0009634009911678731,-0.012178897857666016,21099,302.21,302,-0.5052477717399597,21100,348,105500,302.21
0.0007,2.3981672256923048e-06,0.000276204664260149,-0.033307790756225586,21199,299.01,303,-0.45640993118286133,21200,349,106000,299.01
0.0007,2.108397865185907e-07,0.00025871224352158606,0.0009340643882751465,21299,289.72,303,-0.5118271112442017,21300,350,106500,289.72
0.0007,3.1098140880203573e-06,0.0005677203880622983,-0.0028775930404663086,21399,276.77,303,-0.5035763382911682,21400,352,107000,276.77
0.0007,2.3022410005069105e-06,0.0007109564612619579,0.0033111572265625,21499,273.8,304,-0.45688381791114807,21500,353,107500,273.8
0.0007,6.685394509986509e-06,0.00139141536783427,0.0,21599,272.17,304,-0.4976494014263153,21600,354,108000,272.17
0.0007,1.2602075685208547e-06,0.00040789516060613096,9.334087371826172e-05,21699,269.44,304,-0.6014803051948547,21700,355,108500,269.44
0.0007,5.706164665753022e-05,0.004587458912283182,-0.006064057350158691,21799,267.47,305,-0.35936909914016724,21800,357,109000,267.47
0.0007,2.4268986180686625e-06,0.0004944285610690713,4.9114227294921875e-05,21899,261.92,305,-0.6034107804298401,21900,358,109500,261.92
0.0007,3.263148391852155e-05,0.0012724832631647587,-0.0027093887329101562,21999,252.5,305,-0.525804340839386,22000,359,110000,252.5
0.0007,1.2192758731544018e-06,0.00046258774818852544,9.781122207641602e-05,22099,246.79,306,-0.5592641830444336,22100,360,110500,246.79
0.0007,6.549176987391547e-07,0.0003232930030208081,0.006191432476043701,22199,231.61,306,-0.5415962934494019,22200,361,111000,231.61
0.0007,3.5876106267096475e-05,0.003715642960742116,-0.007689952850341797,22299,213.18,307,-0.3611792027950287,22300,362,111500,213.18
0.0007,1.2747477740049362e-08,8.444749983027577e-05,0.0,22399,199.67,307,-0.5951524972915649,22400,364,112000,199.67
0.0007,9416.6484375,-56.48236083984375,-1.1920928955078125e-07,22499,184.64,308,-0.5727977156639099,22500,365,112500,184.64
0.0007,9415.8193359375,-46.17313766479492,0.0,22599,175.08,308,-0.6458114385604858,22600,366,113000,175.08
0.0007,2.377865712333005e-05,0.004295578692108393,0.005234956741333008,22699,173.35,308,-0.28631243109703064,22700,367,113500,173.35
0.0007,1.5013490155979525e-05,0.000892727286554873,-0.009283304214477539,22799,169.75,309,-0.4362207055091858,22800,368,114000,169.75
0.0007,5.515757948160172e-07,0.00021276339248288423,2.5153160095214844e-05,22899,159.29,309,-0.5303055047988892,22900,369,114500,159.29
0.0007,9.459676562073582e-07,0.0006166660459712148,5.537271499633789e-05,22999,145.83,310,-0.4953559935092926,23000,370,115000,145.83
0.0007,7.345760423049796e-06,0.0007119135116226971,0.0038509368896484375,23099,129.65,310,-0.4788084626197815,23100,372,115500,129.65
0.0007,2.566323382779956e-05,0.0016744773602113128,-0.0010929107666015625,23199,124.35,310,-0.5404963493347168,23200,373,116000,124.35
0.0007,5.7066128647420555e-05,0.004391187336295843,0.006706416606903076,23299,124.03,311,-0.465197890996933,23300,374,116500,124.03
0.0007,3.684288913063938e-06,0.0007362134638242424,-0.005347132682800293,23399,124.66,311,-0.5941430926322937,23400,375,117000,124.66
0.0007,2.4780760213616304e-05,0.0016892694402486086,-0.008297324180603027,23499,123.71,311,-0.5404084324836731,23500,376,117500,123.71
0.0007,2.232093902421184e-05,0.002333184005692601,-0.015361666679382324,23599,123.47,312,-0.4206415116786957,23600,377,118000,123.47
0.0007,1.579724448674824e-05,0.0026506546419113874,-0.005153536796569824,23699,123.77,312,-0.3331925570964813,23700,379,118500,123.77
0.0007,9.89530235528946e-10,2.510740887373686e-05,0.1111111044883728,23799,124.83,313,-0.6766980886459351,23800,380,119000,124.83
0.0007,6.142514848761493e-06,0.000593789794947952,-0.04454541206359863,23899,126.45,313,-0.47549939155578613,23900,381,119500,126.45
0.0007,2.3283064365386963e-10,-0.0,nan,23999,127.62,313,-0.6323398947715759,24000,382,120000,127.62
0.0007,1.199077837021889e-09,1.7830498109105974e-05,-3.0,24099,131.15,314,-0.64033442735672,24100,383,120500,131.15
0.0007,0.0,-0.0,nan,24199,133.28,314,-0.6742382049560547,24200,384,121000,133.28
0.0007,2.2118910869561859e-10,-1.1215279300813563e-06,nan,24299,136.12,314,-0.5955581068992615,24300,385,121500,136.12
0.0007,5.820766091346741e-11,-0.0,nan,24399,139.77,315,-0.25335508584976196,24400,386,122000,139.77
0.0007,1.979060526569043e-10,-3.922550149582094e-06,nan,24499,143.38,315,-0.5343828797340393,24500,388,122500,143.38
0.0007,1.0477378964424133e-09,-1.5857978723943233e-05,0.12000000476837158,24599,147.03,316,-0.6130119562149048,24600,389,123000,147.03
0.0007,7.241409184643999e-05,0.003931345883756876,-0.006102323532104492,24699,154.1,316,-0.6029969453811646,24700,390,123500,154.1
0.0007,3.127749005216174e-05,0.002944226609542966,0.004524290561676025,24799,153.58,316,-0.3006771504878998,24800,391,124000,153.58
0.0007,3.2596289556430236e-10,1.232500835612882e-05,nan,24899,157.42,317,-0.5152129530906677,24900,392,124500,157.42
0.0007,5.471520458932844e-10,-7.991138772922568e-06,nan,24999,158.39,317,-0.5922726988792419,25000,393,125000,158.39
0.0007,7.683411129555395e-10,-9.37479762797011e-06,-1.0,25099,162.2,317,-0.4919377267360687,25100,394,125500,162.2
0.0007,1.2805685678518586e-10,-0.0,nan,25199,166.02,318,-0.4987788200378418,25200,396,126000,166.02
0.0007,2.491287842687484e-09,-3.598962211981416e-05,nan,25299,169.86,318,-0.5105051398277283,25300,397,126500,169.86
0.0007,8.498318715410846e-10,-1.7403630408807658e-05,-0.5199998617172241,25399,173.8,318,-0.5116299986839294,25400,398,127000,173.8
0.0007,2.185231977591684e-07,0.00028017169097438455,0.002099156379699707,25499,177.93,319,-0.4973878562450409,25500,399,127500,177.93
0.0007,4.214234738952882e-09,4.313849422032945e-05,-0.03111124038696289,25599,181.88,319,-0.4424007534980774,25600,400,128000,181.88
0.0007,3.4924596548080444e-10,1.027452071866719e-05,0.0,25699,185.36,320,-0.42358046770095825,25700,401,128500,185.36
0.0007,2.3283064365386963e-10,-9.999264420912368e-07,nan,25799,189.34,320,-0.6287931799888611,25800,402,129000,189.34
0.0007,5.238689482212067e-10,5.837414960296883e-07,nan,25899,193.17,320,-0.4748409390449524,25900,403,129500,193.17
0.0007,1.0477378964424133e-09,-1.2439401871233713e-05,0.0,25999,196.77,321,-0.5608150362968445,26000,404,130000,196.77
0.0007,1.3271346688270569e-08,6.367359310388565e-05,0.0,26099,200.25,321,-0.4230019152164459,26100,405,130500,200.25
0.0007,3.7386780604720116e-07,0.00043375021778047085,0.03240561485290527,26199,203.85,322,-0.46430155634880066,26200,406,131000,203.85
0.0007,2.2118910869561859e-10,5.362703063838126e-07,nan,26299,206.62,322,-0.5312448740005493,26300,407,131500,206.62
0.0007,1.8451828509569168e-07,0.00014066016592551023,-0.053215861320495605,26399,212.76,323,-0.5961334109306335,26400,408,132000,212.76
0.0007,6.984919587171845e-11,4.640776012365677e-07,nan,26499,216.23,323,-0.5021541714668274,26500,409,132500,216.23
0.0007,1.5133992670168794e-10,6.509248578367988e-06,nan,26599,220.18,324,-0.47114744782447815,26600,410,133000,220.18
0.0007,3.958121053138086e-10,1.5614425308285718e-07,nan,26699,221.46,324,-0.39273378252983093,26700,411,133500,221.46
0.0007,5.820766091346741e-11,-0.0,nan,26799,225.2,325,-0.6246199011802673,26800,412,134000,225.2
0.0007,1.979060526569043e-10,-1.1386333653717884e-06,nan,26899,229.15,325,-0.5693158507347107,26900,413,134500,229.15
0.0007,1.979060526569043e-10,-0.0,nan,26999,232.41,326,-0.609808087348938,27000,414,135000,232.41
0.0007,3.932276797513623e-07,0.00040746733429841697,-0.04127931594848633,27099,235.42,326,-0.36017221212387085,27100,415,135500,235.42
0.0007,1.7462298274040222e-10,1.2426210560079198e-05,0.0,27199,236.64,326,-0.6651059985160828,27200,415,136000,236.64
0.0007,5.820766091346741e-11,-0.0,nan,27299,238.8,327,-0.5205570459365845,27300,416,136500,238.8
0.0007,1.9453000987823543e-08,1.5339506717282347e-05,0.2892308235168457,27399,242.63,327,-0.5498537421226501,27400,417,137000,242.63
0.0007,4.400499076240294e-09,2.8761865905835293e-05,-2.813333511352539,27499,246.32,328,-0.6303078532218933,27500,418,137500,246.32
0.0007,4.762667344948568e-07,0.000339959398843348,-0.06208300590515137,27599,249.23,328,-0.4681783616542816,27600,419,138000,249.23
0.0007,3.4924596548080444e-10,-1.9348988644196652e-05,-0.3866666555404663,27699,252.97,329,-0.45536190271377563,27700,420,138500,252.97
0.0007,1.7462298274040222e-10,7.769481271679979e-06,nan,27799,256.85,329,-0.5472275614738464,27800,421,139000,256.85
0.0007,3.026798534033759e-10,-1.3409179700829554e-05,-0.9200000762939453,27899,260.63,330,-0.4830925464630127,27900,422,139500,260.63
0.0007,1.6321427764864893e-08,2.1251593352644704e-05,-0.9325001239776611,27999,264.13,330,-0.47908708453178406,28000,423,140000,264.13
0.0007,8.731149137020111e-10,7.35695584808127e-06,nan,28099,268.03,330,-0.5060068964958191,28100,424,140500,268.03
0.0007,3.969762740752003e-09,3.2746564102126285e-05,-0.12444448471069336,28199,271.85,331,-0.576602578163147,28200,425,141000,271.85
0.0007,3.026798534033759e-10,1.5245340136971208e-06,nan,28299,275.56,331,-0.5286059379577637,28300,426,141500,275.56
0.0007,6.984919309616089e-10,-9.327323823526967e-06,-4.119999885559082,28399,280.31,332,-0.5674570202827454,28400,427,142000,280.31
0.0007,2.3283064365386963e-10,-1.9919259841572057e-07,nan,28499,282.28,332,-0.6079282760620117,28500,428,142500,282.28
0.0007,2.561137135703717e-10,-9.168677024717908e-06,0.3200000524520874,28599,286.18,332,-0.6293815970420837,28600,429,143000,286.18
0.0007,0.0,-0.0,nan,28699,290.29,333,-0.5911654829978943,28700,430,143500,290.29
0.0007,5.238689482212067e-10,2.751117790467106e-06,nan,28799,294.15,333,-0.6136258244514465,28800,431,144000,294.15
0.0007,3881.378173828125,-22.79121971130371,-2.5033950805664062e-06,28899,297.13,334,-0.5345558524131775,28900,432,144500,297.13
0.0007,0.0,-0.0,nan,28999,299.86,334,-0.6456732153892517,29000,433,145000,299.86
0.0007,9.83988911684719e-07,0.0002530771598685533,-0.020978927612304688,29099,302.86,335,-0.5308346152305603,29100,434,145500,302.86
0.0007,1.3271346688270569e-08,3.909312727046199e-05,-0.0074999332427978516,29199,306.55,335,-0.5448221564292908,29200,435,146000,306.55
0.0007,5.6587010476505384e-05,0.002522636903449893,0.013492882251739502,29299,310.35,335,-0.5449369549751282,29300,436,146500,310.35
0.0007,3.4924597935859225e-11,-0.0,nan,29399,311.65,336,-0.537554919719696,29400,437,147000,311.65
0.0007,3.6489684589469107e-06,0.000643120554741472,-0.005372166633605957,29499,316.49,336,-0.5659980177879333,29500,438,147500,316.49
0.0007,9.780801337910816e-05,0.00432923436164856,-0.006273865699768066,29599,320.0,337,-0.5081318020820618,29600,438,148000,320.0
0.0007,5.238689482212067e-10,-0.0,nan,29699,321.68,337,-0.6206257939338684,29700,439,148500,321.68
0.0007,7.145572311628712e-08,0.0001048156336764805,0.000698089599609375,29799,323.89,337,-0.48778191208839417,29800,440,149000,323.89
0.0007,1.247486852662405e-05,0.001120805973187089,-0.010117292404174805,29899,325.21,338,-0.5517399311065674,29900,441,149500,325.21
0.0007,1.7813872545957565e-06,0.0006234446773305535,-0.01141369342803955,29999,327.3,338,-0.5251690745353699,30000,442,150000,327.3
0.0007,3.056647256016731e-05,0.0016004834324121475,-0.010210871696472168,30099,328.49,339,-0.5183690190315247,30100,443,150500,328.49
0.0007,4.925835128233302e-06,0.0011920894030481577,-0.006903409957885742,30199,328.12,339,-0.5256534814834595,30200,444,151000,328.12
0.0007,3.0429160688072443e-05,0.001453123870305717,-0.012056112289428711,30299,328.55,339,-0.5468592047691345,30300,445,151500,328.55
0.0007,1.4319084584712982e-08,9.647575643612072e-05,0.0,30399,328.39,340,-0.3283248245716095,30400,446,152000,328.39
0.0007,1.3271346688270569e-08,3.668253339128569e-05,0.0,30499,326.54,340,-0.6280400156974792,30500,447,152500,326.54
0.0007,1.4385523172677495e-05,0.0010810104431584477,-0.016222119331359863,30599,319.28,341,-0.42177507281303406,30600,448,153000,319.28
0.0007,4.756147973239422e-07,0.0003998128231614828,0.0004323124885559082,30699,308.74,341,-0.5622022747993469,30700,449,153500,308.74
0.0007,1.5599129255861044e-05,0.0019003943307325244,0.0359574556350708,30799,303.85,341,-0.4780820310115814,30800,450,154000,303.85
0.0007,9.106821607929305e-07,0.0003974280261900276,-0.0054045915603637695,30899,307.01,342,-0.5315089821815491,30900,451,154500,307.01
0.0007,2.561137080192566e-09,2.013497032749001e-05,0.0,30999,308.66,342,-0.612686276435852,31000,452,155000,308.66
0.0007,2.561137135703717e-10,1.0663973625923973e-05,-0.14666664600372314,31099,305.98,343,-0.6458827257156372,31100,453,155500,305.98
0.0007,1.9325596440467052e-05,0.0017479818779975176,-0.004797935485839844,31199,297.55,343,-0.5991030335426331,31200,454,156000,297.55
0.0007,5.238689482212067e-10,2.483984417267493e-06,nan,31299,295.32,343,-0.674548327922821,31300,455,156500,295.32
0.0007,4.0745362639427185e-10,2.0416860934346914e-05,0.3333333134651184,31399,291.09,344,-0.5145745277404785,31400,456,157000,291.09
0.0007,3.8864092744006484e-07,0.0002289783296873793,3.337860107421875e-05,31499,287.48,344,-0.5250776410102844,31500,457,157500,287.48
0.0007,2.561137080192566e-09,2.826143281708937e-05,0.0,31599,281.68,344,-0.6549035906791687,31600,458,158000,281.68
0.0007,1.0089716084848988e-07,0.00013878113531973213,0.000583946704864502,31699,272.98,344,-0.6234224438667297,31700,459,158500,272.98
0.0007,1.2748641609050537e-07,0.00019292057550046593,-0.02884507179260254,31799,264.58,345,-0.5976085066795349,31800,460,159000,264.58
0.0007,3.916107743862085e-05,0.002024321584030986,-0.00896608829498291,31899,248.2,345,-0.5981677174568176,31900,461,159500,248.2
0.0007,6.888993198117532e-07,0.0007052604341879487,1.919269561767578e-05,31999,245.09,345,-0.6008592247962952,32000,462,160000,245.09
0.0007,1.280929495806049e-06,0.0006380751729011536,1.0073184967041016e-05,32099,241.58,346,-0.6037222146987915,32100,463,160500,241.58
0.0007,1.3327470696822274e-05,0.004489107523113489,1.5497207641601562e-05,32199,234.43,346,-0.1562543660402298,32200,464,161000,234.43
0.0007,6.292946750363626e-07,0.0002340752398595214,2.193450927734375e-05,32299,219.76,346,-0.6024504899978638,32300,465,161500,219.76
0.0007,7.415597792714834e-06,0.0012513874098658562,-0.007365822792053223,32399,205.75,347,-0.5248139500617981,32400,466,162000,205.75
0.0007,1.9848580450343434e-06,0.0005523891886696219,0.014657020568847656,32499,197.3,347,-0.620465099811554,32500,467,162500,197.3
0.0007,7609.8125,-51.2252311706543,-3.933906555175781e-06,32599,191.8,347,-0.5785853266716003,32600,468,163000,191.8
0.0007,7609.55029296875,-36.69087219238281,-2.384185791015625e-06,32699,190.02,348,-0.43051132559776306,32700,469,163500,190.02
0.0007,3.212480805814266e-07,0.00037487014196813107,0.06898385286331177,32799,188.97,348,-0.4092567563056946,32800,470,164000,188.97
0.0007,2.2118910869561859e-10,9.09222217160277e-06,0.48000001907348633,32899,184.2,348,-0.6295510530471802,32900,471,164500,184.2
0.0007,1.2976699963473948e-06,0.0006345155998133123,-0.022609233856201172,32999,177.54,349,-0.49204039573669434,33000,472,165000,177.54
0.0007,1.0477379380757768e-10,7.466458100680029e-06,0.08000004291534424,33099,175.88,349,-0.43641677498817444,33100,473,165500,175.88
0.0007,2.1944288164377213e-08,5.8827310567721725e-05,-0.023145318031311035,33199,175.95,349,-0.5944899320602417,33200,474,166000,175.95
0.0007,0.0,-0.0,nan,33299,177.12,350,-0.6731166243553162,33300,475,166500,177.12
0.0007,1.6327248886227608e-07,0.00022745635942555964,-0.028618931770324707,33399,178.1,350,-0.6129183769226074,33400,476,167000,178.1
0.0007,1.0048586773336865e-05,0.0014686854556202888,-0.017943143844604492,33499,177.45,350,-0.49321648478507996,33500,477,167500,177.45
0.0007,2.3283064365386963e-10,-0.0,nan,33599,177.92,351,-0.383951872587204,33600,478,168000,177.92
0.0007,9.25816152630432e-07,0.0003497761790640652,-35.7476921081543,33699,180.66,351,-0.4606521725654602,33700,479,168500,180.66
0.0007,9.439091809326783e-05,0.005188554525375366,-0.005950331687927246,33799,180.4,351,-0.5099702477455139,33800,480,169000,180.4
0.0007,1.7297954400419258e-05,0.0020253011025488377,0.47575485706329346,33899,169.34,352,-0.5442344546318054,33900,481,169500,169.34
0.0007,9.853404662862886e-06,0.0014245351776480675,-0.08887732028961182,33999,168.62,352,-0.6280292868614197,34000,482,170000,168.62
0.0007,9.679456525191199e-06,0.0012823828728869557,-0.021753668785095215,34099,164.58,352,-0.6260640025138855,34100,483,170500,164.58
0.0007,6.013340225763386e-06,0.0012570716207847,-0.13623476028442383,34199,158.46,353,-0.3450143039226532,34200,484,171000,158.46
0.0007,9.376090304158424e-08,0.00013460473564919084,-0.6345515251159668,34299,156.22,353,-0.6269416213035583,34300,485,171500,156.22
0.0007,4.2968895996864376e-08,7.018970791250467e-05,-177.6133270263672,34399,155.76,353,-0.6775308847427368,34400,486,172000,155.76
0.0007,2.1944288164377213e-08,-7.815320714144036e-05,-3.5042600631713867,34499,154.85,353,-0.577798068523407,34500,487,172500,154.85
0.0007,6.920076316418999e-07,0.0005056550144217908,-0.01812577247619629,34599,152.77,353,-0.4675135314464569,34600,488,173000,152.77
0.0007,3.0294759767457435e-07,-0.00033281376818194985,-0.6899011135101318,34699,151.89,354,-0.6567161083221436,34700,489,173500,151.89
0.0007,4.484550970573764e-07,0.00019080404308624566,0.11303907632827759,34799,150.23,354,-0.5735954642295837,34800,490,174000,150.23
0.0007,1.621202136448119e-05,0.003430087585002184,-0.8259804248809814,34899,150.63,354,-0.2583622932434082,34900,491,174500,150.63
0.0007,7.482326964236563e-06,0.001076308311894536,0.041591644287109375,34999,152.75,355,-0.4950293004512787,35000,492,175000,152.75
0.0007,2.740765978614945e-07,0.00013575343473348767,-1.521148681640625,35099,153.7,355,-0.555047869682312,35100,493,175500,153.7
0.0007,1.684762622744529e-07,0.0001310513325734064,0.7001201808452606,35199,154.71,355,-0.41286832094192505,35200,494,176000,154.71
0.0007,1.8423423853164422e-06,0.00036625965731218457,-0.16610944271087646,35299,154.59,356,-0.558480441570282,35300,495,176500,154.59
0.0007,9.186216516354762e-07,0.0003735744103323668,0.15005946159362793,35399,155.27,356,-0.5307694673538208,35400,496,177000,155.27
0.0007,7.535226359323133e-06,0.0012112540425732732,-0.10821187496185303,35499,155.02,356,-0.5138782858848572,35500,497,177500,155.02
0.0007,1.4355347957462072e-05,-0.00021534769621212035,-129.2000732421875,35599,154.53,357,-0.5254881978034973,35600,498,178000,154.53
0.0007,2.8810698040615534e-06,-0.0007301273290067911,-80.27777099609375,35699,153.55,357,-0.6375903487205505,35700,499,178500,153.55
0.0007,1.1584372714423807e-06,0.000502275419421494,-0.1722177267074585,35799,152.26,357,-0.4222973883152008,35800,500,179000,152.26
0.0007,1.9516552129061893e-05,0.002064815955236554,-0.12008607387542725,35899,148.01,358,-0.4196089804172516,35900,501,179500,148.01
0.0007,1.457403413951397e-05,0.0024370665196329355,-0.36229634284973145,35999,143.88,358,-0.43463021516799927,36000,502,180000,143.88
0.0007,6.952835519768996e-06,-0.0005996678373776376,-416.41796875,36099,135.07,358,-0.5867992639541626,36100,503,180500,135.07
0.0007,7588.4384765625,-43.29383850097656,0.0005461573600769043,36199,129.75,359,-0.5334271788597107,36200,504,181000,129.75
0.0007,0.00015764783893246204,-0.0005901979166083038,-501.17449951171875,36299,124.44,359,-0.4695938229560852,36300,505,181500,124.44
0.0007,1.628891368454788e-05,0.002010905649513006,-1.713275671005249,36399,127.75,359,-0.42697960138320923,36400,506,182000,127.75
0.0007,3.2470539736095816e-05,0.002218504436314106,0.000975191593170166,36499,128.66,359,-0.40694913268089294,36500,507,182500,128.66
0.0007,4.6015218686079606e-05,0.0025055562146008015,-0.012224793434143066,36599,125.64,359,-0.44872093200683594,36600,508,183000,125.64
0.0007,3.603652658057399e-05,0.0013419997412711382,-1.674816370010376,36699,116.84,360,-0.4765772819519043,36700,509,183500,116.84
0.0007,0.0022361630108207464,-0.006804229225963354,-230.69955444335938,36799,106.94,360,-0.4105120599269867,36800,510,184000,106.94
0.0007,8.357648039236665e-05,0.004440739750862122,-0.8381872177124023,36899,101.62,360,-0.37492114305496216,36900,511,184500,101.62
0.0007,0.02124684490263462,-0.05820727348327637,-8.13261890411377,36999,89.42,360,-0.4385371208190918,37000,512,185000,89.42
0.0007,0.0031997987534850836,0.01464923657476902,0.5124670267105103,37099,62.41,360,-0.5832400321960449,37100,513,185500,62.41
0.0007,0.008413458243012428,0.027183756232261658,0.13137292861938477,37199,31.84,361,-0.4708436131477356,37200,514,186000,31.84
0.0007,5093.5107421875,-47.458126068115234,0.022429466247558594,37299,24.88,361,-0.28505420684814453,37300,515,186500,24.88
0.0007,0.01520463265478611,0.025922557339072227,0.13441568613052368,37399,23.99,361,-0.4271259307861328,37400,516,187000,23.99
0.0007,7366.80615234375,-41.839805603027344,0.016020596027374268,37499,27.12,362,-0.4408999979496002,37500,517,187500,27.12
0.0007,0.0004346542991697788,0.013710764236748219,0.04432320594787598,37599,29.8,362,-0.30056652426719666,37600,518,188000,29.8
0.0007,1.7657759599387646e-05,-0.0005069303442724049,0.5178737044334412,37699,33.01,362,-0.40292367339134216,37700,519,188500,33.01
0.0007,5.524682273971848e-05,0.0013049449771642685,-0.022846341133117676,37799,36.99,363,-0.43527671694755554,37800,520,189000,36.99
0.0007,6.720497185597196e-05,0.002222006907686591,0.4484953284263611,37899,40.92,363,-0.3986250162124634,37900,521,189500,40.92
0.0007,1.7861684682429768e-05,0.0007515923934988678,0.22982662916183472,37999,44.05,363,-0.4118422567844391,38000,522,190000,44.05
0.0007,1.6753725503804162e-05,0.0013786839554086328,0.641462117433548,38099,49.74,363,-0.42828646302223206,38100,523,190500,49.74
0.0007,0.00013698553084395826,0.0018986929208040237,0.5782476365566254,38199,52.87,364,-0.3637164533138275,38200,524,191000,52.87
0.0007,0.004962263163179159,-0.01838632859289646,-22.260446548461914,38299,58.86,364,-0.4546017348766327,38300,525,191500,58.86
0.0007,0.29980191588401794,-0.12376455217599869,-19.779911041259766,38399,63.07,364,-0.45431452989578247,38400,526,192000,63.07
0.0007,7.628261089324951,1.0459339618682861,0.49608439207077026,38499,66.96,365,-0.5970650315284729,38500,527,192500,66.96
0.0007,4.822442054748535,0.9734380841255188,-6.616826057434082,38599,70.49,365,-0.5218074917793274,38600,528,193000,70.49
0.0007,1790.4443359375,-6.27768611907959,0.07007730007171631,38699,77.41,365,-0.23110103607177734,38700,529,193500,77.41
0.0007,0.01665439084172249,0.006800227798521519,-4.60072660446167,38799,81.7,366,-0.3084610104560852,38800,530,194000,81.7
0.0007,0.0002643309999257326,-0.00035499324440024793,0.9011345729231834,38899,85.15,366,-0.43625307083129883,38900,530,194500,85.15
0.0007,0.0003787140885833651,0.0021044330205768347,0.9608362354338169,38999,86.09,366,-0.4165929853916168,39000,531,195000,86.09
0.0007,2.248265504837036,-0.23192043602466583,-4.926085948944092,39099,78.67,366,-0.38510847091674805,39100,532,195500,78.67
0.0007,0.20798997581005096,-0.10650994628667831,0.8890000730752945,39199,71.44,367,-0.31427979469299316,39200,533,196000,71.44
0.0007,0.11569662392139435,0.01659630425274372,0.8496384471654892,39299,66.9,367,-0.23149226605892181,39300,534,196500,66.9
0.0007,0.014235759153962135,0.026130979880690575,0.9890336291864514,39399,62.04,367,-0.40700456500053406,39400,535,197000,62.04
0.0007,0.13153426349163055,0.13299669325351715,0.9132374301552773,39499,61.24,368,-0.44014716148376465,39500,536,197500,61.24
0.0007,5.520934581756592,0.6811371445655823,0.5252592861652374,39599,64.08,368,-0.48272705078125,39600,537,198000,64.08
0.0007,0.08155461400747299,0.03588635474443436,-0.10341966152191162,39699,68.61,368,-0.36754775047302246,39700,538,198500,68.61
0.0007,2.7995009422302246,0.13198590278625488,0.4741622805595398,39799,70.12,368,-0.31137165427207947,39800,539,199000,70.12
0.0007,0.9750667810440063,0.07328388839960098,0.7610823810100555,39899,74.34,369,-0.22346238791942596,39900,540,199500,74.34
0.0007,0.0028556992765516043,0.005579774733632803,-9.686168670654297,39999,75.03,369,-0.348874568939209,40000,541,200000,75.03
0.0007,0.10712814331054688,0.11754689365625381,-2878.701904296875,40099,78.46,369,-0.3116985261440277,40100,542,200500,78.46
0.0007,0.0008140710997395217,0.0005686197546310723,-4.3518571853637695,40199,82.07,370,-0.3451906442642212,40200,543,201000,82.07
0.0007,0.0004464938829187304,-0.001999248517677188,-5.492725849151611,40299,85.69,370,-0.41601189970970154,40300,544,201500,85.69
0.0007,0.0031370148062705994,-0.02352587692439556,-64.13370513916016,40399,88.25,370,-0.43019333481788635,40400,545,202000,88.25
0.0007,0.00022874154092278332,-0.0031204952392727137,-121.44435119628906,40499,88.25,370,-0.5062952041625977,40500,546,202500,88.25
0.0007,0.4194067120552063,0.24064438045024872,-2.0829737186431885,40599,91.08,371,-0.5143952369689941,40600,546,203000,91.08
0.0007,8.054459613049403e-05,-0.004171469714492559,-19.67747688293457,40699,94.92,371,-0.45789608359336853,40700,547,203500,94.92
0.0007,0.00019038909522350878,-0.0007320732693187892,-421.9998474121094,40799,98.97,371,-0.3753524422645569,40800,548,204000,98.97
0.0007,0.0002065902081085369,-0.006569476332515478,-14.510533332824707,40899,102.89,371,-0.3528594970703125,40900,549,204500,102.89
0.0007,1.6736228644731455e-05,-0.00030302401864901185,-8.95676326751709,40999,107.36,372,-0.3541630804538727,41000,550,205000,107.36
0.0007,7.033594010863453e-05,0.0012253143358975649,-22.454748153686523,41099,111.5,372,-0.3559410870075226,41100,551,205500,111.5
0.0007,9.304869308834895e-05,-0.005813989322632551,-18.973379135131836,41199,116.09,372,-0.32715582847595215,41200,552,206000,116.09
0.0007,1.1364987585693598e-05,-0.0013858273159712553,-3.8936729431152344,41299,120.81,372,-0.35611316561698914,41300,553,206500,120.81
0.0007,0.0002200400922447443,0.004077606834471226,-33.212486267089844,41399,125.52,373,-0.23542599380016327,41400,554,207000,125.52
0.0007,0.00010258098336635157,-0.00014343918883241713,-5959.60791015625,41499,130.27,373,-0.2735050618648529,41500,555,207500,130.27
0.0007,9.508233233646024e-06,-0.0005862152320332825,-45.28894805908203,41599,134.66,373,-0.3066568970680237,41600,556,208000,134.66
0.0007,1.5221047760860529e-05,0.000256797531619668,-29.604787826538086,41699,139.34,374,-0.2738775610923767,41700,557,208500,139.34
0.0007,7.442129117407603e-06,0.000702711462508887,-1.4594333171844482,41799,144.01,374,-0.4326811730861664,41800,558,209000,144.01
0.0007,3.4947297535836697e-06,3.938992085750215e-05,-725.3407592773438,41899,148.62,374,-0.3191189169883728,41900,559,209500,148.62
0.0007,1.009684092423413e-05,8.690512186149135e-05,-265.3280334472656,41999,153.14,374,-0.2853577733039856,42000,560,210000,153.14
0.0007,3.01857253361959e-05,0.0002334432938368991,-22.343137741088867,42099,157.47,375,-0.2553757131099701,42100,561,210500,157.47
0.0007,3.961078164138598e-06,-0.00033431878546252847,-846.996337890625,42199,162.09,375,-0.23638959228992462,42200,562,211000,162.09
0.0007,3.4195022635685746e-06,-0.00015163463831413537,-3.860370635986328,42299,166.64,375,-0.25562432408332825,42300,563,211500,166.64
0.0007,1.8338394511374645e-05,0.0006330288597382605,-11.587547302246094,42399,171.2,375,-0.2857782244682312,42400,564,212000,171.2
0.0007,1.0165315870835911e-05,0.0004151135799475014,-8.056941986083984,42499,175.52,376,-0.28087756037712097,42500,565,212500,175.52
0.0007,9.454682185605634e-06,2.2540467398357578e-05,-288.90533447265625,42599,180.23,376,-0.2605028450489044,42600,565,213000,180.23
0.0007,2.626469495226047e-06,-3.84044942620676e-05,-21.537368774414062,42699,184.73,376,-0.28308558464050293,42700,566,213500,184.73
0.0007,1.797190634533763e-05,-0.0006671133451163769,-1.7078564167022705,42799,189.41,376,-0.31868067383766174,42800,567,214000,189.41
0.0007,2.053659500234062e-06,4.240004636812955e-05,-10.001171112060547,42899,194.18,377,-0.29604271054267883,42900,568,214500,194.18
0.0007,4.497624559007818e-06,-0.001216394710354507,-11.026341438293457,42999,198.98,377,-0.41665616631507874,43000,569,215000,198.98
0.0007,2.9634452403115574e-06,-4.597794031724334e-05,-37.33429718017578,43099,203.79,377,-0.2868906259536743,43100,570,215500,203.79
0.0007,6.443471647799015e-06,0.00018912370433099568,-0.5711355209350586,43199,208.56,377,-0.18913958966732025,43200,571,216000,208.56
0.0007,3.4826923638320295e-06,0.00014062933041714132,-10.513256072998047,43299,213.3,378,-0.20732426643371582,43300,572,216500,213.3
0.0007,9.06091918295715e-06,0.000264206639258191,-5.0137553215026855,43399,218.08,378,-0.2658079266548157,43400,573,217000,218.08
0.0007,1.997745130211115e-06,6.287010182859376e-05,-87.22173309326172,43499,222.8,378,-0.26364657282829285,43500,574,217500,222.8
0.0007,1.1860277027153643e-06,-5.6061729992507026e-05,-18.007417678833008,43599,227.58,378,-0.2296736091375351,43600,575,218000,227.58
0.0007,1.8701306316870614e-06,-0.0004926409455947578,-1.6373875141143799,43699,232.38,379,-0.26228150725364685,43700,576,218500,232.38
0.0007,1.7045764479917125e-06,1.3234015568741597e-05,-14.201847076416016,43799,237.15,379,-0.11403381824493408,43800,577,219000,237.15
0.0007,1.5955884009599686e-06,8.771461580181494e-05,-1.7744486331939697,43899,241.89,379,-0.3471488058567047,43900,578,219500,241.89
0.0007,7.277424629137386e-06,-0.001330880681052804,-11.644268035888672,43999,246.53,379,-0.3312978744506836,44000,579,220000,246.53
0.0007,2.8186711915623164e-06,-1.9837596482830122e-05,-5837.384765625,44099,251.31,380,-0.27644750475883484,44100,580,220500,251.31
0.0007,6.534974090754986e-07,0.00011031290341634303,-7.553619384765625,44199,256.11,380,-0.32496729493141174,44200,580,221000,256.11
0.0007,1.5971018001437187e-06,4.165450081927702e-05,-3.810347080230713,44299,260.88,380,-0.16772878170013428,44300,581,221500,260.88
0.0007,9.95735149444954e-07,2.0154764570179395e-05,-10.027840614318848,44399,265.64,380,-0.24029849469661713,44400,582,222000,265.64
0.0007,2.6220223503514717e-07,-0.00021695139002986252,-109.10147094726562,44499,270.32,381,-0.21151697635650635,44500,583,222500,270.32
0.0007,4.6112109686191616e-08,1.4950170452721068e-06,-16.119998931884766,44599,275.01,381,-0.23791252076625824,44600,584,223000,275.01
0.0007,7.216795438580448e-06,8.535658707842231e-05,-2.663861036300659,44699,279.76,381,-0.14551085233688354,44700,585,223500,279.76
0.0007,1.6532139852643013e-06,2.6183692170889117e-05,-7.41942024230957,44799,284.5,381,-0.2948571443557739,44800,586,224000,284.5
0.0007,1.40102349632798e-06,-0.0001272255030926317,-1.2666373252868652,44899,289.22,382,-0.31280064582824707,44900,587,224500,289.22
0.0007,7.840222906452254e-07,-4.1273768147220835e-05,-15.656612396240234,44999,293.97,382,-0.23905141651630402,45000,588,225000,293.97
0.0007,6.997189757385058e-06,0.0001199477119371295,-1.117394208908081,45099,298.79,382,-0.2061687558889389,45100,589,225500,298.79
0.0007,2.69606260872024e-07,-2.168595983675914e-06,-739.2526245117188,45199,303.53,382,-0.23081552982330322,45200,590,226000,303.53
0.0007,1.2757024023812846e-06,-7.677811663597822e-05,0.02011340856552124,45299,308.28,383,-0.2233591377735138,45300,591,226500,308.28
0.0007,1.027772668749094e-06,0.0001538945216452703,-3.996738910675049,45399,313.01,383,-0.20786653459072113,45400,592,227000,313.01
0.0007,3.669760246793885e-07,3.72858157788869e-05,-60.31304168701172,45499,317.77,383,-0.2617812752723694,45500,593,227500,317.77
0.0007,4.419009371758875e-07,0.00010712108633015305,-8.087804794311523,45599,322.5,383,-0.22346575558185577,45600,594,228000,322.5
0.0007,3.644521484602592e-06,2.9000924769206904e-05,-0.8219618797302246,45699,327.28,383,-0.09573426842689514,45700,595,228500,327.28
0.0007,3.7865248714297195e-07,1.9783416064456105e-05,0.41812586784362793,45799,332.07,384,-0.18049386143684387,45800,596,229000,332.07
0.0007,6.871996447443962e-07,-0.0006484284531325102,-11.771081924438477,45899,336.85,384,-0.1289549171924591,45900,597,229500,336.85
0.0007,1.4018733907050773e-07,-0.00020851624140050262,-78.27891540527344,45999,341.59,384,-0.10794217884540558,46000,597,230000,341.59
0.0007,2.298818571944139e-06,4.697825715993531e-05,-0.13216757774353027,46099,346.36,384,-0.13321998715400696,46100,598,230500,346.36
0.0007,1.8396648329144227e-06,0.00024020194541662931,0.3151509761810303,46199,350.98,385,-0.2519659996032715,46200,599,231000,350.98
0.0007,4.2716742427728605e-06,5.276595038594678e-05,-0.09171617031097412,46299,355.57,385,-0.11740519851446152,46300,600,231500,355.57
0.0007,9.918352361637517e-07,5.958008114248514e-05,-1.3611998558044434,46399,360.16,385,-0.21040375530719757,46400,601,232000,360.16
0.0007,1.1949217650908395e-06,0.0001559225347591564,-0.4680593013763428,46499,364.69,385,-0.3019314706325531,46500,602,232500,364.69
0.0007,1.2202189054733026e-06,2.0116556697757915e-05,-1.6775870323181152,46599,369.19,385,-0.10425525158643723,46600,603,233000,369.19
0.0007,1.9987462565040914e-06,0.00014708760136272758,-0.5763001441955566,46699,373.78,386,-0.1566305011510849,46700,604,233500,373.78
0.0007,2.0772101834154455e-06,3.810296766459942e-05,-0.3864806890487671,46799,378.38,386,-0.1252836436033249,46800,605,234000,378.38
0.0007,7.225899025797844e-07,2.1559624656219967e-05,-2.519857406616211,46899,382.98,386,-0.13045234978199005,46900,606,234500,382.98
0.0007,7.089693276896014e-09,2.037233571172692e-06,nan,46999,387.39,386,-0.14163842797279358,47000,607,235000,387.39
0.0007,2.7555856831895653e-06,0.0005349359125830233,-1.3174686431884766,47099,391.92,387,-0.11840461939573288,47100,608,235500,391.92
0.0007,4.539231213129824e-06,6.242373638087884e-05,-2.1037397384643555,47199,396.28,387,-0.12735609710216522,47200,609,236000,396.28
0.0007,1.5427125390488072e-06,0.00012959270679857582,-0.9017425775527954,47299,400.67,387,-0.2384084314107895,47300,610,236500,400.67
0.0007,8.328119633915776e-07,6.60916475681006e-06,-0.08674633502960205,47399,404.79,387,-0.047164034098386765,47400,611,237000,404.79
0.0007,1.06348886674823e-06,-4.709431595983915e-05,-1.8858940601348877,47499,409.33,387,-0.14474527537822723,47500,612,237500,409.33
0.0007,3.112899094048771e-06,2.8015122097713174e-06,-0.4591376781463623,47599,413.62,388,-0.013599544763565063,47600,613,238000,413.62
0.0007,9.080395102500916e-09,-7.309121770049387e-07,0.8243996053934097,47699,417.86,388,-0.059564173221588135,47700,613,238500,417.86
0.0007,1.909513912323746e-06,0.0001608287129784003,-0.506455659866333,47799,422.31,388,-0.2365543097257614,47800,614,239000,422.31
0.0007,6.940798016330518e-07,4.9480902816867456e-05,-1.5857410430908203,47899,426.8,389,-0.21235378086566925,47900,615,239500,426.8
0.0007,1.4049816172700957e-06,0.00015440194692928344,-1.8146984577178955,47999,431.17,389,-0.1959947794675827,48000,616,240000,431.17
0.0007,2.0150562249909854e-06,0.00020438796491362154,-0.26132702827453613,48099,435.38,389,-0.2703064978122711,48100,617,240500,435.38
0.0007,2.1591665699816076e-06,0.00022917693422641605,-0.23565495014190674,48199,439.53,390,-0.24227440357208252,48200,617,241000,439.53
0.0007,1.1853292107844027e-06,1.4255659152695443e-05,-2.3993287086486816,48299,443.81,390,-0.0858907699584961,48300,618,241500,443.81
0.0007,7.852912062844553e-07,-0.00015730925952084363,-176.4769287109375,48399,447.91,390,-0.24652867019176483,48400,619,242000,447.91
0.0007,3.3366261504852446e-06,0.0009819819824770093,-9.797662734985352,48499,452.05,391,-0.14925402402877808,48500,620,242500,452.05
0.0007,1.4098128531259135e-06,0.00015224804519675672,-0.8687835931777954,48599,456.35,391,-0.21073977649211884,48600,620,243000,456.35
0.0007,1.4807679917794303e-06,-1.982140020118095e-05,0.24663937091827393,48699,460.31,391,-0.08378349244594574,48700,621,243500,460.31
0.0007,1.4036544371265336e-06,0.00032422688673250377,-0.5303666591644287,48799,463.83,392,-0.16540347039699554,48800,622,244000,463.83
0.0007,8.361880077245587e-07,0.00020414414757397026,-0.5343320369720459,48899,467.59,392,-0.16836118698120117,48900,622,244500,467.59
0.0007,1.2572738796734484e-06,0.000112513305793982,-0.46260321140289307,48999,470.36,392,-0.24582801759243011,49000,623,245000,470.36
0.0007,1.3858428928870126e-06,2.0200097424094565e-05,-0.23141777515411377,49099,473.33,393,-0.09437662363052368,49100,624,245500,473.33
0.0007,5.890149736842432e-07,-1.348888054053532e-05,0.19493204355239868,49199,475.94,393,-0.09149762243032455,49200,625,246000,475.94
0.0007,6.090849780093777e-08,-1.7876858692034148e-05,-32.24965286254883,49299,479.57,393,-0.21837933361530304,49300,625,246500,479.57
0.0007,6.429734753510274e-07,0.0001652531063882634,-0.1675328016281128,49399,482.9,394,-0.29213446378707886,49400,626,247000,482.9
0.0007,6.427639505091065e-07,7.012044807197526e-05,-0.33707869052886963,49499,486.28,394,-0.18537954986095428,49500,627,247500,486.28
0.0007,2.0246953624791786e-07,6.98954681865871e-05,-1.3336632251739502,49599,488.96,394,-0.1312592774629593,49600,628,248000,488.96
0.0007,1.4246907085180283e-06,3.2047824788605794e-05,-0.644324779510498,49699,490.54,395,-0.12358073145151138,49700,628,248500,490.54
0.0007,2.658227629126486e-07,2.3548820536234416e-05,-1.157823085784912,49799,494.13,395,-0.1940760314464569,49800,629,249000,494.13
0.0007,3.0917815365683055e-06,0.0007502136868424714,-0.3890380859375,49899,497.04,395,-0.08123456686735153,49900,630,249500,497.04
0.0007,1.7133309029304655e-06,0.0001707058836473152,-0.00998389720916748,49999,500.0,396,-0.23208318650722504,50000,631,250000,500.0
0.0007,1.6059842664617463e-06,-0.0013897287426516414,0.5772103071212769,50099,500.0,396,-0.09409462660551071,50100,631,250500,500.0
0.0007,1.3603130355477333e-06,1.4205484148988035e-05,-0.8465266227722168,50199,500.0,396,-0.08301698416471481,50200,632,251000,500.0
0.0007,6.224727400194752e-08,4.180334508419037e-05,0.15092438459396362,50299,500.0,397,-0.2733723819255829,50300,633,251500,500.0
0.0007,2.5624177624195e-07,7.68433092162013e-05,-1.1553657054901123,50399,500.0,397,-0.276532381772995,50400,634,252000,500.0
0.0007,1.213746116945913e-07,1.3398757801041938e-05,-7.485713958740234,50499,500.0,397,-0.16580326855182648,50500,635,252500,500.0
0.0007,2.063345192482302e-07,7.39906681701541e-05,-0.7907357215881348,50599,500.0,397,-0.25224384665489197,50600,635,253000,500.0
0.0007,1.6940758484906837e-07,7.16710337655968e-06,-1.1736433506011963,50699,500.0,398,-0.08619538694620132,50700,636,253500,500.0
0.0007,2.782326191663742e-08,-1.3105129710311303e-06,-19.788349151611328,50799,500.0,398,-0.16171066462993622,50800,637,254000,500.0
0.0007,1.5608966918989609e-07,3.4743541618809104e-05,-7.282803535461426,50899,500.0,398,-0.23290219902992249,50900,638,254500,500.0
0.0007,1.7637154314797954e-06,0.00033576294663362205,0.3470330238342285,50999,500.0,399,-0.08385878056287766,51000,638,255000,500.0
0.0007,4.606204981882911e-07,1.4493224625766743e-05,-1.5795619487762451,51099,500.0,399,-0.10147758573293686,51100,639,255500,500.0
0.0007,7.220427846732491e-07,0.0001754099503159523,-0.13432693481445312,51199,500.0,399,-0.23248408734798431,51200,640,256000,500.0
0.0007,4.197936576133543e-08,-7.066928901622305e-06,-105.67369079589844,51299,500.0,400,-0.20297794044017792,51300,641,256500,500.0
0.0007,3.3318066527954215e-08,4.628610895451857e-06,-68.84444427490234,51399,500.0,400,-0.20586144924163818,51400,641,257000,500.0
0.0007,7.450580596923828e-08,-9.815850353334099e-05,-1.2233068943023682,51499,500.0,400,-0.17974458634853363,51500,642,257500,500.0
0.0007,7.61693797812768e-07,0.00015293464821297675,0.19029396772384644,51599,500.0,400,-0.2591697871685028,51600,643,258000,500.0
0.0007,7.238588182190142e-07,0.0002541297290008515,0.3923640251159668,51699,500.0,401,-0.13392609357833862,51700,644,258500,500.0
0.0007,1.0101357617031681e-07,-2.6398234695079736e-05,-1.361954689025879,51799,500.0,401,-0.18768349289894104,51800,645,259000,500.0
0.0007,4.401663389330679e-08,-7.578366057714447e-05,-4.941252708435059,51899,500.0,401,-0.1399749368429184,51900,645,259500,500.0
0.0007,6.89341675297328e-07,9.09005175344646e-05,-0.14501476287841797,51999,500.0,402,-0.20062990486621857,52000,646,260000,500.0
0.0007,2.890476196171221e-07,1.8909897335106507e-05,0.20207518339157104,52099,500.0,402,-0.15537086129188538,52100,647,260500,500.0
0.0007,5.175708679416857e-07,9.70251567196101e-05,-0.4636448621749878,52199,500.0,402,-0.22533710300922394,52200,648,261000,500.0
0.0007,1.4133983938791062e-07,5.3582683904096484e-05,-0.13675451278686523,52299,500.0,402,-0.11581023037433624,52300,649,261500,500.0
0.0007,4.061730507487482e-08,1.985858716579969e-06,0.4284580945968628,52399,500.0,403,-0.22569406032562256,52400,649,262000,500.0
0.0007,2.201413806801611e-08,3.9670658225077204e-07,-15.025806427001953,52499,500.0,403,-0.01915612444281578,52500,650,262500,500.0
0.0007,1.5544472944384324e-06,0.00036933619412593544,0.0804486870765686,52599,500.0,403,-0.023542439565062523,52600,651,263000,500.0
0.0007,1.3274839716359566e-07,5.0413236749591306e-05,0.015752732753753662,52699,500.0,403,-0.2063610553741455,52700,652,263500,500.0
0.0007,5.866167995804972e-08,2.7062540084443754e-06,0.2428874373435974,52799,500.0,404,-0.06409136205911636,52800,653,264000,500.0
0.0007,1.878594048321247e-06,1.0836971341632307e-05,-0.5884779691696167,52899,500.0,404,-0.05031789466738701,52900,654,264500,500.0
0.0007,6.944639494577132e-07,4.961556896887487e-06,-0.26360976696014404,52999,500.0,404,-0.03642972186207771,53000,654,265000,500.0
0.0007,1.75088654685851e-08,-4.495733719522832e-06,-14.764445304870605,53099,500.0,405,-0.14975474774837494,53100,655,265500,500.0
0.0007,2.114451547186036e-07,0.00013753231905866414,-0.7079155445098877,53199,500.0,405,-0.109904944896698,53200,656,266000,500.0
0.0007,2.531660811655456e-06,0.00040140911005437374,-0.18098127841949463,53299,500.0,405,-0.16400445997714996,53300,657,266500,500.0
0.0007,5.136011509421223e-07,0.00011505233123898506,-0.11083531379699707,53399,500.0,405,-0.19916753470897675,53400,657,267000,500.0
0.0007,3.248336781780381e-07,7.421577902277932e-05,-0.22671282291412354,53499,500.0,406,-0.23494334518909454,53500,658,267500,500.0
0.0007,5.626469032904424e-07,7.646821177331731e-05,0.01986074447631836,53599,500.0,406,-0.21549105644226074,53600,659,268000,500.0
0.0007,1.8801889609676437e-06,9.073663932213094e-06,-0.5576860904693604,53699,500.0,406,-0.042847003787755966,53700,660,268500,500.0
0.0007,4.748115429720201e-07,-2.1038564227637835e-05,-0.06330811977386475,53799,500.0,407,-0.11916030943393707,53800,660,269000,500.0
0.0007,2.3097963719465042e-07,2.9754368370049633e-05,0.222800612449646,53899,500.0,407,-0.21142534911632538,53900,661,269500,500.0
0.0007,6.699236223539629e-07,3.189976268913597e-05,-0.11082494258880615,53999,500.0,407,-0.15112155675888062,54000,662,270000,500.0
0.0007,3.204914023058336e-08,1.2975569006812293e-05,-5.357333183288574,54099,500.0,407,-0.23372125625610352,54100,663,270500,500.0
0.0007,3.202003426849842e-07,1.981943114515161e-06,-0.2569981813430786,54199,500.0,408,-0.022973453626036644,54200,663,271000,500.0
0.0007,4.218309186398983e-07,0.00021697150077670813,-0.6617214679718018,54299,500.0,408,-0.13950936496257782,54300,664,271500,500.0
0.0007,2.0088978089916054e-06,0.00036904655280523,0.013443350791931152,54399,500.0,408,-0.11657124012708664,54400,665,272000,500.0
0.0007,6.56815259958421e-08,1.4138606275082566e-05,-0.4712400436401367,54499,500.0,409,-0.20056496560573578,54500,665,272500,500.0
0.0007,1.1576456699913251e-06,2.890808718802873e-05,-0.11426007747650146,54599,500.0,409,-0.1200883761048317,54600,666,273000,500.0
0.0007,6.631948394897336e-07,5.976240117888665e-06,-0.20337951183319092,54699,500.0,409,-0.04695618152618408,54700,667,273500,500.0
0.0007,7.487251423299313e-07,0.0001307267666561529,0.07250618934631348,54799,500.0,410,-0.2178967446088791,54800,668,274000,500.0
0.0007,1.61188651759403e-07,4.630333933164366e-06,-1.1148037910461426,54899,500.0,410,-0.05334586650133133,54900,669,274500,500.0
0.0007,4.862202445110597e-07,9.816711826715618e-05,-0.5179699659347534,54999,500.0,410,-0.22282762825489044,55000,669,275000,500.0
0.0007,9.989598765969276e-07,6.616613973164931e-05,0.14340543746948242,55099,500.0,410,-0.1915617287158966,55100,670,275500,500.0
0.0007,2.27135615205043e-06,3.0574927222914994e-05,-0.3556036949157715,55199,500.0,411,-0.11230241507291794,55200,671,276000,500.0
0.0007,2.038548672089746e-07,9.852934454102069e-05,0.7600370049476624,55299,500.0,411,-0.16864949464797974,55300,671,276500,500.0
0.0007,2.7719653417079826e-07,4.8102734581334516e-05,0.0009875297546386719,55399,500.0,411,-0.16668401658535004,55400,672,277000,500.0
0.0007,9.551877155900002e-07,0.000289247342152521,-0.04180335998535156,55499,500.0,412,-0.20664410293102264,55500,673,277500,500.0
0.0007,5.017849957766884e-07,0.00021796154032927006,0.356725811958313,55599,500.0,412,-0.22986865043640137,55600,673,278000,500.0
0.0007,4.7329814378826995e-07,0.00013455456064548343,-0.018539905548095703,55699,500.0,413,-0.1702360212802887,55700,674,278500,500.0
0.0007,9.589130200993168e-08,-0.0006693603354506195,-1093.86669921875,55799,500.0,413,-0.018016304820775986,55800,674,279000,500.0
0.0007,1.0249205217860435e-07,4.2539715650491416e-05,-2.364799737930298,55899,500.0,413,-0.20548562705516815,55900,675,279500,500.0
0.0007,8.200178740480624e-07,0.00028866410139016807,0.22062236070632935,55999,500.0,414,-0.13615255057811737,56000,676,280000,500.0
0.0007,3.925524794112789e-08,1.3447375749819912e-05,-0.4922823905944824,56099,500.0,414,-0.16944918036460876,56100,676,280500,500.0
0.0007,1.2728968385999906e-06,9.992578998208046e-05,-0.11539769172668457,56199,500.0,414,-0.2178792506456375,56200,677,281000,500.0
0.0007,5.048700018051022e-07,6.925418711034581e-05,-0.24339592456817627,56299,500.0,415,-0.20802156627178192,56300,678,281500,500.0
0.0007,1.7044367268681526e-06,0.0001830616529332474,-0.07900261878967285,56399,500.0,415,-0.18294094502925873,56400,678,282000,500.0
0.0007,8.756993565839366e-07,0.0001380033208988607,0.19589883089065552,56499,500.0,415,-0.24883995950222015,56500,679,282500,500.0
0.0007,5.346723241927975e-07,4.3580930650932714e-06,-0.6074440479278564,56599,500.0,416,-0.04094449803233147,56600,680,283000,500.0
0.0007,1.0551768809818896e-06,0.00013872579438611865,-0.16653335094451904,56699,500.0,416,-0.2028263658285141,56700,680,283500,500.0
0.0007,1.3500685724920913e-07,4.260389232513262e-06,0.11352980136871338,56799,500.0,416,-0.08348696678876877,56800,681,284000,500.0
0.0007,1.0289950580499863e-07,2.3578928448841907e-05,-0.43981242179870605,56899,500.0,417,-0.24029503762722015,56900,681,284500,500.0
0.0007,1.8960564318604156e-07,-4.526995780906873e-06,-0.4519166946411133,56999,500.0,417,-0.0572461374104023,57000,682,285000,500.0
0.0007,1.8079881556332111e-06,2.925728404079564e-05,-0.04980325698852539,57099,500.0,417,-0.10531177371740341,57100,683,285500,500.0
0.0007,1.3213139027357101e-08,-8.312464956361509e-07,-76.9111099243164,57199,500.0,418,-0.21134725213050842,57200,683,286000,500.0
0.0007,2.7164352900399535e-07,7.178817031672224e-05,0.22077810764312744,57299,500.0,418,-0.23483283817768097,57300,684,286500,500.0
0.0007,3.004330153544288e-07,7.861785888962913e-06,-0.11234819889068604,57399,500.0,418,-0.0735509991645813,57400,685,287000,500.0
0.0007,9.332667332273559e-07,0.00014634279068559408,-0.09360086917877197,57499,500.0,419,-0.2501392960548401,57500,685,287500,500.0
0.0007,4.909583708467835e-07,0.0002863918780349195,-0.24548256397247314,57599,500.0,419,-0.0940563976764679,57600,686,288000,500.0
0.0007,6.639980938416556e-07,7.821707299626723e-07,-0.21659016609191895,57699,500.0,419,-0.009100398048758507,57700,687,288500,500.0
0.0007,2.91736803603726e-08,1.5621553757227957e-05,-2.877272844314575,57799,500.0,420,-0.23546962440013885,57800,687,289000,500.0
0.0007,3.490829953989305e-07,0.00012635647726710886,-0.1172415018081665,57899,500.0,420,-0.22717146575450897,57900,688,289500,500.0
0.0007,3.266381156663556e-07,0.0002555446117185056,-0.5654116868972778,57999,500.0,420,-0.07446300238370895,58000,689,290000,500.0
0.0007,2.3866306264608284e-07,2.339245838811621e-06,-0.10649693012237549,58099,500.0,421,-0.029665714129805565,58100,689,290500,500.0
0.0007,2.267072005679438e-07,5.559833880397491e-05,-0.46116888523101807,58199,500.0,421,-0.22525694966316223,58200,690,291000,500.0
0.0007,1.3415236708169687e-06,3.2604818898107624e-06,-0.09823215007781982,58299,500.0,421,-0.019655723124742508,58300,690,291500,500.0
0.0007,2.135057108887395e-08,1.8345561329624616e-05,-18.773332595825195,58399,500.0,422,-0.1392519325017929,58400,691,292000,500.0
0.0007,2.9226066544651985e-07,0.0002885841822717339,-0.07665038108825684,58499,500.0,422,-0.0546414814889431,58500,692,292500,500.0
0.0007,5.500274937730865e-07,7.753173122182488e-05,0.07447642087936401,58599,500.0,422,-0.20491652190685272,58600,692,293000,500.0
0.0007,2.3525208803221176e-07,1.3676198022949393e-06,-0.21087026596069336,58699,500.0,423,-0.020950714126229286,58700,693,293500,500.0
0.0007,1.34413127739208e-07,3.76005882571917e-05,0.6900901198387146,58799,500.0,423,-0.21835219860076904,58800,693,294000,500.0
0.0007,1.4393474430107744e-06,1.4841821212030482e-05,-0.20404016971588135,58899,500.0,423,-0.046831823885440826,58900,694,294500,500.0
0.0007,3.67860792493957e-07,2.1526109321712283e-06,-0.08096981048583984,58999,500.0,424,-0.02457277663052082,59000,695,295000,500.0
0.0007,1.8590479839986074e-06,1.8332735635340214e-05,-0.38578498363494873,59099,500.0,424,-0.07233559340238571,59100,696,295500,500.0
0.0007,2.711312845349312e-07,0.00010932599980151281,0.4719957709312439,59199,500.0,424,-0.13154669106006622,59200,696,296000,500.0
0.0007,5.150446895640926e-07,8.74700999702327e-05,0.06849312782287598,59299,500.0,424,-0.2265949547290802,59300,697,296500,500.0
0.0007,5.431822387436114e-07,0.00018749524315353483,-0.17676091194152832,59399,500.0,425,-0.07453177124261856,59400,698,297000,500.0
0.0007,1.2678792415954376e-07,3.888917854055762e-05,-0.2972874641418457,59499,500.0,425,-0.2223362922668457,59500,699,297500,500.0
0.0007,4.7247158363461494e-07,2.7218391551286913e-05,0.0822364091873169,59599,500.0,425,-0.14447654783725739,59600,699,298000,500.0
0.0007,2.739601825396676e-07,3.63609469786752e-05,-0.129219651222229,59699,500.0,426,-0.19595900177955627,59700,700,298500,500.0
0.0007,5.014473458686552e-07,0.00012615980813279748,0.015648961067199707,59799,500.0,426,-0.2300608605146408,59800,700,299000,500.0
0.0007,7.322291253331059e-07,0.0004766378551721573,0.12138992547988892,59899,500.0,426,-0.06327348202466965,59900,701,299500,500.0
0.0007,2.9702206916226714e-07,4.898498809779994e-05,0.3590604066848755,59999,500.0,427,-0.2077542394399643,60000,702,300000,500.0
