train/learning_rate,time/fps,rollout/ep_len_mean,train/value_loss,train/policy_loss,train/explained_variance,rollout/ep_rew_mean,time/time_elapsed,time/iterations,time/total_timesteps,train/entropy_loss,train/n_updates
0.0007,164,25.36842105263158,8.805094718933105,1.6711241006851196,0.06841176748275757,25.36842105263158,3,100,500,-0.6902792453765869,99
0.0007,199,29.59375,6.888803958892822,1.5680961608886719,0.22414004802703857,29.59375,5,200,1000,-0.6578747034072876,199
0.0007,214,33.266666666666666,6.694256782531738,1.1955362558364868,-0.0025697946548461914,33.266666666666666,6,300,1500,-0.6735523343086243,299
0.0007,223,38.94,5.825873851776123,1.147160530090332,0.002964496612548828,38.94,8,400,2000,-0.6014989614486694,399
0.0007,228,45.72222222222222,5.062893867492676,0.9373283386230469,0.001791834831237793,45.72222222222222,10,500,2500,-0.5573589205741882,499
0.0007,232,49.93333333333333,4.508779048919678,0.8072299957275391,-0.0004774332046508789,49.93333333333333,12,600,3000,-0.4054132103919983,599
0.0007,235,52.859375,3.9549720287323,0.7397494316101074,-0.0007891654968261719,52.859375,14,700,3500,-0.5553593039512634,699
0.0007,237,57.75,3.42256236076355,0.5573107600212097,0.001961052417755127,57.75,16,800,4000,-0.5415037274360657,799
0.0007,238,61.45070422535211,2.911349058151245,0.3653567433357239,0.00525134801864624,61.45070422535211,18,900,4500,-0.5121434330940247,899
0.0007,238,64.48684210526316,2.481470823287964,0.5026875138282776,-0.0002872943878173828,64.48684210526316,20,1000,5000,-0.5209078192710876,999
0.0007,238,66.95061728395062,2.0775973796844482,0.3589276373386383,-0.00035822391510009766,66.95061728395062,23,1100,5500,-0.37323233485221863,1099
0.0007,238,70.78313253012048,1.6870745420455933,0.4131424129009247,0.0006399750709533691,70.78313253012048,25,1200,6000,-0.48297005891799927,1199
0.0007,237,74.33333333333333,1.3526402711868286,0.26048633456230164,-4.291534423828125e-06,74.33333333333333,27,1300,6500,-0.36029547452926636,1299
0.0007,237,76.86666666666666,1.0461628437042236,0.4145197868347168,-4.00543212890625e-05,76.86666666666666,29,1400,7000,-0.39529627561569214,1399
0.0007,238,78.62105263157895,0.7893595695495605,0.09365618228912354,-4.57763671875e-05,78.62105263157895,31,1500,7500,-0.3474952280521393,1499
0.0007,238,81.90721649484536,0.5584390759468079,0.37528759241104126,-0.00016415119171142578,81.90721649484536,33,1600,8000,-0.4422547519207001,1599
0.0007,239,84.8,0.36902156472206116,0.09768659621477127,5.9664249420166016e-05,84.8,35,1700,8500,-0.44640564918518066,1699
0.0007,240,88.66,0.221443772315979,0.18391691148281097,-6.61611557006836e-05,88.66,37,1800,9000,-0.32177549600601196,1799
0.0007,241,92.73,0.10893859714269638,0.11373727768659592,6.192922592163086e-05,92.73,39,1900,9500,-0.4366845190525055,1899
0.0007,241,96.38,0.03830596059560776,0.05053560063242912,-2.384185791015625e-07,96.38,41,2000,10000,-0.3189564347267151,1999
0.0007,242,100.27,0.003833203110843897,0.0197510477155447,-0.0002480745315551758,100.27,43,2100,10500,-0.3753679692745209,2099
0.0007,242,103.71,8.746721141505986e-05,0.0010728173656389117,-0.004364490509033203,103.71,45,2200,11000,-0.32287880778312683,2199
0.0007,243,106.61,1.3250275515019894e-05,0.0003928990045096725,-0.01118934154510498,106.61,47,2300,11500,-0.3501199781894684,2299
0.0007,243,110.36,2.0145089365541935e-06,0.00047386190271936357,-0.0036160945892333984,110.36,49,2400,12000,-0.47095710039138794,2399
0.0007,244,113.93,4.263594746589661e-06,0.0009684389806352556,0.012327134609222412,113.93,51,2500,12500,-0.3812372386455536,2499
0.0007,244,117.05,1.6668438547640108e-05,0.002284975489601493,-0.005003690719604492,117.05,53,2600,13000,-0.2796332538127899,2599
0.0007,244,120.79,1.0869826837733854e-05,0.0013806897914037108,-0.001607060432434082,120.79,55,2700,13500,-0.39845412969589233,2699
0.0007,245,122.99,3.037857823073864e-07,0.0002374364557908848,-0.03785419464111328,122.99,57,2800,14000,-0.4051738679409027,2799
0.0007,245,125.21,1.8835149603546597e-05,0.0022571522276848555,0.011794567108154297,125.21,59,2900,14500,-0.44788074493408203,2899
0.0007,245,127.02,1.4703255502013235e-08,3.538982855388895e-05,0.03520005941390991,127.02,61,3000,15000,-0.4138014018535614,2999
0.0007,245,127.07,7.819710845069494e-06,0.0013357376446947455,-6.031990051269531e-05,127.07,63,3100,15500,-0.5089318156242371,3099
0.0007,246,129.21,1.5938538808768499e-06,0.000817357562482357,-0.0003561973571777344,129.21,65,3200,16000,-0.48966264724731445,3199
0.0007,246,130.3,1.1175871339474952e-09,1.6573698303545825e-05,-1.0799999237060547,130.3,66,3300,16500,-0.5476030707359314,3299
0.0007,246,134.33,3.2712705877457893e-09,3.333722270326689e-05,0.25,134.33,68,3400,17000,-0.41233912110328674,3399
0.0007,246,137.2,2.3617374608875252e-05,0.0013958950294181705,4.094839096069336e-05,137.2,70,3500,17500,-0.4413735866546631,3499
0.0007,246,138.03,5764.3525390625,-40.696144104003906,-4.76837158203125e-07,138.03,72,3600,18000,-0.5003272294998169,3599
0.0007,246,138.37,2.293381839990616e-08,6.242386734811589e-05,-0.08249258995056152,138.37,74,3700,18500,-0.4677557945251465,3699
0.0007,247,141.68,2.335291426902586e-08,2.9875280233682133e-05,-0.1352940797805786,141.68,76,3800,19000,-0.4819001257419586,3799
0.0007,247,144.61,1.1641532356165829e-11,-0.0,nan,144.61,78,3900,19500,-0.5242123603820801,3899
0.0007,247,146.47,6.984919587171845e-11,3.8923181477912294e-07,nan,146.47,80,4000,20000,-0.41641560196876526,3999
0.0007,247,152.34,1.199077837021889e-09,5.197279733692994e-06,-0.48000001907348633,152.34,82,4100,20500,-0.40805569291114807,4099
0.0007,247,154.92,2.1886081835731375e-09,-3.225415275665e-05,nan,154.92,84,4200,21000,-0.4019118845462799,4199
0.0007,247,160.35,1.2107519978599157e-05,0.0015557681908831,-0.0059375762939453125,160.35,86,4300,21500,-0.4806675612926483,4299
0.0007,247,162.83,3.026798534033759e-10,1.858177029134822e-06,nan,162.83,88,4400,22000,-0.35674571990966797,4399
0.0007,247,163.65,1.4551915228366852e-09,1.3001308616367169e-05,nan,163.65,90,4500,22500,-0.516983687877655,4499
0.0007,248,166.25,1.8742867258225715e-09,3.585079684853554e-05,-0.11999988555908203,166.25,92,4600,23000,-0.2635883390903473,4599
0.0007,248,169.36,1.3833633261128853e-07,0.00011059786629630253,0.05328398942947388,169.36,94,4700,23500,-0.3845061957836151,4699
0.0007,248,171.95,4.6566129424663316e-11,-9.508875336905476e-06,nan,171.95,96,4800,24000,-0.25311794877052307,4799
0.0007,248,174.77,1.7266721386022255e-07,9.029453212860972e-05,-0.0013943910598754883,174.77,98,4900,24500,-0.48563694953918457,4899
0.0007,248,178.46,1.0535924047871958e-05,0.0008094197255559266,0.00625532865524292,178.46,100,5000,25000,-0.3731110095977783,4999
0.0007,248,179.69,1.0477379380757768e-10,-3.6126682090298345e-08,nan,179.69,102,5100,25500,-0.31356725096702576,5099
0.0007,248,184.28,2.8542709173962066e-07,0.00024115957785397768,0.0943414568901062,184.28,104,5200,26000,-0.28258562088012695,5199
0.0007,248,185.71,1.4901161415892261e-09,-1.585333484399598e-05,0.12000000476837158,185.71,106,5300,26500,-0.3901399075984955,5299
0.0007,248,189.52,1.396983917434369e-10,-4.7026179572640103e-07,nan,189.52,108,5400,27000,-0.38422369956970215,5399
0.0007,248,192.59,3.143213744838391e-10,3.856706371152541e-06,-1.119999885559082,192.59,110,5500,27500,-0.4214257299900055,5499
0.0007,249,194.37,3.026798534033759e-10,4.748824267153395e-06,nan,194.37,112,5600,28000,-0.47365066409111023,5599
0.0007,249,196.67,1.2223608791828156e-09,1.95650845853379e-05,-2.2799999713897705,196.67,114,5700,28500,-0.3860498368740082,5699
0.0007,249,197.96,1.5133992670168794e-10,4.530269052338554e-06,nan,197.96,116,5800,29000,-0.45230165123939514,5799
0.0007,249,202.3,5.587935669737476e-10,6.544415555254091e-06,nan,202.3,118,5900,29500,-0.513871431350708,5899
0.0007,249,204.95,9418.5224609375,-37.78232955932617,-9.298324584960938e-06,204.95,120,6000,30000,-0.407266765832901,5999
0.0007,249,206.71,2.0954758761515535e-10,-1.2690236417256529e-07,nan,206.71,122,6100,30500,-0.4597182273864746,6099
0.0007,249,210.49,3.028079049727239e-07,0.00018168319365940988,0.027644336223602295,210.49,124,6200,31000,-0.5604550242424011,6199
0.0007,249,214.53,6.984919587171845e-11,1.6035110661505314e-07,nan,214.53,126,6300,31500,-0.588040292263031,6299
0.0007,249,217.72,4.2603038309607655e-05,0.0042061167769134045,-0.00947582721710205,217.72,128,6400,32000,-0.5054001808166504,6399
0.0007,249,218.95,2.0954758761515535e-10,7.493126304325415e-06,nan,218.95,130,6500,32500,-0.5922519564628601,6499
0.0007,249,224.04,1.4889519839300647e-08,5.2468469220912084e-05,-0.08800005912780762,224.04,132,6600,33000,-0.6006134152412415,6599
0.0007,249,227.35,2.444721924899085e-10,-5.024164238420781e-06,nan,227.35,134,6700,33500,-0.405015766620636,6699
0.0007,250,231.45,2.3283064712331658e-11,1.3322478764621337e-07,nan,231.45,135,6800,34000,-0.6033769249916077,6799
0.0007,250,235.94,6.0303135818173814e-09,2.3463913748855703e-05,-0.053333401679992676,235.94,137,6900,34500,-0.5702953934669495,6899
0.0007,250,237.27,9.738677363202441e-06,0.0011508597526699305,0.0031846165657043457,237.27,139,7000,35000,-0.5364618301391602,6999
0.0007,250,236.35,3.6106212064623833e-07,0.0001704217429505661,0.04800933599472046,236.35,141,7100,35500,-0.5086432695388794,7099
0.0007,250,236.08,1.3193465520089376e-06,0.00038102571852505207,0.05643802881240845,236.08,143,7200,36000,-0.47711530327796936,7199
0.0007,250,234.85,1.407664967700839e-05,0.0013317707926034927,0.0026998519897460938,234.85,145,7300,36500,-0.5597953796386719,7299
0.0007,250,233.98,3.8314075936796144e-05,0.0031154584139585495,-0.008262395858764648,233.98,147,7400,37000,-0.34879153966903687,7399
0.0007,250,231.64,6.337068043649197e-07,0.0004228391626384109,-0.04913938045501709,231.64,149,7500,37500,-0.552502453327179,7499
0.0007,250,229.86,4.0320446714758873e-07,0.0006039530271664262,-0.10176503658294678,229.86,151,7600,38000,-0.36371245980262756,7599
0.0007,250,230.58,4.849513288718299e-07,0.00030362256802618504,-0.06616175174713135,230.58,153,7700,38500,-0.5751582980155945,7699
0.0007,250,229.4,1.539376171422191e-05,0.0010380075545981526,-0.03288722038269043,229.4,155,7800,39000,-0.4502447247505188,7799
0.0007,250,225.54,1.393957091977427e-07,0.00019146937120240182,-0.008527398109436035,225.54,157,7900,39500,-0.5756916403770447,7899
0.0007,250,221.93,5.428496660897508e-05,0.004875945392996073,-0.00151824951171875,221.93,159,8000,40000,-0.537903904914856,7999
0.0007,250,218.72,2.0672929167631082e-05,0.0029820173513144255,0.04304313659667969,218.72,161,8100,40500,-0.4697539508342743,8099
0.0007,250,213.6,9.201234547617787e-07,0.0002999007410835475,-0.1000056266784668,213.6,163,8200,41000,-0.5599632263183594,8199
0.0007,250,199.7,8.655059355078265e-05,0.005841696169227362,-0.03444039821624756,199.7,165,8300,41500,-0.5322344899177551,8299
0.0007,250,181.4,0.00010153604671359062,0.003783930093050003,0.5435696244239807,181.4,167,8400,42000,-0.4307730197906494,8399
0.0007,250,147.81,0.005013669840991497,-0.04102282598614693,-1.0323512554168701,147.81,169,8500,42500,-0.44452786445617676,8499
0.0007,250,115.94,7395.5986328125,-45.814544677734375,0.009958028793334961,115.94,171,8600,43000,-0.3091411590576172,8599
0.0007,250,88.55,62.164039611816406,-2.4088540077209473,-31.55575180053711,88.55,173,8700,43500,-0.390647292137146,8699
0.0007,250,86.35,0.455956369638443,-0.35094258189201355,-0.2415459156036377,86.35,175,8800,44000,-0.34544259309768677,8799
0.0007,250,85.38,0.11334983259439468,0.10109936445951462,0.3967941403388977,85.38,177,8900,44500,-0.38735243678092957,8899
0.0007,250,86.34,9585.5810546875,-26.14292335510254,-0.001076340675354004,86.34,179,9000,45000,-0.34904196858406067,8999
0.0007,250,87.1,237.8480682373047,-1.3587933778762817,-20.311939239501953,87.1,181,9100,45500,-0.23979754745960236,9099
0.0007,250,86.19,14.576698303222656,0.31508541107177734,0.6657753884792328,86.19,183,9200,46000,-0.29719454050064087,9199
0.0007,250,82.07,0.0005491437623277307,-0.007674357388168573,0.9095960929989815,82.07,185,9300,46500,-0.39053210616111755,9299
0.0007,250,73.94,0.0027235355228185654,-0.016090843826532364,0.2915717363357544,73.94,187,9400,47000,-0.33253413438796997,9399
0.0007,250,64.39,0.004842556081712246,0.06659062951803207,-2.54661226272583,64.39,189,9500,47500,-0.32946380972862244,9499
0.0007,250,58.76,0.0004108925350010395,-0.003563718171790242,-3.636040687561035,58.76,191,9600,48000,-0.36376717686653137,9599
0.0007,250,55.98,1.0400056453363504e-05,-0.00045091970241628587,0.858315110206604,55.98,193,9700,48500,-0.39237162470817566,9699
0.0007,250,52.26,0.0008442220278084278,0.0056355721317231655,-96.45366668701172,52.26,195,9800,49000,-0.3886539041996002,9799
0.0007,250,35.94,0.00018010681378655136,0.006213764660060406,-2.5919206142425537,35.94,197,9900,49500,-0.4348379671573639,9899
0.0007,250,27.91,0.00017251214012503624,0.0052623809315264225,-0.5430545806884766,27.91,199,10000,50000,-0.5103231072425842,9999
0.0007,250,26.62,6.594423030037433e-05,0.0030852972995489836,-0.3432939052581787,26.62,201,10100,50500,-0.5768458247184753,10099
0.0007,250,29.46,3.3700489439070225e-06,0.0007835193537175655,-0.08338356018066406,29.46,203,10200,51000,-0.4999750554561615,10199
0.0007,250,32.63,1.0916613746303483e-06,0.0004891796270385385,-0.02955043315887451,32.63,205,10300,51500,-0.5179764628410339,10299
0.0007,250,37.15,5763.32373046875,-37.557559967041016,-0.0007135868072509766,37.15,207,10400,52000,-0.23526106774806976,10399
0.0007,249,40.33,1.069973265543922e-07,5.2804523875238374e-05,0.12570512294769287,40.33,210,10500,52500,-0.40082722902297974,10499
0.0007,248,44.91,5.756074187956983e-06,0.0011489447206258774,-3.7788262367248535,44.91,213,10600,53000,-0.3919283449649811,10599
0.0007,247,48.33,2.1776649816729332e-07,0.00012782512931153178,-0.30341529846191406,48.33,215,10700,53500,-0.450737863779068,10699
0.0007,247,52.3,1.1700439017658937e-06,0.0005203048931434751,0.01813441514968872,52.3,218,10800,54000,-0.5209583640098572,10799
0.0007,246,56.35,4.333734977990389e-06,0.0011682485928758979,-0.045215487480163574,56.35,221,10900,54500,-0.47302350401878357,10899
0.0007,244,59.98,1.924100843098131e-06,0.0005866880528628826,2.6881694793701172e-05,59.98,224,11000,55000,-0.47547683119773865,10999
0.0007,243,63.35,0.00013542873784899712,0.0015609258553013206,-5.959226608276367,63.35,227,11100,55500,-0.4372113347053528,11099
0.0007,242,66.46,6.128102825186943e-08,0.0001362723996862769,-0.04331207275390625,66.46,230,11200,56000,-0.5995213389396667,11199
0.0007,241,70.48,1.742038904239962e-07,0.00020115145889576524,0.04242819547653198,70.48,233,11300,56500,-0.6375086903572083,11299
0.0007,240,75.02,1.1394149623811245e-06,0.0006390538183040917,-0.10582911968231201,75.02,236,11400,57000,-0.5199543833732605,11399
0.0007,239,79.06,1.7791754203244636e-07,0.00018470242503099144,-0.04449331760406494,79.06,240,11500,57500,-0.6179134249687195,11499
0.0007,238,82.92,6.891787140972383e-09,3.7205452827038243e-05,-0.11999988555908203,82.92,243,11600,58000,-0.6140491366386414,11599
0.0007,237,86.95,2.561137135703717e-10,3.287967729193042e-06,nan,86.95,246,11700,58500,-0.5640224814414978,11699
0.0007,236,91.78,1.8975698790058004e-09,1.9867704395437613e-05,-0.7199999094009399,91.78,249,11800,59000,-0.48805713653564453,11799
0.0007,235,98.04,5764.36669921875,-38.87956619262695,-8.869171142578125e-05,98.04,252,11900,59500,-0.5134021043777466,11899
0.0007,234,101.34,3.998866304755211e-08,9.021889854921028e-05,0.3524562120437622,101.34,255,12000,60000,-0.6182000637054443,11999
0.0007,233,105.78,7.136259139173262e-09,3.273114634794183e-05,-0.4755556583404541,105.78,258,12100,60500,-0.5731233358383179,12099
0.0007,232,110.37,7.101334631443024e-09,4.0646566048962995e-05,-0.9022221565246582,110.37,261,12200,61000,-0.5683385133743286,12199
0.0007,231,115.79,2.0830891571677057e-06,0.0006181257194839418,0.07313269376754761,115.79,265,12300,61500,-0.6167126893997192,12299
0.0007,231,118.42,9.313225884932663e-11,-2.2161648871588113e-07,nan,118.42,268,12400,62000,-0.5797885656356812,12399
0.0007,230,124.91,3.3468242577328056e-07,0.00025195933994837105,0.19670748710632324,124.91,271,12500,62500,-0.6204169988632202,12499
0.0007,229,129.21,7.627532028209316e-08,0.00014258491864893585,0.10820245742797852,129.21,274,12600,63000,-0.5004239678382874,12599
0.0007,228,134.36,2.6053272449644282e-05,0.0019488001707941294,-0.004416108131408691,134.36,277,12700,63500,-0.598033607006073,12699
0.0007,227,138.47,5.335779746928893e-07,0.0004548079741653055,-0.07859742641448975,138.47,280,12800,64000,-0.4489883482456207,12799
0.0007,226,142.16,1.0826625151949543e-09,1.1458872904768214e-05,0.18000012636184692,142.16,284,12900,64500,-0.46538791060447693,12899
0.0007,226,147.29,1.3019889877341484e-07,0.0002109599590767175,-9.238719940185547e-05,147.29,287,13000,65000,-0.23048125207424164,12999
0.0007,225,152.27,2.5414012270630337e-05,0.0011388714192435145,0.014772772789001465,152.27,290,13100,65500,-0.3162808418273926,13099
0.0007,224,155.52,2.627493778106782e-08,0.000104382517747581,-0.16320478916168213,155.52,293,13200,66000,-0.5736743807792664,13199
0.0007,224,160.83,3.798399120569229e-06,0.0009929147781804204,0.12306517362594604,160.83,296,13300,66500,-0.5432069897651672,13299
0.0007,223,164.93,1.678505213931203e-05,-0.004610023461282253,-15.581720352172852,164.93,299,13400,67000,-0.43583425879478455,13399
0.0007,222,167.77,2.312008362537199e-08,4.988276486983523e-06,-60.439998626708984,167.77,302,13500,67500,-0.5043590664863586,13499
0.0007,222,171.93,1.300359198097567e-08,2.5880774046527222e-05,-11.519999504089355,171.93,305,13600,68000,-0.5059808492660522,13599
0.0007,222,175.79,1.199077837021889e-09,-4.365125732874731e-06,-8.119999885559082,175.79,308,13700,68500,-0.5763530135154724,13699
0.0007,221,180.62,7.683411129555395e-10,-8.990060450742021e-06,nan,180.62,311,13800,69000,-0.5804058909416199,13799
0.0007,221,184.74,1.7695128695649487e-09,-1.7542850400786847e-05,0.6622222363948822,184.74,313,13900,69500,-0.5962386131286621,13899
0.0007,221,187.83,3.0151567909086907e-09,1.5925110346870497e-05,-4.880000114440918,187.83,316,14000,70000,-0.5911957025527954,13999
0.0007,220,191.81,1.525040760341767e-09,-1.3727948498853948e-05,nan,191.81,319,14100,70500,-0.4839416444301605,14099
0.0007,220,196.13,2.0524021593359976e-08,7.774418190820143e-05,-8.480000495910645,196.13,322,14200,71000,-0.19068573415279388,14199
0.0007,220,200.24,2.9103830456733704e-10,5.382004928833339e-06,nan,200.24,324,14300,71500,-0.582075834274292,14299
0.0007,219,204.27,4.981993697583675e-07,-0.00011920928227482364,0.13183999061584473,204.27,327,14400,72000,-0.46230778098106384,14399
0.0007,219,208.49,7.683411129555395e-10,1.1779539818235207e-05,nan,208.49,330,14500,72500,-0.6137749552726746,14499
0.0007,219,211.5,9.072968168766238e-06,0.0015409886837005615,-0.011995911598205566,211.5,333,14600,73000,-0.47189614176750183,14599
0.0007,218,197.72,6.756252696504816e-05,0.0024933754466474056,-0.06589782238006592,197.72,335,14700,73500,-0.41641709208488464,14699
0.0007,218,190.48,1.0048272542917402e-06,0.00046198652125895023,0.1316460371017456,190.48,338,14800,74000,-0.645158588886261,14799
0.0007,218,192.8,1.0477378964424133e-09,1.6808089640107937e-05,0.0,192.8,341,14900,74500,-0.5247521996498108,14899
0.0007,218,195.56,3.3178366720676422e-09,-3.193704833392985e-05,-0.11999988555908203,195.56,343,15000,75000,-0.6286954879760742,14999
0.0007,217,200.37,1.396983917434369e-10,2.832817244780017e-06,nan,200.37,346,15100,75500,-0.585312008857727,15099
0.0007,217,204.45,1.1408701761084217e-09,4.079272912349552e-06,nan,204.45,349,15200,76000,-0.4852008819580078,15199
0.0007,217,209.25,7.334165497141498e-10,-1.8937807908514515e-05,0.48000001907348633,209.25,352,15300,76500,-0.41428881883621216,15299
0.0007,216,214.1,7.939525481504006e-09,-6.206379475770518e-05,0.33000004291534424,214.1,354,15400,77000,-0.538943886756897,15399
0.0007,216,219.13,1.7462298274040222e-10,-8.879965207597706e-06,nan,219.13,357,15500,77500,-0.5242124199867249,15499
0.0007,216,224.29,6.386894142451638e-07,0.000523300957866013,-0.03894031047821045,224.29,360,15600,78000,-0.34385812282562256,15599
0.0007,216,225.53,1.7462298274040222e-10,1.5910248976069852e-06,nan,225.53,362,15700,78500,-0.5677571892738342,15699
0.0007,216,230.03,2.7904752286644907e-08,6.62877137074247e-05,0.06266093254089355,230.03,365,15800,79000,-0.5741724967956543,15799
0.0007,215,232.98,3.1082891815970015e-09,1.976006751647219e-05,-0.9200000762939453,232.98,368,15900,79500,-0.5957698225975037,15899
0.0007,215,235.74,6.17001227887215e-10,7.441581601597136e-06,nan,235.74,371,16000,80000,-0.6127516627311707,15999
0.0007,215,238.0,2.793967834868738e-10,-3.559282049536705e-06,nan,238.0,373,16100,80500,-0.6573522686958313,16099
0.0007,215,241.4,5.703186545247263e-08,0.00010527951963013038,-0.3519251346588135,241.4,376,16200,81000,-0.5825333595275879,16199
0.0007,214,244.56,1.2258533743647604e-08,3.731711331056431e-05,-92.70000457763672,244.56,379,16300,81500,-0.49332648515701294,16299
0.0007,214,247.66,1.7229467852430957e-09,-2.5526085664751008e-05,-4.119999885559082,247.66,381,16400,82000,-0.5853049159049988,16399
0.0007,214,250.39,9.196810535350153e-10,1.8186609622716787e-06,-4.013332843780518,250.39,384,16500,82500,-0.5906333327293396,16499
0.0007,214,253.81,5.145557313568361e-09,1.3514480087906122e-05,nan,253.81,387,16600,83000,-0.5723848938941956,16599
0.0007,214,256.79,5.704350880542108e-10,2.633383473948925e-06,nan,256.79,389,16700,83500,-0.5752611756324768,16699
0.0007,213,259.54,1.23400245577443e-09,3.982969246862922e-06,-6.800000190734863,259.54,392,16800,84000,-0.6052405834197998,16799
0.0007,213,260.6,1.0477379380757768e-10,4.43424050899921e-06,nan,260.6,395,16900,84500,-0.47698497772216797,16899
0.0007,213,260.69,1.0221265611676245e-08,4.178410381427966e-05,-0.19499993324279785,260.69,398,17000,85000,-0.5048131346702576,16999
0.0007,213,261.11,1.955777539919268e-09,2.5813933461904526e-05,0.7200000286102295,261.11,400,17100,85500,-0.47042521834373474,17099
0.0007,213,258.57,7609.26708984375,-61.492713928222656,-2.002716064453125e-05,258.57,403,17200,86000,-0.33748388290405273,17199
0.0007,212,249.63,4.584715043165488e-06,0.0009172242134809494,2.5570392608642578e-05,249.63,406,17300,86500,-0.5289133191108704,17299
0.0007,212,239.02,1.705385511741042e-05,0.0024481352884322405,-0.01626741886138916,239.02,409,17400,87000,-0.46501192450523376,17399
0.0007,212,235.26,4.897150120086735e-06,0.000891655043233186,0.0,235.26,411,17500,87500,-0.5142952799797058,17499
0.0007,212,230.5,7.353234195761615e-06,0.0012246629921719432,-0.003771543502807617,230.5,414,17600,88000,-0.5323261618614197,17599
0.0007,212,225.83,3.0580674774682848e-06,0.00038185593439266086,-0.011725306510925293,225.83,417,17700,88500,-0.4840950071811676,17699
0.0007,212,216.73,2.462742941133911e-06,0.0007022452773526311,2.1159648895263672e-05,216.73,419,17800,89000,-0.5451254844665527,17799
0.0007,211,201.2,1.0558869689702988e-07,0.00016579600924160331,0.015613317489624023,201.2,422,17900,89500,-0.4722862243652344,17899
0.0007,211,192.19,5.993060625542057e-08,0.00010251311323372647,0.08038175106048584,192.19,425,18000,90000,-0.5572001934051514,17999
0.0007,211,183.5,8.765491656959057e-07,0.0010443473001942039,0.00021910667419433594,183.5,428,18100,90500,-0.3051806390285492,18099
0.0007,211,180.1,1.844647385951248e-06,0.0007151171448640525,0.03907519578933716,180.1,430,18200,91000,-0.4154658913612366,18199
0.0007,211,181.85,4.307366907596588e-08,6.900426524225622e-05,-0.10588240623474121,181.85,433,18300,91500,-0.45795971155166626,18299
0.0007,210,186.56,2.2363384033496914e-08,8.318041363963857e-05,0.10148376226425171,186.56,436,18400,92000,-0.5308427214622498,18399
0.0007,210,191.53,7.19749380095891e-07,0.0004908490809611976,1.817941665649414e-05,191.53,438,18500,92500,-0.5039541721343994,18499
0.0007,210,194.73,5.575711838901043e-07,0.0002586765622254461,2.3484230041503906e-05,194.73,441,18600,93000,-0.5980610251426697,18599
0.0007,210,199.11,1.0649231626302935e-05,0.0013983469689264894,-0.0031529664993286133,199.11,444,18700,93500,-0.48680493235588074,18699
0.0007,210,202.81,2.462742941133911e-06,0.0005039070965722203,2.1159648895263672e-05,202.81,446,18800,94000,-0.5530462265014648,18799
0.0007,210,179.01,0.00010998680227203295,0.0032155450899153948,-0.0004894733428955078,179.01,449,18900,94500,-0.4978322982788086,18899
0.0007,210,164.41,9409.916015625,-53.912654876708984,0.0,164.41,452,19000,95000,-0.48919937014579773,18999
0.0007,209,152.71,2.686103107407689e-05,0.001990700839087367,4.76837158203125e-07,152.71,455,19100,95500,-0.42403444647789,19099
0.0007,209,136.73,8.78690025274409e-06,0.0006463138270191848,1.5497207641601562e-06,136.73,457,19200,96000,-0.4996045231819153,19199
0.0007,209,113.98,0.00014269239909481257,0.0022960577625781298,-0.04910886287689209,113.98,460,19300,96500,-0.44729694724082947,19299
0.0007,209,110.77,2.2302499473880744e-06,0.0010512404842302203,2.3424625396728516e-05,110.77,463,19400,97000,-0.328628271818161,19399
0.0007,209,110.59,4.47475140390452e-05,0.002299634739756584,0.01329028606414795,110.59,465,19500,97500,-0.4705822169780731,19499
0.0007,209,111.77,1.943320967257023e-06,0.0005757993785664439,-0.00731205940246582,111.77,468,19600,98000,-0.36784759163856506,19599
0.0007,208,112.51,5.5163868637464475e-06,0.0012741897953674197,-0.008695006370544434,112.51,471,19700,98500,-0.3525712788105011,19699
0.0007,208,111.89,4.851958124163502e-07,0.0002436170179862529,2.7060508728027344e-05,111.89,474,19800,99000,-0.48269423842430115,19799
0.0007,208,109.29,1.9719580450328067e-05,0.001229180721566081,6.556510925292969e-07,109.29,476,19900,99500,-0.46111899614334106,19899
0.0007,208,100.93,2.768248123174999e-05,0.0018192718271166086,-0.0038846731185913086,100.93,479,20000,100000,-0.41026315093040466,19999
0.0007,208,98.11,1.8986989971381263e-06,0.00040481225005351007,-0.00742793083190918,98.11,482,20100,100500,-0.5865994691848755,20099
0.0007,208,96.37,4.5741024223389104e-05,0.001963056391105056,-0.0002243518829345703,96.37,484,20200,101000,-0.4778175354003906,20199
0.0007,208,94.68,2.5887018637149595e-05,0.0020220738369971514,-0.020233154296875,94.68,487,20300,101500,-0.38686707615852356,20299
0.0007,208,94.16,5.163438800082076e-06,0.000820498913526535,0.002285003662109375,94.16,490,20400,102000,-0.5155717134475708,20399
0.0007,207,94.17,1.0475562703504693e-05,0.0008947569876909256,-0.006317615509033203,94.17,492,20500,102500,-0.48748087882995605,20499
0.0007,207,93.6,1.2628559488803148e-05,0.0010030504781752825,-0.013287544250488281,93.6,495,20600,103000,-0.4925442636013031,20599
0.0007,207,94.57,3.660729998955503e-05,0.003393362043425441,-0.01269686222076416,94.57,498,20700,103500,-0.3642507493495941,20699
0.0007,207,96.59,2.3839645564294187e-06,0.0003431635268498212,-0.006561994552612305,96.59,501,20800,104000,-0.4594527781009674,20799
0.0007,207,97.82,2.330091047042515e-05,0.001507371081970632,0.001066446304321289,97.82,503,20900,104500,-0.4962826669216156,20899
0.0007,207,99.86,4.929996794089675e-05,0.008120150305330753,-0.0841749906539917,99.86,506,21000,105000,-0.22517476975917816,20999
0.0007,207,101.58,2.4826732669680496e-07,0.000190915641724132,0.0017847418785095215,101.58,509,21100,105500,-0.48685145378112793,21099
0.0007,207,104.1,1.8299115254194476e-05,0.0015105848433449864,-0.007173061370849609,104.1,511,21200,106000,-0.47902417182922363,21199
0.0007,206,105.33,3.7077221350045875e-05,0.0014602352166548371,0.0008112192153930664,105.33,514,21300,106500,-0.5170663595199585,21299
0.0007,206,107.08,1.4354312042996753e-05,0.001762522617354989,-0.0013377666473388672,107.08,517,21400,107000,-0.35016366839408875,21399
0.0007,206,109.93,3.393100269022398e-05,0.0034468837548047304,-0.07341635227203369,109.93,520,21500,107500,-0.5024612545967102,21499
0.0007,206,110.53,2.3974129362613894e-05,0.0007824830827303231,0.01522219181060791,110.53,522,21600,108000,-0.4239255487918854,21599
0.0007,206,111.43,3.5147404560120776e-05,0.003821092890575528,-0.062027812004089355,111.43,525,21700,108500,-0.46101808547973633,21699
0.0007,206,113.24,4.107365327854495e-07,0.0003932821564376354,-0.031979918479919434,113.24,528,21800,109000,-0.4861155152320862,21799
0.0007,206,113.76,3.872031811624765e-06,0.0006044181063771248,-3.337860107421875e-06,113.76,530,21900,109500,-0.5841554999351501,21899
0.0007,206,114.37,5764.05224609375,-5.806370735168457,-1.71661376953125e-05,114.37,533,22000,110000,-0.20412342250347137,21999
0.0007,206,115.7,1.450505806133151e-05,0.00042230013059452176,0.01603233814239502,115.7,536,22100,110500,-0.3324451446533203,22099
0.0007,206,116.97,1.4309189282357693e-06,0.0002816925698425621,9.179115295410156e-06,116.97,538,22200,111000,-0.532602846622467,22199
0.0007,205,119.6,7.19749380095891e-07,0.00029794496367685497,1.817941665649414e-05,119.6,541,22300,111500,-0.5234559774398804,22299
0.0007,205,123.21,2.1816232376181688e-08,8.4893916209694e-05,0.0005934834480285645,123.21,544,22400,112000,-0.4405469000339508,22399
0.0007,205,126.43,1.5832484212552345e-09,1.0065672540804371e-05,-0.9199998378753662,126.43,546,22500,112500,-0.5333585143089294,22499
0.0007,205,132.36,7.749963697278872e-05,0.0030819259118288755,0.019195079803466797,132.36,549,22600,113000,-0.5866408348083496,22599
0.0007,205,134.29,1.5133992670168794e-10,-9.077398317458574e-07,nan,134.29,552,22700,113500,-0.5392872095108032,22699
0.0007,205,138.86,2.793967834868738e-10,6.951810064492747e-06,0.5999999940395355,138.86,555,22800,114000,-0.6107980608940125,22799
0.0007,205,141.95,6.845220834605925e-09,5.4995889513520524e-05,-0.125,141.95,557,22900,114500,-0.5125726461410522,22899
0.0007,205,144.95,4.309113137423992e-07,0.000266565679339692,-0.022768735885620117,144.95,560,23000,115000,-0.6147733926773071,22999
0.0007,205,146.69,6.984919587171845e-11,4.631058345694328e-06,nan,146.69,563,23100,115500,-0.6131104826927185,23099
0.0007,204,150.41,4.096189627489366e-07,0.0005208551301620901,-0.050913333892822266,150.41,565,23200,116000,-0.40743762254714966,23199
0.0007,204,153.53,1.0104384273290634e-05,0.0015371280023828149,-0.057299256324768066,153.53,568,23300,116500,-0.48948389291763306,23299
0.0007,204,156.37,5764.33935546875,-29.398771286010742,-4.291534423828125e-06,156.37,571,23400,117000,-0.5375557541847229,23399
0.0007,204,157.86,5.00003807246685e-08,0.00018542488396633416,0.0010554194450378418,157.86,574,23500,117500,-0.3201068937778473,23499
0.0007,204,159.16,4.919711571460539e-08,0.0001042195872287266,0.04327183961868286,159.16,576,23600,118000,-0.6259905099868774,23599
0.0007,204,161.06,1.4309189282357693e-06,0.0003829781780950725,9.179115295410156e-06,161.06,579,23700,118500,-0.4892537295818329,23699
0.0007,204,161.69,2.1720771314903686e-07,0.0002151319058611989,0.01282799243927002,161.69,582,23800,119000,-0.6447796821594238,23799
0.0007,204,162.81,1.4319084584712982e-08,9.315508214058354e-05,0.0,162.81,584,23900,119500,-0.5240373015403748,23899
0.0007,204,163.82,1960.0269775390625,-8.331871032714844,-5.125999450683594e-06,163.82,587,24000,120000,-0.25181370973587036,23999
0.0007,204,164.72,1.9426225605911895e-07,0.00022288512263912708,-0.02317988872528076,164.72,590,24100,120500,-0.5954720973968506,24099
0.0007,204,166.21,4.61314593849238e-05,0.0024565719068050385,-0.013530731201171875,166.21,592,24200,121000,-0.5044717192649841,24199
0.0007,203,167.03,5.164416734260158e-07,0.0003124572103843093,-0.013976812362670898,167.03,595,24300,121500,-0.6135733723640442,24299
0.0007,203,167.48,8.589122302282703e-08,0.0001585979771334678,0.03445255756378174,167.48,598,24400,122000,-0.6571755409240723,24399
0.0007,203,164.36,7.275725124600285e-07,0.00018196446762885898,-0.01812577247619629,164.36,601,24500,122500,-0.3575938642024994,24499
0.0007,203,164.58,5.304627393343253e-06,0.0012912683887407184,2.5033950805664062e-06,164.58,603,24600,123000,-0.564713716506958,24599
0.0007,203,165.1,2.8739566914737225e-05,0.00237064971588552,-0.010731101036071777,165.1,606,24700,123500,-0.5035632252693176,24699
0.0007,203,164.49,4.343618911661906e-06,0.0011897742515429854,-0.004889369010925293,164.49,609,24800,124000,-0.5946912169456482,24799
0.0007,203,165.13,2.947519703866419e-07,0.0003089825331699103,0.045900940895080566,165.13,611,24900,124500,-0.6543394923210144,24899
0.0007,203,164.75,1.087274904421065e-05,0.0014242554316297174,-1.3232231140136719e-05,164.75,614,25000,125000,-0.6512494087219238,24999
0.0007,203,165.1,9.325682412963943e-07,0.0005898307426832616,-0.010441780090332031,165.1,617,25100,125500,-0.5259211659431458,25099
0.0007,203,166.3,3.781996156249079e-06,0.001223890925757587,-0.0026003122329711914,166.3,620,25200,126000,-0.5677124261856079,25199
0.0007,203,166.89,2.2369204089045525e-07,0.00028218544321134686,0.0009340643882751465,166.89,622,25300,126500,-0.6561610102653503,25299
0.0007,203,161.99,1.9123941456200555e-05,0.0013306677574291825,0.002289116382598877,161.99,625,25400,127000,-0.5983275771141052,25399
0.0007,203,160.26,3.552937414497137e-06,0.0008279715548269451,-3.6954879760742188e-06,160.26,628,25500,127500,-0.6080795526504517,25499
0.0007,202,158.96,8.814316061034333e-06,0.001205054926685989,-0.001782059669494629,158.96,630,25600,128000,-0.6199595332145691,25599
0.0007,202,156.33,1.3854587166406418e-07,0.00019434171554166824,0.0008320808410644531,156.33,633,25700,128500,-0.626109778881073,25699
0.0007,202,150.61,7.584923764625273e-07,0.00023275341663975269,-0.01762855052947998,150.61,636,25800,129000,-0.5264174342155457,25799
0.0007,202,145.67,2.7738313292502426e-05,0.004682520404458046,-0.022988557815551758,145.67,638,25900,129500,-0.3579590916633606,25899
0.0007,202,141.69,1.783832033197541e-07,0.00018164080393034965,0.0011739134788513184,141.69,641,26000,130000,-0.6020249724388123,25999
0.0007,202,137.16,1.1653721230686642e-05,0.0011291526025161147,-0.016435623168945312,137.16,644,26100,130500,-0.510081946849823,26099
0.0007,202,135.44,2.1593994006252615e-06,0.0005011136527173221,-0.003629326820373535,135.44,647,26200,131000,-0.446380615234375,26199
0.0007,202,135.28,2.4826732669680496e-07,0.00032636700780130923,5.245208740234375e-05,135.28,649,26300,131500,-0.42918744683265686,26299
0.0007,202,134.52,1.2328382581472397e-07,0.00015189552505034953,0.029393017292022705,134.52,652,26400,132000,-0.5741932988166809,26399
0.0007,202,134.7,6.609095726162195e-05,0.002801245776936412,-0.008373498916625977,134.7,655,26500,132500,-0.5867759585380554,26499
0.0007,202,133.28,3879.446044921875,-1.8962618112564087,-3.814697265625e-06,133.28,657,26600,133000,-0.3537518084049225,26599
0.0007,202,132.42,1.0550720475066555e-07,0.00012792849156539887,0.0004956722259521484,132.42,660,26700,133500,-0.6432178616523743,26699
0.0007,202,132.95,3.7554640584858134e-05,0.0021290876902639866,-0.02604198455810547,132.95,663,26800,134000,-0.5887162089347839,26799
0.0007,201,133.55,1.9208528101444244e-09,2.4090311853797175e-05,0.18000000715255737,133.55,665,26900,134500,-0.649638295173645,26899
0.0007,201,133.91,1.36333283080603e-05,0.001683080568909645,-0.002004384994506836,133.91,668,27000,135000,-0.507530689239502,26999
0.0007,201,134.44,6.219034730747808e-06,0.0010609920136630535,-0.002499818801879883,134.44,671,27100,135500,-0.5096980333328247,27099
0.0007,201,138.14,4.1646660974947736e-05,0.0070798578672111034,-0.011096835136413574,138.14,674,27200,136000,-0.19597037136554718,27199
0.0007,201,139.74,2.2363384033496914e-08,8.488133607897907e-05,0.009411752223968506,139.74,676,27300,136500,-0.5523961186408997,27299
0.0007,201,140.34,2.410801789665129e-05,0.002561752451583743,0.0007282495498657227,140.34,679,27400,137000,-0.5512656569480896,27399
0.0007,201,141.15,5.030341071687872e-06,0.000779900059569627,-0.018263816833496094,141.15,682,27500,137500,-0.5640429854393005,27499
0.0007,201,141.5,8.500879857820109e-07,0.00038294351543299854,6.16908073425293e-05,141.5,684,27600,138000,-0.6043879389762878,27599
0.0007,201,142.19,2.945446249214001e-05,0.0023287779185920954,-0.01935255527496338,142.19,687,27700,138500,-0.5483257174491882,27699
0.0007,201,142.32,2.5899498723447323e-06,0.0003126130031887442,-0.04536151885986328,142.32,690,27800,139000,-0.4618462026119232,27799
0.0007,201,144.05,7.519265921018814e-08,1.7715434296405874e-05,0.0015693306922912598,144.05,692,27900,139500,-0.2628101408481598,27899
0.0007,201,144.7,1.358101116011312e-07,0.00026960839750245214,0.0003699064254760742,144.7,695,28000,140000,-0.5252871513366699,27999
0.0007,201,143.73,1.6819860320538282e-05,0.002475868910551071,-0.08928477764129639,143.73,698,28100,140500,-0.3170294761657715,28099
0.0007,201,144.51,4.695479219662957e-05,0.0021363056730479,0.0021802783012390137,144.51,700,28200,141000,-0.5419721603393555,28199
0.0007,201,146.72,1.7026031855493784e-05,0.0017232781974598765,-0.1131659746170044,146.72,703,28300,141500,-0.5065861940383911,28299
0.0007,201,148.84,1.9208528101444244e-09,2.4589564418420196e-05,-0.11999988555908203,148.84,706,28400,142000,-0.5995006561279297,28399
0.0007,200,151.44,4.242966042511398e-06,0.0008104807930067182,0.034127891063690186,151.44,709,28500,142500,-0.5054024457931519,28499
0.0007,200,153.17,5.1304233750215644e-08,0.00010560514783719555,-0.0010552406311035156,153.17,711,28600,143000,-0.43950939178466797,28599
0.0007,200,155.42,3.4924596548080444e-10,9.277343451685738e-06,-0.5199998617172241,155.42,714,28700,143500,-0.67192143201828,28699
0.0007,200,156.41,2.200249582529068e-08,9.444627357879654e-05,0.005882382392883301,156.41,716,28800,144000,-0.5114650130271912,28799
0.0007,200,157.5,4.340894577126164e-07,0.0002471813641022891,0.0004076361656188965,157.5,719,28900,144500,-0.6106056571006775,28899
0.0007,200,159.54,1.4284160521071954e-08,5.083780342829414e-05,0.0368000864982605,159.54,722,29000,145000,-0.6144006848335266,28999
0.0007,200,161.47,1.5325484127970412e-05,0.0009905423503369093,0.002573668956756592,161.47,725,29100,145500,-0.41999611258506775,29099
0.0007,200,161.8,1.6370439652746427e-06,0.0004464851808734238,-0.024238109588623047,161.8,727,29200,146000,-0.5615488290786743,29199
0.0007,200,162.89,3.3211661047971575e-06,0.0008098995313048363,0.04085373878479004,162.89,730,29300,146500,-0.49841833114624023,29299
0.0007,200,163.5,1.849656655394938e-05,0.002049465198069811,-0.0023717880249023438,163.5,733,29400,147000,-0.5408748984336853,29399
0.0007,200,163.29,3.817724234522757e-07,0.00021188320533838123,3.337860107421875e-05,163.29,735,29500,147500,-0.6198621988296509,29499
0.0007,200,163.7,1.737498678267002e-07,0.00022403417096938938,0.03677046298980713,163.7,738,29600,148000,-0.5541777014732361,29599
0.0007,200,161.94,1.6773003608250292e-06,0.0009439981658942997,-0.003991127014160156,161.94,741,29700,148500,-0.4207192361354828,29699
0.0007,200,162.52,1.0550720475066555e-07,0.00016033581050578505,0.0004956722259521484,162.52,743,29800,149000,-0.3553668260574341,29799
0.0007,200,163.69,2.717133718022069e-08,7.860531331971288e-05,0.055723488330841064,163.69,746,29900,149500,-0.6001696586608887,29899
0.0007,200,165.0,6.402842700481415e-10,1.1555222954484634e-05,0.0,165.0,749,30000,150000,-0.6597887277603149,29999
0.0007,200,167.08,6.984919587171845e-11,-8.179369501704059e-07,nan,167.08,752,30100,150500,-0.6683964133262634,30099
0.0007,200,169.38,5.952897481620312e-07,0.0003794266958720982,-0.026773452758789062,169.38,754,30200,151000,-0.5426109433174133,30199
0.0007,199,169.94,4.773028194904327e-09,4.20879150624387e-05,-0.013333320617675781,169.94,757,30300,151500,-0.5863776206970215,30299
0.0007,199,171.19,4.6116767293824523e-07,0.00032832130091264844,-0.029685616493225098,171.19,760,30400,152000,-0.5464534163475037,30399
0.0007,199,171.22,5.111564291837567e-07,0.0004448750987648964,2.5153160095214844e-05,171.22,763,30500,152500,-0.4997970759868622,30499
0.0007,199,170.74,2.1466986410700883e-08,8.924270514398813e-05,0.06468844413757324,170.74,766,30600,153000,-0.5079070329666138,30599
0.0007,199,169.68,1.400801102136029e-05,0.0017050942406058311,-0.029221534729003906,169.68,768,30700,153500,-0.44540461897850037,30699
0.0007,199,170.08,2.3050235054000723e-09,2.3745757061988115e-05,0.0,170.08,771,30800,154000,-0.5977866053581238,30799
0.0007,199,171.28,9.026727525451861e-07,0.0003365859156474471,5.841255187988281e-05,171.28,774,30900,154500,-0.5014907717704773,30899
0.0007,199,172.53,6.402842700481415e-10,1.6231226254603826e-05,0.08000004291534424,172.53,776,31000,155000,-0.686616837978363,30999
0.0007,199,173.35,5.00003807246685e-08,0.00013384652265813202,0.0010554194450378418,173.35,779,31100,155500,-0.38590699434280396,31099
0.0007,199,174.59,1.1670753110593068e-06,0.0004802132898475975,-0.009556412696838379,174.59,782,31200,156000,-0.5825896263122559,31199
0.0007,199,175.73,4.179310231222644e-09,3.540183388395235e-05,0.0,175.73,785,31300,156500,-0.6588897109031677,31299
0.0007,199,176.91,3.130408003926277e-07,0.00032574916258454323,-0.047977447509765625,176.91,787,31400,157000,-0.5070114731788635,31399
0.0007,199,177.47,8.716306183487177e-06,0.0011095608351752162,-0.021157503128051758,177.47,790,31500,157500,-0.5813307166099548,31499
0.0007,199,178.73,1.5359837846062874e-07,0.00014581986761186272,0.13141906261444092,178.73,793,31600,158000,-0.5889878273010254,31599
0.0007,199,181.13,2.2289111711870646e-06,0.0008576798136346042,-0.01727449893951416,181.13,796,31700,158500,-0.42580777406692505,31699
0.0007,199,182.99,2.5595073793738266e-07,0.00016179363592527807,0.05906456708908081,182.99,798,31800,159000,-0.5036349892616272,31799
0.0007,199,185.0,4.062894909395709e-09,2.5844656192930415e-05,-0.3799999952316284,185.0,801,31900,159500,-0.6277515292167664,31899
0.0007,199,187.29,2.2270251420763998e-08,6.911250966368243e-05,0.32106828689575195,187.29,803,32000,160000,-0.5629116892814636,31999
0.0007,199,188.86,3.0384399440919196e-09,2.979735108965542e-05,0.08444446325302124,188.86,805,32100,160500,-0.6578287482261658,32099
0.0007,199,189.75,5.2619726353952956e-09,1.8664179151528515e-05,-1.5799999237060547,189.75,808,32200,161000,-0.5116401314735413,32199
0.0007,199,190.4,4.303216701373458e-05,0.004170931410044432,0.03073638677597046,190.4,810,32300,161500,-0.5124393105506897,32299
0.0007,199,190.35,4.009343683719635e-07,0.00025709113106131554,-0.0010585784912109375,190.35,812,32400,162000,-0.5969303846359253,32399
0.0007,199,190.25,3.4924597935859225e-11,-1.9506837816152256e-06,nan,190.25,814,32500,162500,-0.5859443545341492,32499
0.0007,199,189.86,2.0349398610619573e-08,0.00010370399104431272,0.0005934834480285645,189.86,817,32600,163000,-0.48779168725013733,32599
0.0007,199,189.57,5.5565035239624194e-08,9.837344259722158e-05,-0.09459817409515381,189.57,819,32700,163500,-0.4767484664916992,32699
0.0007,199,187.83,2.9930379952247677e-08,7.759290747344494e-05,-0.029805660247802734,187.83,821,32800,164000,-0.6502278447151184,32799
0.0007,199,187.21,1.5343539772061376e-08,7.502143125748262e-05,-0.12480008602142334,187.21,823,32900,164500,-0.5120870471000671,32899
0.0007,199,186.94,2.9268279831740074e-05,0.0035580655094236135,-0.005692243576049805,186.94,826,33000,165000,-0.36954647302627563,32999
0.0007,199,185.3,5763.41650390625,-27.77190589904785,-3.933906555175781e-06,185.3,828,33100,165500,-0.42774340510368347,33099
0.0007,199,183.8,7.927953447506297e-06,0.0010866470402106643,-0.0018427371978759766,183.8,830,33200,166000,-0.5855991244316101,33199
0.0007,199,183.1,2.9223680030554533e-05,0.0014004305703565478,-0.012410283088684082,183.1,833,33300,166500,-0.483014315366745,33299
0.0007,199,182.57,6.412679795175791e-06,0.0015202416107058525,0.021929919719696045,182.57,835,33400,167000,-0.42837706208229065,33399
0.0007,199,181.91,3.61597642495326e-07,0.0002670167596079409,-0.017345666885375977,181.91,837,33500,167500,-0.5676020979881287,33499
0.0007,200,179.45,1.7663836842984892e-05,0.001671654055826366,-0.00246429443359375,179.45,839,33600,168000,-0.5639438629150391,33599
0.0007,200,175.17,3.2045879834186053e-06,0.00068641611142084,-0.0028772354125976562,175.17,842,33700,168500,-0.61507648229599,33699
0.0007,200,169.3,3.972254035033984e-06,0.0016406344948336482,3.2782554626464844e-06,169.3,844,33800,169000,-0.3067689538002014,33799
0.0007,200,164.61,5756.49365234375,-65.10076904296875,-7.152557373046875e-06,164.61,846,33900,169500,-0.259080171585083,33899
0.0007,200,161.54,1.5035737305879593e-05,0.001640274072997272,0.001280665397644043,161.54,848,34000,170000,-0.558015763759613,33999
0.0007,200,158.42,1.1941395314352121e-05,0.0015322348335757852,0.0029680728912353516,158.42,850,34100,170500,-0.5845218896865845,34099
0.0007,200,155.87,1.0192010449827649e-05,0.0012744179693982005,-3.0875205993652344e-05,155.87,852,34200,171000,-0.5107207298278809,34199
0.0007,200,152.61,5.493639037013054e-07,0.00029846743564121425,0.006778419017791748,152.61,854,34300,171500,-0.6042443513870239,34299
0.0007,200,150.37,3.2211421512329252e-06,0.001008489984087646,-0.005710005760192871,150.37,857,34400,172000,-0.5034469366073608,34399
0.0007,200,148.08,7608.39990234375,-64.24391174316406,-5.9604644775390625e-06,148.08,859,34500,172500,-0.3439147174358368,34499
0.0007,200,144.91,2.4382607080042362e-06,0.0006697665085084736,0.00647205114364624,144.91,861,34600,173000,-0.5093585252761841,34599
0.0007,200,143.06,7.617054507136345e-07,0.00039245589869096875,1.710653305053711e-05,143.06,863,34700,173500,-0.5457369089126587,34699
0.0007,201,138.19,4.094361884199316e-06,0.00036775096668861806,0.005082070827484131,138.19,865,34800,174000,-0.47205600142478943,34799
0.0007,201,135.64,1.5728873847820068e-07,0.000257874809904024,-0.025363802909851074,135.64,867,34900,174500,-0.4651852548122406,34899
0.0007,201,132.25,3.0484866329061333e-06,0.0007591197500005364,-0.005963444709777832,132.25,869,35000,175000,-0.5241172909736633,34999
0.0007,201,129.78,4.8524027079110965e-05,0.0020706269424408674,-0.009475111961364746,129.78,871,35100,175500,-0.4625914692878723,35099
0.0007,201,129.13,6.031792054272955e-06,0.0017360750352963805,-9.644031524658203e-05,129.13,873,35200,176000,-0.35748931765556335,35199
0.0007,201,129.58,7.135234045563266e-05,0.002856578677892685,0.002960801124572754,129.58,875,35300,176500,-0.5555717349052429,35299
0.0007,201,129.71,1.522712445023444e-08,0.00010323613241780549,-0.043199896812438965,129.71,877,35400,177000,-0.3680305480957031,35399
0.0007,201,129.81,2.963815313705709e-05,0.0018655499443411827,-0.005686283111572266,129.81,879,35500,177500,-0.5287008285522461,35499
0.0007,201,130.05,3.2351494155591354e-05,0.006120318081229925,0.04232382774353027,130.05,882,35600,178000,-0.3296043574810028,35599
0.0007,201,131.6,5.448935667118349e-07,0.0003756160440389067,0.08605605363845825,131.6,884,35700,178500,-0.5401458740234375,35699
0.0007,202,133.99,2.5904736844495346e-07,0.0002336418692721054,0.0466001033782959,133.99,886,35800,179000,-0.6334929466247559,35799
0.0007,202,137.73,4.934845492243767e-07,-0.0005373235908336937,-9.040505409240723,137.73,888,35900,179500,-0.6358129978179932,35899
0.0007,202,139.83,1.213047706727366e-08,3.893018947564997e-05,-91.69999694824219,139.83,890,36000,180000,-0.6256486773490906,35999
0.0007,202,142.54,8.661300121559634e-09,3.1270876206690446e-05,-1.5644445419311523,142.54,892,36100,180500,-0.5805134177207947,36099
0.0007,202,143.81,2.4539187393202155e-07,0.00014296679000835866,-181.5333251953125,143.81,894,36200,181000,-0.3768259584903717,36199
0.0007,202,146.12,7.159542292356491e-09,3.72557042283006e-05,-0.12000000476837158,146.12,896,36300,181500,-0.6191002130508423,36299
0.0007,202,149.38,2.5614863830014656e-07,0.0003546377702150494,-0.02077317237854004,149.38,898,36400,182000,-0.5157174468040466,36399
0.0007,202,151.77,4.260556579538388e-06,0.00124718330334872,-0.36362600326538086,151.77,899,36500,182500,-0.5606698393821716,36499
0.0007,203,153.91,1.706078251118015e-06,0.0006671808077953756,-0.05222618579864502,153.91,901,36600,183000,-0.5927676558494568,36599
0.0007,203,155.37,7.985125193954445e-06,0.001519161043688655,-0.007260799407958984,155.37,903,36700,183500,-0.6010779738426208,36699
0.0007,203,153.61,2.532836560931173e-06,0.0007658206741325557,0.0015429854393005371,153.61,904,36800,184000,-0.6622257232666016,36799
0.0007,203,154.96,1.0065828064398374e-05,0.0014960825210437179,0.008024096488952637,154.96,906,36900,184500,-0.6175110936164856,36899
0.0007,203,152.92,0.00017051715985871851,0.0058953044936060905,0.015819311141967773,152.92,907,37000,185000,-0.660983145236969,36999
0.0007,203,153.94,3.01829999216352e-07,0.00019056418386753649,-0.10159409046173096,153.94,909,37100,185500,-0.5690509676933289,37099
0.0007,204,155.86,8.755829412621097e-07,0.00037887017242610455,-0.1201176643371582,155.86,911,37200,186000,-0.587935745716095,37199
0.0007,204,158.01,1.3570534918017074e-07,0.000150083375046961,0.2614360451698303,158.01,912,37300,186500,-0.5070818066596985,37299
0.0007,204,160.72,3.0923402505322883e-07,0.0002537184045650065,0.2102019190788269,160.72,914,37400,187000,-0.5528061985969543,37399
0.0007,204,163.23,1.7837156462974235e-07,0.00021255317551549524,-0.8097976446151733,163.23,916,37500,187500,-0.4939402639865875,37499
0.0007,204,166.0,1.4216988120097085e-06,0.0008628091891296208,-1.9680454730987549,166.0,917,37600,188000,-0.34958377480506897,37599
0.0007,205,168.0,5.171195516595617e-05,0.002140687545761466,-0.01239001750946045,168.0,919,37700,188500,-0.5215827226638794,37699
0.0007,205,168.16,1.8267194263899e-06,0.0006416509859263897,-3.2261581420898438,168.16,920,37800,189000,-0.5629467368125916,37799
0.0007,205,166.88,1.8870761778089218e-05,0.0051370649598538876,-0.018741488456726074,166.88,922,37900,189500,-0.20349447429180145,37899
0.0007,205,165.55,1.2234854693815578e-05,0.0008824995020404458,-0.023279786109924316,165.55,924,38000,190000,-0.4486447274684906,37999
0.0007,205,164.75,2.5782501325011253e-06,0.0004091186565347016,0.3822634220123291,164.75,925,38100,190500,-0.44884535670280457,38099
0.0007,205,161.46,1.7690985259832814e-05,0.001520961755886674,0.19637471437454224,161.46,927,38200,191000,-0.5138847231864929,38199
0.0007,206,158.12,1.5852869182708673e-05,0.0015821222914382815,0.44745689630508423,158.12,929,38300,191500,-0.5094972252845764,38299
0.0007,206,152.87,0.01613423228263855,-0.030736301094293594,-6.092609405517578,152.87,930,38400,192000,-0.475738525390625,38399
0.0007,206,135.98,0.01799461804330349,0.007630023639649153,-1.1329624652862549,135.98,932,38500,192500,-0.2239920198917389,38499
0.0007,206,103.46,0.023514719679951668,0.02297690510749817,0.010774791240692139,103.46,933,38600,193000,-0.37324395775794983,38599
0.0007,206,99.19,0.0029137269593775272,0.035315148532390594,0.012586414813995361,99.19,935,38700,193500,-0.37438973784446716,38699
0.0007,207,100.49,0.00021511691738851368,0.005176302511245012,0.7927026450634003,100.49,937,38800,194000,-0.30135607719421387,38799
0.0007,207,99.71,8.896883082343265e-05,0.0026333662681281567,0.042876482009887695,99.71,938,38900,194500,-0.555665910243988,38899
0.0007,207,101.17,2.3933802367537282e-05,-0.0009104995406232774,-0.7627590894699097,101.17,940,39000,195000,-0.2993191182613373,38999
0.0007,207,105.28,1.1110736522823572e-05,-0.0010466313688084483,-0.40213656425476074,105.28,941,39100,195500,-0.5052008032798767,39099
0.0007,207,105.67,6.557381857419387e-05,0.002726489445194602,0.21516001224517822,105.67,943,39200,196000,-0.3361330032348633,39199
0.0007,207,103.02,0.00029322048067115247,0.002917625941336155,0.7038201093673706,103.02,945,39300,196500,-0.3356214463710785,39299
0.0007,208,90.82,0.0011036916403099895,-0.021564854308962822,0.930198185145855,90.82,946,39400,197000,-0.32920777797698975,39399
0.0007,208,84.62,0.0005561839789152145,-0.008948215283453465,0.9212235286831856,84.62,948,39500,197500,-0.2250797003507614,39499
0.0007,208,82.75,0.002626864705234766,0.011108712293207645,0.6358751952648163,82.75,949,39600,198000,-0.3627203106880188,39599
0.0007,208,82.52,0.0044828238897025585,-0.023801732808351517,-1.8841781616210938,82.52,951,39700,198500,-0.29104939103126526,39699
0.0007,208,82.91,0.000613790878560394,0.00601780554279685,0.8146385699510574,82.91,953,39800,199000,-0.34773820638656616,39799
0.0007,208,84.66,10.801897048950195,-0.3158775866031647,-253.36070251464844,84.66,954,39900,199500,-0.288193017244339,39899
0.0007,209,85.62,434.9736328125,-5.321714878082275,-68.45173645019531,85.62,956,40000,200000,-0.4209058880805969,39999
0.0007,209,87.34,13.781100273132324,0.9686750769615173,0.5543530285358429,87.34,958,40100,200500,-0.4042018949985504,40099
0.0007,209,89.6,0.0004875951854046434,0.006712573114782572,0.6969151496887207,89.6,959,40200,201000,-0.2862330377101898,40199
0.0007,209,93.59,8352.3857421875,-50.897552490234375,0.04257088899612427,93.59,961,40300,201500,-0.24753355979919434,40299
0.0007,209,95.89,0.019360998645424843,0.015740880742669106,0.1813766360282898,95.89,962,40400,202000,-0.3329019546508789,40399
0.0007,209,99.73,0.017592735588550568,0.009637092240154743,0.0618443489074707,99.73,964,40500,202500,-0.20328564941883087,40499
0.0007,210,104.25,0.0016307755140587687,0.014408779330551624,0.7526635974645615,104.25,966,40600,203000,-0.38924986124038696,40599
0.0007,210,109.16,0.0009779476094990969,0.001214690855704248,0.051923394203186035,109.16,967,40700,203500,-0.1584477573633194,40699
0.0007,210,113.82,1.0712537914514542e-05,0.0014919184613972902,0.8152524530887604,113.82,969,40800,204000,-0.262737900018692,40799
0.0007,210,117.79,0.0003130752593278885,0.012217508628964424,-0.16032671928405762,117.79,970,40900,204500,-0.28119373321533203,40899
0.0007,210,120.61,1.1570472717285156,0.4083576798439026,0.21229791641235352,120.61,972,41000,205000,-0.37654468417167664,40999
0.0007,210,120.09,0.9577474594116211,0.4044734537601471,0.26240402460098267,120.09,973,41100,205500,-0.2991757094860077,41099
0.0007,211,120.42,0.7884677052497864,0.13295836746692657,0.051733970642089844,120.42,975,41200,206000,-0.35601022839546204,41199
0.0007,211,121.96,0.16096322238445282,-0.01919545605778694,0.47403693199157715,121.96,977,41300,206500,-0.179077610373497,41299
0.0007,211,123.55,0.02214425429701805,0.06204789876937866,0.829427644610405,123.55,978,41400,207000,-0.2525484263896942,41399
0.0007,211,125.65,29.851470947265625,0.8397607207298279,-0.1665593385696411,125.65,980,41500,207500,-0.323713481426239,41499
0.0007,211,127.93,0.001720605418086052,-0.0015683884266763926,-4.731006145477295,127.93,981,41600,208000,-0.2797858417034149,41599
0.0007,212,131.84,0.0004979120567440987,-0.0011925686849281192,-6.70362663269043,131.84,983,41700,208500,-0.16301849484443665,41699
0.0007,212,135.6,0.0023683083709329367,-0.0019381203455850482,-11.127245903015137,135.6,985,41800,209000,-0.16037136316299438,41799
0.0007,212,139.21,0.002796633867546916,-0.00017160653078462929,-85.78923034667969,139.21,986,41900,209500,-0.21957027912139893,41899
0.0007,212,142.8,0.001084045972675085,0.0068428958766162395,-11.715677261352539,142.8,988,42000,210000,-0.430258572101593,41999
0.0007,212,146.56,0.00022662566334474832,-0.0032360279001295567,-3.9294090270996094,146.56,989,42100,210500,-0.3172696530818939,42099
0.0007,212,150.25,0.00023762414639350027,-0.0014952780911698937,-13.1520414352417,150.25,991,42200,211000,-0.3273841440677643,42199
0.0007,212,153.68,0.002894701436161995,0.0010359049774706364,-554.65576171875,153.68,993,42300,211500,-0.30684059858322144,42299
0.0007,213,157.27,0.00021095025294926018,-0.00015947750944178551,-60.2091064453125,157.27,994,42400,212000,-0.3100515305995941,42399
0.0007,213,160.91,0.000325193686876446,0.0012727599823847413,-53.08989715576172,160.91,996,42500,212500,-0.31303420662879944,42499
0.0007,213,164.62,0.0009679271024651825,0.00016429413517471403,-111.84258270263672,164.62,997,42600,213000,-0.1971127986907959,42599
0.0007,213,168.48,0.00014848301361780614,0.0003774854994844645,-80.82884979248047,168.48,999,42700,213500,-0.2957044243812561,42699
0.0007,213,172.3,0.00013151750317774713,0.0001513434835942462,-2307.80224609375,172.3,1001,42800,214000,-0.2864205241203308,42799
0.0007,213,175.81,4.2126783228013664e-05,-0.0028611798770725727,-1.6926066875457764,175.81,1002,42900,214500,-0.29339006543159485,42899
0.0007,214,179.54,0.0013405012432485819,0.011549572460353374,-6125.439453125,179.54,1004,43000,215000,-0.2869800329208374,42999
0.0007,214,183.73,4.6373905206564814e-05,-0.00047216107486747205,-2239.14794921875,183.73,1005,43100,215500,-0.2787416875362396,43099
0.0007,214,187.99,6.722317630192265e-05,-0.0002285227965330705,-115.12551879882812,187.99,1007,43200,216000,-0.2895665168762207,43199
0.0007,214,192.28,5.630450323224068e-05,-0.008773693814873695,-2.190105438232422,192.28,1009,43300,216500,-0.15939603745937347,43299
0.0007,214,196.71,4.822350092581473e-05,0.0004835719882976264,-95.04231262207031,196.71,1010,43400,217000,-0.28790029883384705,43399
0.0007,214,201.18,3.610428029787727e-05,-0.0018990490352734923,-11.807826042175293,201.18,1012,43500,217500,-0.2781628668308258,43499
0.0007,215,205.46,3.2332027330994606e-06,7.856671436456963e-05,-3.132047176361084,205.46,1013,43600,218000,-0.17062890529632568,43599
0.0007,215,209.87,2.900946492445655e-05,0.0002601487503852695,-411.3633728027344,209.87,1015,43700,218500,-0.23189516365528107,43699
0.0007,215,214.34,0.0007779038278385997,-7.673253276152536e-05,-51571.8515625,214.34,1017,43800,219000,-0.24722914397716522,43799
0.0007,215,218.62,9.979398600989953e-05,0.00037132875877432525,-9.389636039733887,218.62,1018,43900,219500,-0.17816661298274994,43899
0.0007,215,222.9,8.120713573589455e-06,-0.00019447036902420223,-81.01056671142578,222.9,1020,44000,220000,-0.26799237728118896,43999
0.0007,215,227.07,2.250381476187613e-05,-0.001132140401750803,-274.004150390625,227.07,1021,44100,220500,-0.27690455317497253,44099
0.0007,215,231.15,1.7827447663876228e-05,0.000231246100156568,-2.783511161804199,231.15,1023,44200,221000,-0.30807968974113464,44199
0.0007,216,235.44,5.100108865008224e-06,-0.0011102886637672782,-58.04387664794922,235.44,1025,44300,221500,-0.33648180961608887,44299
0.0007,216,239.52,6.74279863233096e-06,0.00029033899772912264,-1.7999610900878906,239.52,1026,44400,222000,-0.34560421109199524,44399
0.0007,216,243.75,2.3095635697245598e-06,-1.2097173566871788e-05,-10.695140838623047,243.75,1028,44500,222500,-0.2851814925670624,44499
0.0007,216,247.78,9.08044894458726e-05,-0.005154076498001814,-1248.6602783203125,247.78,1029,44600,223000,-0.34067821502685547,44599
0.0007,216,252.05,4.133698439545697e-06,-0.0004711369110736996,-41.769596099853516,252.05,1031,44700,223500,-0.2754696011543274,44699
0.0007,216,256.06,1.702661393210292e-05,0.00046518241288140416,0.5023007690906525,256.06,1032,44800,224000,-0.3684259355068207,44799
0.0007,217,260.25,3.7337538287829375e-06,-0.0005182563909329474,-413.4866638183594,260.25,1034,44900,224500,-0.2746749818325043,44899
0.0007,217,264.01,4.6842567826388404e-05,-0.00260596233420074,-19.714458465576172,264.01,1036,45000,225000,-0.27242395281791687,44999
0.0007,217,267.26,8.930452395361499e-07,0.00010632482735672966,-0.17019712924957275,267.26,1037,45100,225500,-0.4479559063911438,45099
0.0007,217,271.43,0.00010444163490319625,-0.008705670945346355,-0.16403186321258545,271.43,1039,45200,226000,-0.359935462474823,45199
0.0007,217,275.5,4.789396371052135e-06,-0.0018323978874832392,-70.23999786376953,275.5,1040,45300,226500,-0.21608738601207733,45299
0.0007,217,279.51,2.469110768288374e-06,-0.0007469860720448196,-2.3797717094421387,279.51,1042,45400,227000,-0.25810515880584717,45399
0.0007,217,283.38,8.431426067545544e-06,5.916598820476793e-05,-71.13816833496094,283.38,1044,45500,227500,-0.20682655274868011,45499
0.0007,218,287.21,2.2869442091177916e-06,-0.0008041008259169757,-101.03701782226562,287.21,1045,45600,228000,-0.17958255112171173,45599
0.0007,218,291.12,2.7923845209443243e-06,-0.00021995653514750302,-0.7086060047149658,291.12,1047,45700,228500,-0.26742425560951233,45699
0.0007,218,295.22,2.405013765383046e-05,-0.0034072366543114185,-2.801278591156006,295.22,1048,45800,229000,-0.3135227859020233,45799
0.0007,218,298.74,1.310836523771286e-07,-1.8367163647781126e-05,-2.442178249359131,298.74,1050,45900,229500,-0.20718097686767578,45899
0.0007,218,302.35,5.101354418002302e-06,-0.0002358803030801937,-57.079368591308594,302.35,1051,46000,230000,-0.2426183968782425,45999
0.0007,218,306.2,6.588525138795376e-07,-0.0002996869443450123,-3.4376392364501953,306.2,1053,46100,230500,-0.28023794293403625,46099
0.0007,218,309.92,1.3583165127784014e-05,0.000753567146603018,-239.22091674804688,309.92,1055,46200,231000,-0.15118399262428284,46199
0.0007,219,313.87,1.434003991107602e-07,-1.577711918798741e-05,-6.257142543792725,313.87,1056,46300,231500,-0.22163711488246918,46299
0.0007,219,317.93,1.3117620255798101e-05,-0.0009152252459898591,-1.0765018463134766,317.93,1058,46400,232000,-0.2604990601539612,46399
0.0007,219,321.79,2.1886430658923928e-06,-0.00034654696355573833,-0.3973720073699951,321.79,1059,46500,232500,-0.2740611732006073,46499
0.0007,219,324.94,2.890045379899675e-06,-0.00027169930399395525,0.6951442956924438,324.94,1061,46600,233000,-0.28723224997520447,46599
0.0007,219,328.97,1.6734353494030074e-06,8.130695641739294e-05,-255.05764770507812,328.97,1063,46700,233500,-0.2626519203186035,46699
0.0007,219,332.53,2.3751810658723116e-05,0.0006800469127483666,-1.5420174598693848,332.53,1064,46800,234000,-0.2840327024459839,46799
0.0007,219,334.11,0.0002506777527742088,0.0019172312458977103,-3152.33984375,334.11,1066,46900,234500,-0.22536110877990723,46899
0.0007,220,338.07,8.857346983859316e-05,-0.004222644958645105,-6.886734962463379,338.07,1067,47000,235000,-0.29686200618743896,46999
0.0007,220,340.79,8.760404853092041e-06,-0.0002387938875472173,-19.37508773803711,340.79,1069,47100,235500,-0.3504236340522766,47099
0.0007,220,344.38,8.19527922431007e-05,-0.0030376813374459743,-2079.681640625,344.38,1071,47200,236000,-0.30689483880996704,47199
0.0007,220,348.01,0.0001769665686879307,-0.0018947575008496642,-14.09549331665039,348.01,1072,47300,236500,-0.26775771379470825,47299
0.0007,220,351.41,7.868755346862599e-05,0.002328190952539444,-6030.76220703125,351.41,1074,47400,237000,-0.24419303238391876,47399
0.0007,220,354.84,3.0470430374407442e-06,-1.4864775948808528e-05,-28.79142951965332,354.84,1075,47500,237500,-0.1109279915690422,47499
0.0007,220,357.86,1.4820764590695035e-05,-0.0008954621152952313,-82.14039611816406,357.86,1077,47600,238000,-0.3581279218196869,47599
0.0007,221,361.27,1.4267745882534655e-06,-0.0003121898334939033,-0.6739839315414429,361.27,1078,47700,238500,-0.3433489501476288,47699
0.0007,221,364.97,3.5391156416153535e-05,-0.00324856280349195,-7070.3603515625,364.97,1080,47800,239000,-0.35417038202285767,47799
0.0007,221,368.12,2.8637471132242354e-06,0.00034952847636304796,0.10110831260681152,368.12,1082,47900,239500,-0.3967425525188446,47899
0.0007,221,371.0,7.944181561470032e-07,6.960153405088931e-05,-2.0094897747039795,371.0,1083,48000,240000,-0.3629032075405121,47999
0.0007,221,373.92,5.727936695620883e-06,-0.001203478779643774,-29.935745239257812,373.92,1085,48100,240500,-0.3153478503227234,48099
0.0007,221,377.42,4.492606876738137e-06,-6.902162567712367e-06,-5.178023338317871,377.42,1086,48200,241000,-0.05510331317782402,48199
0.0007,221,380.37,1.0557868336036336e-05,0.000359346711775288,-16.681459426879883,380.37,1088,48300,241500,-0.23037686944007874,48299
0.0007,221,383.57,4.6528876396223495e-07,-0.00013161302194930613,-8.458504676818848,383.57,1090,48400,242000,-0.2946775555610657,48399
0.0007,222,386.93,6.74620532663539e-05,-0.00383826089091599,-16.090272903442383,386.93,1091,48500,242500,-0.3336649537086487,48499
0.0007,222,390.67,3.843125796265667e-06,-0.00021146776271052659,-20.064496994018555,390.67,1093,48600,243000,-0.2220005840063095,48599
0.0007,222,394.23,9.311049325333443e-06,-4.060187166032847e-06,-2.0215890407562256,394.23,1094,48700,243500,-0.1601257026195526,48699
0.0007,222,397.89,9.142677299678326e-07,7.286425534402952e-05,-64.73863220214844,397.89,1096,48800,244000,-0.36422523856163025,48799
0.0007,222,401.38,4.5602209297612717e-07,-0.00020244321785867214,-409.2787780761719,401.38,1098,48900,244500,-0.23318994045257568,48899
0.0007,222,404.94,2.717482914249558e-07,-6.632047006860375e-05,-2.292356014251709,404.94,1099,49000,245000,-0.3511323630809784,48999
0.0007,222,408.39,2.74053320481471e-07,-0.00013658837997354567,-18.931198120117188,408.39,1101,49100,245500,-0.3397086262702942,49099
0.0007,223,411.82,1.69465783983469e-06,-2.4040286007220857e-05,-22.420242309570312,411.82,1103,49200,246000,-0.07478801161050797,49199
0.0007,223,415.55,1.8876162357628345e-06,-0.000352705450495705,-7.557500839233398,415.55,1104,49300,246500,-0.21971940994262695,49299
0.0007,223,419.36,7.603084668517113e-07,-0.00048246592632494867,-1.535569429397583,419.36,1106,49400,247000,-0.20950131118297577,49399
0.0007,223,423.41,1.1806725979113253e-06,-1.2731836250168271e-05,-0.5102114677429199,423.41,1107,49500,247500,-0.14570952951908112,49499
0.0007,223,427.36,2.4540584036003565e-06,-2.5941766580217518e-05,-4.457508087158203,427.36,1109,49600,248000,-0.34924423694610596,49599
0.0007,223,431.34,2.474698703736067e-06,-0.0001841287303250283,-0.6433883905410767,431.34,1111,49700,248500,-0.25186654925346375,49699
0.0007,223,435.41,5.028443297305785e-07,-9.8584292572923e-05,-6.2583327293396,435.41,1112,49800,249000,-0.2567061483860016,49799
0.0007,223,439.38,1.9101426573797653e-07,-3.9864840800873935e-05,0.79796302318573,439.38,1114,49900,249500,-0.24221041798591614,49899
0.0007,224,443.67,4.10557277064072e-06,-0.0003839556302409619,-663.0363159179688,443.67,1116,50000,250000,-0.26232656836509705,49999
0.0007,224,447.84,4.907255402031296e-07,-3.0171825073921354e-06,-3.244175434112549,447.84,1117,50100,250500,-0.354850172996521,50099
0.0007,224,452.08,3.324158114992315e-06,0.0002976406249217689,-121.84965515136719,452.08,1119,50200,251000,-0.22456355392932892,50199
0.0007,224,456.26,5.042646193942346e-07,5.449216041597538e-05,-69.36058807373047,456.26,1120,50300,251500,-0.3170585632324219,50299
0.0007,224,460.26,1.421384581590246e-06,6.9886700657662e-05,-13.947271347045898,460.26,1122,50400,252000,-0.26181674003601074,50399
0.0007,224,464.0,2.3317419618251733e-05,0.00042397930519655347,-67.63433837890625,464.0,1124,50500,252500,-0.25916787981987,50499
0.0007,224,467.71,3.261375240981579e-07,-0.00014840233779978007,-10.745758056640625,467.71,1125,50600,253000,-0.1825151890516281,50599
0.0007,224,471.36,1.146807377949699e-07,-2.4629556719446555e-05,-0.3758646249771118,471.36,1127,50700,253500,-0.17882996797561646,50699
0.0007,224,474.59,3.9567240150972793e-07,-0.00030059690470807254,-1886.6800537109375,474.59,1128,50800,254000,-0.26541492342948914,50799
0.0007,225,478.18,2.996297610025067e-07,-1.8336788798478665e-06,-1.3396003246307373,478.18,1130,50900,254500,-0.12215974181890488,50899
0.0007,225,481.66,2.1685962110495893e-06,0.00019608261936809868,-737.996337890625,481.66,1132,51000,255000,-0.29974329471588135,50999
0.0007,225,484.99,4.1436871356381744e-07,-0.00015909550711512566,-1.6187922954559326,484.99,1133,51100,255500,-0.3253653943538666,51099
0.0007,225,487.72,2.5439774162805406e-06,-0.00037162358057685196,-1.2893550395965576,487.72,1135,51200,256000,-0.2982749044895172,51199
0.0007,225,489.47,2.4473993107676506e-06,-0.00027539656730368733,-0.34229588508605957,489.47,1136,51300,256500,-0.3140178620815277,51299
0.0007,225,491.15,7.467228329005593e-07,3.4837732528103516e-05,-7.445895195007324,491.15,1138,51400,257000,-0.28528064489364624,51399
0.0007,225,491.15,1.0349089052397176e-06,-0.0001672109792707488,-4849.4892578125,491.15,1140,51500,257500,-0.23706267774105072,51499
0.0007,225,491.15,2.8250505579308083e-07,-0.0001554844347992912,-0.3113977909088135,491.15,1141,51600,258000,-0.3659088611602783,51599
0.0007,226,491.15,9.657699138188036e-07,-0.00036677002208307385,-92.57646942138672,491.15,1143,51700,258500,-0.3067793548107147,51699
0.0007,226,491.15,2.841698005795479e-06,-0.0010333216050639749,-2.950951337814331,491.15,1144,51800,259000,-0.2662077844142914,51799
0.0007,226,491.15,1.7003621621825005e-07,-0.00011425420962041244,-4.382856369018555,491.15,1146,51900,259500,-0.3307344913482666,51899
0.0007,226,491.15,9.170267958324985e-07,-0.000223356721107848,0.3055088520050049,491.15,1147,52000,260000,-0.33529040217399597,51999
0.0007,226,491.15,2.086861030647924e-07,-0.0001873339497251436,-33.06147003173828,491.15,1149,52100,260500,-0.342187762260437,52099
0.0007,226,491.15,5.525769779524126e-07,-0.0001357186265522614,0.8607821017503738,491.15,1151,52200,261000,-0.21844816207885742,52199
0.0007,226,491.15,1.3988000091558206e-06,-0.00026589256594888866,0.04547005891799927,491.15,1152,52300,261500,-0.3199739456176758,52299
0.0007,226,491.15,3.5197824672650313e-06,-0.0003398289263714105,-1.2391808032989502,491.15,1154,52400,262000,-0.19039122760295868,52399
0.0007,227,491.15,5.172332748770714e-07,3.7674460600101156e-06,-2.007988929748535,491.15,1155,52500,262500,-0.17230692505836487,52499
0.0007,227,491.15,1.590501028658764e-06,-0.00036898304824717343,-0.36457622051239014,491.15,1157,52600,263000,-0.346297949552536,52599
0.0007,227,491.15,2.656015567481518e-06,-0.0005439780652523041,-3.93562650680542,491.15,1159,52700,263500,-0.34059756994247437,52699
0.0007,227,491.15,1.0292860679328442e-06,-1.3864884749636985e-05,-7.23753547668457,491.15,1160,52800,264000,-0.09625383466482162,52799
0.0007,227,491.15,6.675953159174242e-07,-0.000213696199352853,-2.979440927505493,491.15,1162,52900,264500,-0.3439376950263977,52899
0.0007,227,491.15,5.186884663999081e-07,-6.5292049839627e-05,-0.7050172090530396,491.15,1163,53000,265000,-0.2667289674282074,52999
0.0007,227,491.15,8.16141266568593e-07,-0.000344671803759411,-0.777573823928833,491.15,1165,53100,265500,-0.19581326842308044,53099
0.0007,227,491.15,3.0671944273308327e-07,-0.00010303161252522841,-6.404903411865234,491.15,1167,53200,266000,-0.30634209513664246,53199
0.0007,228,491.15,4.024594204565801e-07,-1.4674762496724725e-05,-3.8676581382751465,491.15,1168,53300,266500,-0.13364730775356293,53299
0.0007,228,491.15,1.7721905010148475e-07,5.865799721505027e-06,-107.73008728027344,491.15,1170,53400,267000,-0.1023474857211113,53399
0.0007,228,491.15,2.1122396276496147e-07,-0.00011391632870072499,-52.12367630004883,491.15,1171,53500,267500,-0.06460835784673691,53499
0.0007,228,491.15,2.3584580333135818e-07,-9.821578714763746e-05,-5.239274024963379,491.15,1173,53600,268000,-0.3060356676578522,53599
0.0007,228,491.15,1.0200543556493358e-06,-0.00021149501844774932,-4.933950424194336,491.15,1175,53700,268500,-0.24703224003314972,53699
0.0007,228,491.15,6.202957933965081e-07,-0.0001510137226432562,-0.7521053552627563,491.15,1177,53800,269000,-0.3011661469936371,53799
0.0007,228,491.15,7.113209221643046e-07,-0.00012796219380106777,-1.2701761722564697,491.15,1179,53900,269500,-0.2532375752925873,53899
0.0007,228,491.15,2.0323787452980469e-07,-0.00012967629299964756,-1.1375226974487305,491.15,1180,54000,270000,-0.14562518894672394,53999
0.0007,228,491.15,7.037073714855069e-07,-0.00015962384350132197,-3.7422218322753906,491.15,1182,54100,270500,-0.28998157382011414,54099
0.0007,228,491.15,2.4224516437243437e-06,-0.0002894700155593455,-0.2032679319381714,491.15,1184,54200,271000,-0.3090690076351166,54199
0.0007,228,491.15,4.064105723955436e-06,-0.0003321128315292299,-4.1302032470703125,491.15,1185,54300,271500,-0.3247065246105194,54299
0.0007,229,491.15,5.387701307313364e-08,-1.217139379150467e-05,0.5236994624137878,491.15,1187,54400,272000,-0.14670641720294952,54399
0.0007,229,491.15,5.722744731428975e-07,-0.00011380924115655944,-0.3754774332046509,491.15,1188,54500,272500,-0.23949913680553436,54499
0.0007,229,491.15,1.006235834211111e-06,-0.00021097583521623164,-0.22035670280456543,491.15,1190,54600,273000,-0.25222617387771606,54599
0.0007,229,491.15,2.557644585010621e-08,2.20887685031812e-07,-0.45687389373779297,491.15,1192,54700,273500,-0.011985487304627895,54699
0.0007,229,491.15,4.752888287384849e-07,-0.00012316321954131126,-0.4637439250946045,491.15,1193,54800,274000,-0.32230955362319946,54799
0.0007,229,491.15,2.1255225419736234e-06,-0.00040506734512746334,-8.104114532470703,491.15,1195,54900,274500,-0.24742500483989716,54899
0.0007,229,491.15,6.007030606269836e-08,-3.1969132123776944e-06,-13.557863235473633,491.15,1197,55000,275000,-0.22494761645793915,54999
0.0007,229,491.15,1.0392279818915995e-06,3.733984385689837e-06,-0.4967542886734009,491.15,1199,55100,275500,-0.02781260572373867,55099
0.0007,229,491.15,5.995389074087143e-09,-3.994111011706991e-06,-2.5547168254852295,491.15,1200,55200,276000,-0.14550882577896118,55199
0.0007,229,491.15,1.50932464748621e-07,-1.776713725121226e-05,-0.6881680488586426,491.15,1202,55300,276500,-0.14660410583019257,55299
0.0007,230,491.15,1.6965321947282064e-06,-0.00020296637376304716,-0.6381845474243164,491.15,1203,55400,277000,-0.25687336921691895,55399
0.0007,230,491.15,6.126938245643032e-08,-3.66676613339223e-05,-223.40000915527344,491.15,1205,55500,277500,-0.2852948009967804,55499
0.0007,230,491.15,2.295593759527037e-07,-0.00015285877452697605,-3.9106383323669434,491.15,1206,55600,278000,-0.3447226285934448,55599
0.0007,230,491.15,2.3860485498516937e-07,-0.00016316561959683895,-0.7538642883300781,491.15,1208,55700,278500,-0.3120447099208832,55699
0.0007,230,491.15,1.0901829909926164e-06,-0.00028852588729932904,0.04863232374191284,491.15,1210,55800,279000,-0.3459542691707611,55799
0.0007,230,491.15,4.2401953237458656e-07,-0.00041316464194096625,-1.2603905200958252,491.15,1211,55900,279500,-0.2184659242630005,55899
0.0007,230,491.15,1.1016032885891036e-06,-0.0002450815518386662,-0.0812455415725708,491.15,1213,56000,280000,-0.2998133599758148,55999
0.0007,230,491.15,1.627381493563007e-06,-4.450934284250252e-05,-0.06388533115386963,491.15,1215,56100,280500,-0.15194867551326752,56099
0.0007,230,491.15,1.6335515056198346e-06,-0.00029347604140639305,0.12001854181289673,491.15,1217,56200,281000,-0.33841341733932495,56199
0.0007,230,491.15,1.8044374883174896e-09,1.8138827329039486e-07,-1.5199997425079346,491.15,1219,56300,281500,-0.054724015295505524,56299
0.0007,230,491.15,4.103640094399452e-07,1.2405979532559286e-06,-0.27336585521698,491.15,1221,56400,282000,-0.01615300588309765,56399
0.0007,230,491.15,2.175336703658104e-06,-0.0004675669188145548,-0.4841066598892212,491.15,1223,56500,282500,-0.37663450837135315,56499
0.0007,230,491.15,1.697207380857435e-06,-0.00019339595746714622,-0.3964031934738159,491.15,1225,56600,283000,-0.32177606225013733,56599
0.0007,230,491.15,2.7252827550228176e-08,-5.484146186063299e-06,0.5450110733509064,491.15,1228,56700,283500,-0.12396048754453659,56699
0.0007,230,495.25,1.8201535567641258e-07,-0.00013777066487818956,-1.6024014949798584,495.25,1230,56800,284000,-0.38745734095573425,56799
0.0007,230,500.0,7.979106442235206e-08,-0.00013764049799647182,-317.1999816894531,500.0,1232,56900,284500,-0.2322397083044052,56899
0.0007,230,500.0,7.885974184773659e-08,-3.6772526073036715e-05,-194.53330993652344,500.0,1234,57000,285000,-0.24920907616615295,56999
0.0007,230,500.0,8.702627383172512e-07,-1.81972482096171e-05,0.13536757230758667,500.0,1237,57100,285500,-0.11049465090036392,57099
0.0007,230,500.0,5.754292828896723e-07,-0.0002578638377599418,-0.13471472263336182,500.0,1240,57200,286000,-0.19573965668678284,57199
0.0007,230,500.0,6.684567921411144e-08,2.887737355194986e-05,-928.1333618164062,500.0,1242,57300,286500,-0.19589117169380188,57299
0.0007,230,500.0,1.8816209035321663e-07,-1.5824280126253143e-05,-0.4642479419708252,500.0,1245,57400,287000,-0.13928547501564026,57399
0.0007,230,500.0,1.2702075480319763e-07,-3.076638449783786e-06,0.003838956356048584,500.0,1247,57500,287500,-0.04884299263358116,57499
0.0007,230,500.0,4.284083754413359e-09,-4.897402305914511e-08,nan,500.0,1250,57600,288000,-0.040348831564188004,57599
0.0007,230,500.0,3.66999302059412e-07,1.7122783901868388e-05,-0.5384695529937744,500.0,1252,57700,288500,-0.1280985027551651,57699
0.0007,230,500.0,1.1872151617353666e-06,-1.834567592595704e-05,-0.258109450340271,500.0,1255,57800,289000,-0.09511642158031464,57799
0.0007,230,500.0,9.196810535350153e-10,1.1590329762611873e-07,0.8200000077486038,500.0,1257,57900,289500,-0.03624146804213524,57899
0.0007,230,500.0,4.601432124218263e-07,-1.0876993655983824e-05,0.05337601900100708,500.0,1260,58000,290000,-0.09748126566410065,57999
0.0007,230,500.0,1.7837156462974235e-07,-2.1581041437457316e-05,0.06154698133468628,500.0,1263,58100,290500,-0.16857850551605225,58099
0.0007,229,500.0,1.2143281935550476e-07,-0.00014157182886265218,-0.7881423234939575,500.0,1265,58200,291000,-0.34275418519973755,58199
0.0007,229,500.0,1.1299504194539622e-06,-0.0001634857471799478,-0.12258148193359375,500.0,1268,58300,291500,-0.2356748878955841,58299
0.0007,229,500.0,1.2810342298053e-07,-0.0001425539085175842,-1.4989988803863525,500.0,1270,58400,292000,-0.037342801690101624,58399
0.0007,229,500.0,5.121692083775997e-07,0.00038418135954998434,-0.023020029067993164,500.0,1273,58500,292500,-0.19295629858970642,58499
0.0007,229,500.0,3.341119825250871e-09,4.973605314262386e-07,-8.479999542236328,500.0,1275,58600,293000,-0.22873173654079437,58599
0.0007,229,500.0,3.8777943700551987e-07,-5.028083614888601e-05,-0.2499849796295166,500.0,1278,58700,293500,-0.23544549942016602,58699
0.0007,229,500.0,1.4458783503812356e-08,-3.6315584566182224e-06,-104.19999694824219,500.0,1280,58800,294000,-0.24743519723415375,58799
0.0007,229,500.0,2.823653630912304e-07,5.240645259618759e-05,-0.0675884485244751,500.0,1283,58900,294500,-0.2243102788925171,58899
0.0007,229,500.0,5.191424747863493e-07,-0.0003838371194433421,0.2735845446586609,500.0,1285,59000,295000,-0.2403308004140854,58999
0.0007,229,500.0,3.3905962482094765e-07,1.6880168914212845e-05,-1.422070026397705,500.0,1288,59100,295500,-0.19843550026416779,59099
0.0007,229,500.0,8.899951353669167e-08,-2.3476493879570626e-05,-1.6450679302215576,500.0,1291,59200,296000,-0.21948201954364777,59199
0.0007,229,500.0,1.1886004358530045e-07,7.866886335250456e-06,-108.8888931274414,500.0,1293,59300,296500,-0.22229576110839844,59299
0.0007,229,500.0,2.600718396195134e-08,4.628489023161819e-06,-5.91304349899292,500.0,1296,59400,297000,-0.2129831612110138,59399
0.0007,229,500.0,2.998858690261841e-07,0.00010690356430131942,-0.6865907907485962,500.0,1298,59500,297500,-0.25590020418167114,59499
0.0007,229,500.0,2.592685746094503e-07,3.567717794794589e-05,0.08281660079956055,500.0,1301,59600,298000,-0.19296804070472717,59599
0.0007,228,500.0,6.227405151548737e-07,0.0004139044904150069,0.18882054090499878,500.0,1303,59700,298500,-0.08596839010715485,59699
0.0007,228,500.0,5.082110874354839e-07,2.092017348331865e-05,0.014083027839660645,500.0,1306,59800,299000,-0.13346675038337708,59799
0.0007,228,500.0,1.573120300690789e-07,0.00010222486889688298,0.10576152801513672,500.0,1308,59900,299500,-0.3611055016517639,59899
0.0007,228,500.0,6.85756106122426e-07,-0.0002657102304510772,0.07743567228317261,500.0,1311,60000,300000,-0.3613586127758026,59999
