time/total_timesteps,time/time_elapsed,rollout/ep_rew_mean,time/iterations,time/fps,rollout/ep_len_mean,train/policy_gradient_loss,train/n_updates,train/learning_rate,train/approx_kl,train/clip_range,train/std,train/value_loss,train/clip_fraction,train/explained_variance,train/entropy_loss,train/loss
2048,38,-57.855191000000005,1,53,1000.0,,,,,,,,,,,
4096,89,-52.56004625,2,45,1000.0,-0.003918056118709501,10,0.0002,0.006102381,0.2,0.9940108060836792,0.7924318850040436,0.0494140625,0.016851186752319336,-4.247596617043018,0.32855698466300964
6144,141,-51.436427333333334,3,43,1000.0,-0.00599593740189448,20,0.0002,0.0060554272,0.2,0.9795627593994141,0.8311384927481413,0.06318359375,0.023834049701690674,-4.218052616715431,0.3640388548374176
8192,190,-51.363315875,4,42,1000.0,-0.008027912591933273,30,0.0002,0.007757725,0.2,0.9760035276412964,0.8912403323687613,0.093505859375,0.036118507385253906,-4.187349776923656,0.486361563205719
10240,241,-51.3506163,5,42,1000.0,-0.0050566878460813315,40,0.0002,0.005038148,0.2,0.9665064811706543,1.0079316695220768,0.0564453125,0.05098116397857666,-4.167476366460323,0.4425247311592102
12288,291,-48.300001333333334,6,42,1000.0,-0.002308418569737114,50,0.0002,0.005155506,0.2,0.9635249972343445,1.0025557396933436,0.04814453125,0.04781836271286011,-4.148788921535015,0.5723569393157959
14336,343,-42.982319499999996,7,41,1000.0,-0.005278564635955263,60,0.0002,0.006740817,0.2,0.9597396850585938,1.2658985441550612,0.07265625,0.045259296894073486,-4.13818692266941,0.5362638235092163
16384,392,-42.5536716875,8,41,1000.0,-0.00554444198787678,70,0.0002,0.004819719,0.2,0.9476611018180847,1.7645906917750835,0.0640625,0.026693522930145264,-4.10947443395853,0.8337171077728271
18432,444,-45.820944000000004,9,41,1000.0,-0.003231372855952941,80,0.0002,0.004375666,0.2,0.9426695704460144,1.0559576358646154,0.038427734375,0.04123932123184204,-4.082949833571911,0.5609304308891296
20480,496,-47.80604155,10,41,1000.0,-0.0010593739425530657,90,0.0002,0.0024864636,0.2,0.9333598613739014,0.6719376545865089,0.018505859375,0.08814883232116699,-4.059265992045402,0.20798206329345703
22528,547,-53.97329268181819,11,41,997.0454545454545,-0.0019310989780933596,100,0.0002,0.0061306753,0.2,0.9304966926574707,1.2730346681550144,0.04990234375,0.06222051382064819,-4.037476247549057,0.1569707989692688
24576,592,-59.054395166666666,12,41,996.2083333333334,-0.0009181154127873015,110,0.0002,0.0046942127,0.2,0.9321889877319336,35.98388228416443,0.0345703125,-0.0026007890701293945,-4.034537567198276,13.948657035827637
26624,642,-58.34065911538461,13,41,996.5,-0.003799230171716772,120,0.0002,0.009012202,0.2,0.9314770698547363,32.56450573643669,0.084326171875,0.1631043553352356,-4.038016736507416,0.670883059501648
28672,693,-58.58473007142857,14,41,996.75,-0.0021540647780057044,130,0.0002,0.002788126,0.2,0.924778938293457,3.284537951648235,0.052294921875,0.024786174297332764,-4.021995042264462,2.481806993484497
30720,740,-60.31978222580645,15,41,978.0,-0.0030106918915407733,140,0.0002,0.005077536,0.2,0.9224759340286255,0.9341340031009168,0.06611328125,0.1477406620979309,-4.007830812036991,0.3631921410560608
32768,793,-61.05673115151515,16,41,979.3333333333334,-0.002017843315843493,150,0.0002,0.0046343235,0.2,0.923839271068573,29.64510387852788,0.0333984375,0.26685047149658203,-4.006660360097885,31.601078033447266
34816,843,-61.19206557142857,17,41,980.5142857142857,-0.004488874369417317,160,0.0002,0.009206956,0.2,0.9177407026290894,1.1486050967825576,0.107861328125,0.11188828945159912,-3.9992653049528597,0.47510993480682373
36864,893,-61.36139505405406,18,41,981.5675675675676,-0.0032919308287091553,170,0.0002,0.0057059564,0.2,0.9118245840072632,1.671396873705089,0.064501953125,0.0984870195388794,-3.9772336930036545,0.7059632539749146
38912,943,-61.71560982051282,19,41,982.5128205128206,-0.0020584027311997487,180,0.0002,0.0036257706,0.2,0.9051937460899353,1.131776859331876,0.0349609375,0.15048110485076904,-3.9549756564199923,0.25617238879203796
40960,1002,-60.77809921951218,20,40,983.3658536585366,-0.0016938379500061273,190,0.0002,0.004983739,0.2,0.8974188566207886,1.9889287181198596,0.040966796875,0.13173043727874756,-3.9324987187981604,0.7472741603851318
43008,1055,-61.134539186046496,21,40,984.1395348837209,-0.0021469860977958886,200,0.0002,0.00603965,0.2,0.8876158595085144,2.538219824619591,0.074560546875,0.07488733530044556,-3.9032961286604406,1.6963697671890259
45056,1112,-61.302878133333316,22,40,984.8444444444444,-0.0012594735744642094,210,0.0002,0.005973826,0.2,0.8781606554985046,2.0177396342158316,0.03046875,0.12921923398971558,-3.8682388879358767,0.5551940202713013
47104,1162,-60.13206502127658,23,40,985.4893617021277,-0.0015129076055018231,220,0.0002,0.0046337363,0.2,0.8755545616149902,2.0775417551398276,0.038232421875,0.13895714282989502,-3.846045609563589,1.8411898612976074
49152,1215,-59.98908263265306,24,40,986.0816326530612,-0.0010013525432441383,230,0.0002,0.0024888183,0.2,0.8720588088035583,1.8686678789556026,0.023193359375,0.10374844074249268,-3.8371024638414384,0.8923848867416382
51200,1265,-59.883896058823524,25,40,986.6274509803922,-0.0028707011108053846,240,0.0002,0.0075583286,0.2,0.8677359819412231,1.9373374614864587,0.065234375,0.14844286441802979,-3.8239537984132768,0.6059677004814148
53248,1315,-58.585979377358484,26,40,987.1320754716982,-0.0024844148283591494,250,0.0002,0.0047997464,0.2,0.8626691699028015,2.5472734708338978,0.048046875,0.12034404277801514,-3.810497422516346,0.8306725025177002
55296,1369,-59.85030010714286,27,40,983.5,-0.004106987340492196,260,0.0002,0.006429367,0.2,0.8571661710739136,4.221599278226495,0.064501953125,0.05873918533325195,-3.7912486106157304,1.3027762174606323
57344,1423,-59.477648862068975,28,40,984.0689655172414,-0.005740538382087834,270,0.0002,0.008613021,0.2,0.8585951328277588,29.821553845331074,0.070654296875,0.23380154371261597,-3.7829988919198514,2.028419256210327
59392,1476,-59.419983583333334,29,40,984.6,8.261475886683911e-05,280,0.0002,0.00053273566,0.2,0.8513733148574829,2.533983674366027,0.012841796875,0.031367480754852295,-3.775965188443661,0.9221795201301575
61440,1530,-58.544441806451616,30,40,985.0967741935484,0.00026402236544527115,290,0.0002,0.001075042,0.2,0.8480342626571655,3.131487103179097,0.030712890625,0.11066287755966187,-3.7555744111537934,1.0611507892608643
63488,1581,-58.537138625,31,40,985.5625,-0.0024691338359843938,300,0.0002,0.005861799,0.2,0.8369649648666382,3.2956079229712487,0.06337890625,0.06559085845947266,-3.7266180992126463,0.9963613152503967
65536,1629,-58.615630045454544,32,40,986.0,-0.00032750988466432316,310,0.0002,0.0023412267,0.2,0.8327604532241821,1.3148508984595537,0.01689453125,0.14912056922912598,-3.7010191559791563,0.6014661192893982
67584,1685,-58.49981882352941,33,40,986.4117647058823,-0.0011276495817583055,320,0.0002,0.005560862,0.2,0.8297637701034546,1.82688292786479,0.041845703125,0.15237343311309814,-3.689834235608578,0.66151362657547
69632,1737,-58.55139357142856,34,40,986.8,-0.001968638674588874,330,0.0002,0.0061808634,0.2,0.8284144401550293,1.624667381308973,0.054736328125,0.12957483530044556,-3.680717673152685,0.5236000418663025
71680,1787,-58.29514640277778,35,40,987.1666666666666,-0.0013353672315133736,340,0.0002,0.004328117,0.2,0.8219699859619141,1.8138507001101971,0.04736328125,0.1287989616394043,-3.667290361225605,0.8894807696342468
73728,1844,-57.57646704054054,36,39,987.5135135135135,-0.0005136391991982237,350,0.0002,0.0047997143,0.2,0.8122273683547974,1.3332379556261003,0.0248046875,0.17373132705688477,-3.637181842327118,0.5171859860420227
75776,1897,-57.76314735526316,37,39,987.8421052631579,-0.0006922847707755864,360,0.0002,0.003682113,0.2,0.812398374080658,2.6487005153670906,0.018994140625,0.0549163818359375,-3.620568733662367,0.9384452104568481
77824,1945,-56.549411,38,40,988.1538461538462,-0.001400558277964592,370,0.0002,0.0066303057,0.2,0.8124303817749023,1.7828884670510887,0.037744140625,0.15625017881393433,-3.6216076500713825,1.738404393196106
79872,1996,-56.0706889875,39,40,988.45,-0.003905817787745036,380,0.0002,0.006047777,0.2,0.8129477500915527,8.12541447132826,0.062255859375,0.031739890575408936,-3.622672800719738,1.1656514406204224
81920,2049,-56.288863317073165,40,39,988.7317073170732,-0.0009110855433391407,390,0.0002,0.005056017,0.2,0.8096429109573364,2.6208429474383594,0.03818359375,0.12149286270141602,-3.618996276706457,0.4143453538417816
83968,2099,-56.65280716470587,41,39,979.7294117647059,-0.00026568830944597723,400,0.0002,0.003829238,0.2,0.808442234992981,4.171279620472342,0.024853515625,0.06703251600265503,-3.6109694577753544,2.181558847427368
86016,2149,-57.20177134090909,42,40,971.9318181818181,-0.004212341556558386,410,0.0002,0.004146227,0.2,0.8075379729270935,25.00649253372103,0.0470703125,0.19745731353759766,-3.6045237757265567,1.123488426208496
88064,2200,-57.488182846153855,43,40,964.7252747252747,-0.0013864957174519077,420,0.0002,0.0051175263,0.2,0.8044005632400513,24.863573519699276,0.050439453125,0.4740832448005676,-3.5971810407936573,1.2808003425598145
90112,2253,-57.0677551935484,44,39,965.483870967742,-0.0019162113836500793,430,0.0002,0.0048896736,0.2,0.8016802072525024,25.39765550941229,0.0431640625,0.5141446888446808,-3.5852212093770506,5.292190074920654
92160,2306,-56.37129391578949,45,39,966.2105263157895,0.000287957870750688,440,0.0002,0.0043427153,0.2,0.7985274791717529,3.647124633193016,0.0326171875,-0.47256767749786377,-3.577680266648531,0.2726566791534424
94208,2364,-56.46660553608247,46,39,961.3917525773196,-0.002620248479070142,450,0.0002,0.0049101724,0.2,0.7953382730484009,4.651879981160164,0.06181640625,0.07454836368560791,-3.563892424851656,2.964097738265991
96256,2413,-56.39485545,47,39,962.55,-0.00555597486672923,460,0.0002,0.0070196576,0.2,0.7954133749008179,24.61529767848551,0.072119140625,0.6132447123527527,-3.558869955688715,3.5006349086761475
98304,2463,-56.408059510000015,48,39,962.55,3.3325105323456225e-05,470,0.0002,0.0054018516,0.2,0.792216956615448,6.791248337551951,0.051416015625,0.06122887134552002,-3.5528559394180776,3.0676517486572266
100352,2513,-58.04043833000001,49,39,958.1,-0.00018585927900858224,480,0.0002,0.0014950781,0.2,0.7874207496643066,3.2648430284112693,0.031689453125,0.6092274785041809,-3.5371049888432027,1.5453578233718872
102400,2558,-57.91213604000001,50,40,953.37,-8.874431950971484e-05,490,0.0002,0.0023294939,0.2,0.7884836196899414,38.7145155146718,0.029296875,0.5145008563995361,-3.5303445369005204,3.553208112716675
104448,2604,-57.50641549000001,51,40,953.37,-0.004359409850439988,500,0.0002,0.0067448625,0.2,0.7873404026031494,25.878773232549428,0.070849609375,0.6452049612998962,-3.530608344823122,2.641132354736328
106496,2651,-57.681218529999995,52,40,952.48,-0.0026742719535832295,510,0.0002,0.006110722,0.2,0.7834810614585876,12.592211487144231,0.06259765625,0.294180691242218,-3.5224078103899954,4.551597595214844
108544,2694,-58.12078987999999,53,40,952.48,-0.004181281097407919,520,0.0002,0.00841721,0.2,0.7829633951187134,32.45263301432133,0.073388671875,0.4943384528160095,-3.51067703217268,3.503141164779663
110592,2742,-58.10490573999999,54,40,945.47,-0.0015628120774636046,530,0.0002,0.0079061985,0.2,0.7832196950912476,5.628887312486768,0.06650390625,0.745142251253128,-3.51141949146986,2.3237714767456055
112640,2787,-58.022941149999994,55,40,941.66,-4.419264732860029e-05,540,0.0002,0.0041279863,0.2,0.784868597984314,13.508318527042865,0.04501953125,0.2904471158981323,-3.5144293628633023,4.346948623657227
114688,2831,-58.27861386999999,56,40,941.25,-0.005686515744309872,550,0.0002,0.0074546454,0.2,0.7830817699432373,22.732383175194265,0.056884765625,0.77103091776371,-3.5104032017290594,7.087170600891113
116736,2877,-56.66619345,57,40,941.9,-0.0025426961394259704,560,0.0002,0.0058951275,0.2,0.7813131809234619,19.387438928335904,0.022900390625,0.7467984855175018,-3.5033774718642237,5.462883949279785
118784,2922,-55.05202182000001,58,40,942.16,-0.0019766373501624913,570,0.0002,0.0069119288,0.2,0.7763299942016602,18.196605732291935,0.050537109375,0.35350340604782104,-3.4917297296226026,5.715099334716797
120832,2966,-55.66576644999999,59,40,938.87,-0.0010455194511450826,580,0.0002,0.007461631,0.2,0.7721556425094604,5.469963702559471,0.046435546875,-2.245053291320801,-3.4728912100195886,1.8539233207702637
122880,3009,-54.44005945999999,60,40,938.87,-0.0027620433960692027,590,0.0002,0.0069055576,0.2,0.7713252902030945,15.01472821570933,0.060400390625,0.7095212042331696,-3.4611273258924484,7.536144733428955
124928,3057,-53.36666866999999,61,40,944.78,-0.0002104547747876495,600,0.0002,0.0046613174,0.2,0.7648746371269226,5.862609806656837,0.037744140625,0.044337451457977295,-3.4476993098855018,1.6394258737564087
126976,3104,-53.04858959,62,40,940.98,0.0004634402896044776,610,0.0002,0.004787449,0.2,0.7670321464538574,5.7261561959981915,0.02919921875,-0.09162020683288574,-3.4412615314126014,1.357757329940796
129024,3151,-54.01852920000001,63,40,935.13,-0.004465729833464138,620,0.0002,0.005777852,0.2,0.7678660154342651,16.168028262257575,0.042822265625,0.6770274341106415,-3.443762270361185,2.3938357830047607
131072,3194,-53.593665140000006,64,41,935.13,-0.003830718573590275,630,0.0002,0.005496626,0.2,0.7684358358383179,37.04315338470042,0.04365234375,0.554658830165863,-3.4464998088777064,15.814687728881836
133120,3237,-53.22561106999999,65,41,935.13,-0.0005663967574946582,640,0.0002,0.0036291904,0.2,0.7617189884185791,5.650485785678029,0.023681640625,-0.37273287773132324,-3.432574912905693,1.688873291015625
135168,3284,-52.32730072,66,41,935.13,0.0005806502507766709,650,0.0002,0.006758346,0.2,0.7568361759185791,6.6880798667669294,0.033837890625,0.05474686622619629,-3.408132177591324,4.746882438659668
137216,3328,-51.46607259000001,67,41,935.13,0.000725274530122988,660,0.0002,0.006072703,0.2,0.756957471370697,5.548114009574055,0.044677734375,0.05103784799575806,-3.398630879819393,3.4729089736938477
139264,3373,-51.59111725999999,68,41,928.58,-7.101001683622599e-05,670,0.0002,0.004595398,0.2,0.7492231130599976,7.553512020409107,0.03330078125,0.04023998975753784,-3.384991553425789,1.2769609689712524
141312,3420,-51.543686179999995,69,41,923.68,-0.0014130735871731304,680,0.0002,0.0056732204,0.2,0.745193362236023,18.217450672388075,0.03212890625,0.7002394199371338,-3.362514729052782,2.8181824684143066
143360,3464,-51.34497583,70,41,917.89,-0.0028865375119494275,690,0.0002,0.0047513708,0.2,0.7429901957511902,36.43856940716505,0.03134765625,0.59040966629982,-3.348564148694277,6.760601043701172
145408,3507,-52.17708263999999,71,41,916.42,-0.0021709717097110116,700,0.0002,0.0074690697,0.2,0.7421183586120605,54.855450195074084,0.02548828125,0.612692266702652,-3.343330121785402,17.81940269470215
147456,3552,-50.970308929999995,72,41,918.84,-0.0019084971834672614,710,0.0002,0.0051459996,0.2,0.7411079406738281,37.57283728271723,0.020849609375,0.30999189615249634,-3.340027681738138,6.243026256561279
149504,3595,-50.7286275,73,41,918.84,-0.00040435151749989017,720,0.0002,0.0054429728,0.2,0.74173903465271,4.413641583546996,0.045751953125,0.6715595722198486,-3.3380451917648317,1.8790725469589233
151552,3641,-50.6980613,74,41,914.27,-0.002257748137344606,730,0.0002,0.006470326,0.2,0.7414439916610718,5.28326081559062,0.062353515625,0.6553365290164948,-3.3419571235775947,1.906122088432312
153600,3688,-50.291596950000006,75,41,914.27,-0.0008702494320459664,740,0.0002,0.0014827067,0.2,0.7424401044845581,22.309972155094147,0.001123046875,0.611351728439331,-3.3429170310497285,17.613176345825195
155648,3730,-49.68591404000001,76,41,908.66,-0.002455885536619462,750,0.0002,0.005353255,0.2,0.740768313407898,7.24870395027101,0.054443359375,0.6149880290031433,-3.340781592577696,1.6203218698501587
157696,3778,-49.78126991999999,77,41,908.66,-0.00495534782676259,760,0.0002,0.008093702,0.2,0.739294707775116,17.302058219909668,0.09423828125,0.7817737758159637,-3.333719199895859,2.7356669902801514
159744,3825,-49.15889741999999,78,41,903.34,-0.0008341652835952118,770,0.0002,0.004491051,0.2,0.7373225688934326,6.958617698401213,0.0259765625,0.552681028842926,-3.328123989701271,4.011273384094238
161792,3869,-48.962373199999995,79,41,903.34,-0.0051997695554746315,780,0.0002,0.0061866054,0.2,0.7380279302597046,12.145717050135136,0.027783203125,0.7849927842617035,-3.3228789918124675,2.909207582473755
163840,3914,-48.410481329999996,80,41,903.34,-0.0008979902078863234,790,0.0002,0.007548323,0.2,0.7332891225814819,6.619686202704907,0.041748046875,0.4864552617073059,-3.3151868015527723,2.055878162384033
165888,3957,-47.72174217,81,41,903.34,-0.0009757714400620898,800,0.0002,0.0052830647,0.2,0.7339198589324951,6.718133750557899,0.064208984375,0.5813948810100555,-3.3065197318792343,1.716163992881775
167936,4000,-49.30572443999999,82,41,899.3,-0.004246623200015165,810,0.0002,0.006720395,0.2,0.7359806299209595,4.080580712296069,0.107421875,0.7930585294961929,-3.3109581388533114,0.5660797953605652
169984,4047,-48.86635659999999,83,41,899.3,-0.002498894912423566,820,0.0002,0.0053775394,0.2,0.7360484600067139,21.99602253213525,0.04208984375,0.7291684746742249,-3.314311494678259,6.5077643394470215
172032,4093,-46.017781649999996,84,42,899.3,-0.0027836057619424538,830,0.0002,0.0065741367,0.2,0.7356294393539429,9.896843928843737,0.04599609375,0.17931485176086426,-3.314937224239111,3.788505792617798
174080,4140,-45.15027199,85,42,907.29,-0.0010637536528520287,840,0.0002,0.0052223112,0.2,0.7352699637413025,18.71252814233303,0.029052734375,0.39329856634140015,-3.3119148790836332,9.124939918518066
176128,4185,-44.6592896,86,42,914.37,-0.0017687580999336205,850,0.0002,0.005807174,0.2,0.7390780448913574,5.311614961922169,0.058447265625,0.46007025241851807,-3.32139892205596,2.4944255352020264
178176,4230,-44.24740769,87,42,907.05,-0.003050775619340129,860,0.0002,0.007870156,0.2,0.7417248487472534,17.83410647958517,0.06640625,0.64168581366539,-3.333398249000311,4.796451091766357
180224,4278,-43.89607994000001,88,42,914.45,-0.0053751799263409335,870,0.0002,0.00506699,0.2,0.7391599416732788,41.07567453980446,0.084423828125,0.5618270933628082,-3.337277482450008,21.12754249572754
182272,4322,-43.45218177999999,89,42,913.38,0.00027137012220919133,880,0.0002,0.0032488955,0.2,0.7384047508239746,20.76918712258339,0.016162109375,0.48797643184661865,-3.3299642451107503,9.065832138061523
184320,4368,-42.791990479999996,90,42,918.73,-0.0017451686071581207,890,0.0002,0.0035302471,0.2,0.7377769351005554,18.48960241228342,0.03486328125,0.6023251414299011,-3.3275907658040524,20.85537338256836
186368,4412,-43.47328001999999,91,42,912.91,-0.0016876395398867316,900,0.0002,0.005736987,0.2,0.7387682199478149,8.961533827334643,0.052685546875,0.7238984405994415,-3.3297266326844692,2.7384936809539795
188416,4454,-45.55464920999999,92,42,900.8,-0.001638670836109668,910,0.0002,0.012093799,0.2,0.736656665802002,11.73444577101618,0.1216796875,0.7817302048206329,-3.32660241574049,10.435392379760742
190464,4497,-43.88593863999999,93,42,905.25,-0.0017165157216368244,920,0.0002,0.00513925,0.2,0.7379016876220703,27.8842787951231,0.031494140625,0.8623562455177307,-3.3234888397157194,11.400125503540039
192512,4539,-43.74187871,94,42,909.98,-0.00020413165912032128,930,0.0002,0.007182464,0.2,0.7383622527122498,5.575446369312703,0.0818359375,0.5626712143421173,-3.3285757802426814,0.6555680632591248
194560,4584,-45.17860408000001,95,42,909.98,-0.0003753824712475762,940,0.0002,0.010219409,0.2,0.7414165735244751,2.290304894465953,0.132373046875,0.8177297413349152,-3.3341437608003615,1.0871517658233643
196608,4629,-44.20118798000001,96,42,910.87,0.0005688652483513579,950,0.0002,0.00790458,0.2,0.736973226070404,4.728261843835935,0.099169921875,0.4015880823135376,-3.3288425907492636,1.3476433753967285
198656,4672,-45.189795890000006,97,42,910.87,-0.001770250135450624,960,0.0002,0.006717016,0.2,0.7330913543701172,2.6842783546075224,0.056005859375,0.4851871728897095,-3.31091163828969,1.8248215913772583
200704,4717,-44.72417221,98,42,917.88,-0.00536129874526523,970,0.0002,0.0075349254,0.2,0.7258776426315308,3.1671602809801698,0.0642578125,0.7111273109912872,-3.2899472512304784,0.8544220924377441
202752,4761,-44.83168596999999,99,42,917.88,-0.001890783135604579,980,0.0002,0.008405225,0.2,0.7231044769287109,3.6255348129197955,0.05927734375,0.4970189332962036,-3.2677592977881433,0.8644191026687622
204800,4806,-44.57517102,100,42,909.96,-0.0003572100366000086,990,0.0002,0.0023273095,0.2,0.7222065329551697,6.34712194763124,0.015478515625,0.6700625121593475,-3.259576252102852,4.853333473205566
206848,4849,-43.973184550000006,101,42,910.37,-0.002164791413815692,1000,0.0002,0.0029511284,0.2,0.7228776812553406,19.425086672604085,0.006884765625,0.8313315808773041,-3.257316368818283,6.363276958465576
208896,4894,-44.95354684,102,42,906.79,0.0007583700193208642,1010,0.0002,0.0043426505,0.2,0.7227259874343872,6.135957511514425,0.04296875,0.4930710792541504,-3.258450713008642,1.3092548847198486
210944,4943,-45.54508402999999,103,42,906.79,-0.004840753876487724,1020,0.0002,0.007595403,0.2,0.7180808782577515,7.460406057443469,0.080078125,0.8227537721395493,-3.2436703965067863,0.9002389311790466
212992,4992,-44.57162916,104,42,910.08,-0.0029207607556600125,1030,0.0002,0.0070653837,0.2,0.7204736471176147,1.818937137722969,0.118896484375,0.6777012944221497,-3.2457213647663594,0.26291704177856445
215040,5038,-45.784566940000005,105,42,910.08,-0.0022977341955993324,1040,0.0002,0.0069650197,0.2,0.7206846475601196,5.42652701549232,0.06953125,0.35765624046325684,-3.2513903133571147,1.5823628902435303
217088,5083,-44.61630066,106,42,907.32,-0.00024624392681289465,1050,0.0002,0.008330577,0.2,0.7205673456192017,3.7999473376199604,0.06044921875,0.6372346878051758,-3.249133162200451,2.0983786582946777
219136,5131,-45.102206540000005,107,42,907.32,-0.0002742120836046524,1060,0.0002,0.002990265,0.2,0.7173894643783569,9.401992849819361,0.045361328125,0.8024530559778214,-3.2448696292936803,4.5466084480285645
221184,5175,-42.86697897,108,42,913.17,-5.744426744058728e-07,1070,0.0002,0.0100189205,0.2,0.7147595286369324,4.916852055862546,0.0486328125,0.6346335411071777,-3.2300448447465895,2.8236584663391113
223232,5221,-42.95601208,109,42,913.17,-0.0036279277293942867,1080,0.0002,0.009849407,0.2,0.7137104868888855,7.993328781612218,0.082763671875,0.6847911179065704,-3.2227294094860555,4.657808780670166
225280,5269,-42.351341129999994,110,42,913.17,-0.003721220408624504,1090,0.0002,0.0068622706,0.2,0.7153723239898682,6.227498023398221,0.09072265625,0.7580904811620712,-3.2208776995539665,1.6055771112442017
227328,5318,-42.90974965,111,42,913.17,-0.0003634383698226884,1100,0.0002,0.005719441,0.2,0.7146636843681335,12.135461010038853,0.02197265625,0.5625524818897247,-3.224508000165224,5.6151509284973145
229376,5365,-43.1944045,112,42,911.55,0.0013877235440304502,1110,0.0002,0.0063313087,0.2,0.713984489440918,5.247922349208966,0.1146484375,0.6307234466075897,-3.2231828935444353,1.1154247522354126
231424,5412,-43.35528554000001,113,42,911.55,-0.0013164829215384088,1120,0.0002,0.0064369086,0.2,0.7174286842346191,8.868691064044834,0.06787109375,0.783673033118248,-3.2276741549372674,3.0668134689331055
233472,5457,-45.27618041000001,114,42,916.45,0.0008942806169216055,1130,0.0002,0.0064191,0.2,0.7159099578857422,1.9740042005665601,0.065966796875,0.660511314868927,-3.232016525417566,1.1663126945495605
235520,5502,-44.04980993000001,115,42,922.24,-0.0012915382263599894,1140,0.0002,0.00968237,0.2,0.714034914970398,1.2778080479765777,0.117236328125,0.8583700954914093,-3.226410789042711,0.38704901933670044
237568,5545,-43.48644582,116,42,909.78,-0.0005644709985062945,1150,0.0002,0.008154085,0.2,0.7146406173706055,1.9386727371253074,0.077587890625,0.693442702293396,-3.22087749093771,0.40510520339012146
239616,5591,-43.28623644,117,42,909.78,-0.0018071576312649995,1160,0.0002,0.0062471414,0.2,0.71461021900177,18.997676677256823,0.046435546875,0.8089647442102432,-3.2258941285312175,6.490267276763916
241664,5637,-42.84774543,118,42,909.78,-0.0023901673732325433,1170,0.0002,0.0037042017,0.2,0.7143187522888184,4.134946062788368,0.082666015625,0.789874255657196,-3.2258979961276055,2.9120521545410156
243712,5682,-43.100212660000004,119,42,906.73,-0.0020739038576721215,1180,0.0002,0.0046693934,0.2,0.7123943567276001,9.447731414437294,0.028857421875,0.7090639472007751,-3.220109064131975,5.7201762199401855
245760,5729,-43.07744378,120,42,912.34,-0.0006785653131373692,1190,0.0002,0.003944231,0.2,0.7116959095001221,39.29084767699241,0.00810546875,0.4304524064064026,-3.216265573352575,26.551549911499023
247808,5774,-42.910022680000004,121,42,912.34,-0.003097858716500923,1200,0.0002,0.006397336,0.2,0.7099067568778992,5.30513311997056,0.062548828125,0.6491516828536987,-3.2091543711721897,2.138805866241455
249856,5817,-43.738440680000004,122,42,912.34,-0.0009921514749294147,1210,0.0002,0.0022586938,0.2,0.700309693813324,6.152489711157978,0.0427734375,0.6986991465091705,-3.1858565635979175,1.4023455381393433
251904,5860,-43.25917948,123,42,915.5,-0.0014738686848431825,1220,0.0002,0.0057160677,0.2,0.6968948841094971,8.60893599037081,0.057958984375,0.7036340832710266,-3.160431794822216,5.167311191558838
253952,5907,-42.965638559999995,124,42,915.5,-0.0038851099205203356,1230,0.0002,0.0036578325,0.2,0.6948370933532715,9.494335451722145,0.071923828125,0.8516154885292053,-3.1484163030982018,1.805672526359558
256000,5952,-43.59515696,125,43,915.5,-0.0029972705233376473,1240,0.0002,0.004711968,0.2,0.6916150450706482,6.050013436563313,0.080517578125,0.8284137398004532,-3.1373147800564767,3.1923534870147705
258048,6001,-44.28778585999999,126,42,915.5,-0.0017622384082642383,1250,0.0002,0.007683426,0.2,0.6916155219078064,4.126340061239898,0.08466796875,0.8188526332378387,-3.128869792819023,0.6509526371955872
260096,6045,-44.46625557,127,43,919.54,-0.002037684635433834,1260,0.0002,0.0047821,0.2,0.6869913935661316,5.047550377994776,0.093408203125,0.660476416349411,-3.11842537522316,3.849276304244995
262144,6089,-45.251895950000005,128,43,919.54,0.001951329573057592,1270,0.0002,0.0036221715,0.2,0.6890254020690918,1.2508531116996893,0.074609375,0.7560880035161972,-3.110580702871084,0.20803701877593994
264192,6137,-48.027499500000005,129,43,911.37,0.001377100513491314,1280,0.0002,0.0064185346,0.2,0.6839226484298706,2.2630174829624594,0.095654296875,0.3504348397254944,-3.098933440446854,0.8600078821182251
266240,6181,-48.63750752,130,43,911.37,-0.0033022735908161847,1290,0.0002,0.0071361093,0.2,0.684428870677948,10.162475121859462,0.051416015625,0.49623602628707886,-3.085665266215801,7.2628068923950195
268288,6224,-47.55097201999999,131,43,919.08,-0.002611722183064558,1300,0.0002,0.010374118,0.2,0.6825296878814697,4.650039509497583,0.0943359375,0.7218372821807861,-3.0839753590524195,1.2362208366394043
270336,6269,-48.26369130999999,132,43,919.08,-0.00314697644644184,1310,0.0002,0.0074887113,0.2,0.682429313659668,2.506699328869581,0.105810546875,0.8139667361974716,-3.0806332625448705,0.7368930578231812
272384,6314,-49.25723743,133,43,919.08,-0.0016236980707617476,1320,0.0002,0.0056751748,0.2,0.6761922836303711,2.427616097219288,0.058251953125,0.6655546426773071,-3.0669913165271283,1.1062424182891846
274432,6359,-49.773088830000006,134,43,913.82,-0.005042308036354371,1330,0.0002,0.009063864,0.2,0.6699123382568359,0.6730669296142878,0.110498046875,0.94063401222229,-3.036471550166607,0.07475648820400238
276480,6404,-50.43622549,135,43,913.67,7.376301800832152e-06,1340,0.0002,0.008011573,0.2,0.6722207069396973,4.738118967879563,0.07705078125,0.7612737268209457,-3.031792501360178,0.4857621490955353
278528,6448,-49.03692833000001,136,43,904.97,-4.421426419867203e-05,1350,0.0002,0.00067445356,0.2,0.6716090440750122,23.35478602051735,0.0017578125,0.6036123633384705,-3.03651822283864,8.925048828125
280576,6495,-48.17785404,137,43,911.52,-0.0009939376439433544,1360,0.0002,0.0054792883,0.2,0.6722182631492615,25.256779398024083,0.011962890625,0.8657082319259644,-3.0362956203520297,18.52824592590332
282624,6540,-48.81090407000001,138,43,895.42,-0.002831092645647004,1370,0.0002,0.0111891255,0.2,0.6697167754173279,3.6881938748731047,0.125048828125,0.8160413801670074,-3.0326140388846397,0.5432332158088684
284672,6585,-48.14456528000001,139,43,895.42,-0.00045935460148029963,1380,0.0002,0.0028328167,0.2,0.6692456007003784,47.55686212778092,0.000927734375,0.7126628458499908,-3.025354240089655,9.607915878295898
286720,6627,-48.1384612,140,43,895.42,0.00017067960725398735,1390,0.0002,0.005050711,0.2,0.669121503829956,3.5682526796124874,0.018212890625,0.5917288362979889,-3.023643185943365,0.49430596828460693
288768,6675,-48.333944589999994,141,43,895.42,-0.00045774039172101765,1400,0.0002,0.003309362,0.2,0.6713446974754333,1.2859814635128715,0.090380859375,0.8044209033250809,-3.0281100645661354,0.3376677334308624
290816,6720,-47.848686040000004,142,43,895.42,-0.002749645194853656,1410,0.0002,0.006192567,0.2,0.6719949245452881,2.8391926660202444,0.067236328125,0.4081067442893982,-3.0354332126677037,0.3000418543815613
292864,6764,-48.63918042,143,43,895.42,-0.004040455949143507,1420,0.0002,0.005363443,0.2,0.6716606020927429,5.772423865832389,0.05478515625,0.7294054627418518,-3.0353911511600016,1.622687816619873
294912,6808,-49.53758382,144,43,897.17,-0.00133379174512811,1430,0.0002,0.0033179396,0.2,0.6697986125946045,8.341440053284169,0.042626953125,0.8729353696107864,-3.0320830084383488,0.8645027875900269
296960,6851,-49.86517648000001,145,43,895.47,-0.002825036519789137,1440,0.0002,0.0061856564,0.2,0.6704089045524597,19.62853534370661,0.05498046875,0.7859146147966385,-3.0276442632079124,4.671730041503906
299008,6895,-48.74702216000001,146,43,899.05,-0.0010270386177580805,1450,0.0002,0.010359423,0.2,0.6704131960868835,29.214305740594863,0.0587890625,0.8389106094837189,-3.0294221714138985,16.614072799682617
301056,6940,-47.543413490000006,147,43,899.05,-0.0019862348010065032,1460,0.0002,0.009084045,0.2,0.6709882020950317,6.861284639686346,0.0505859375,0.7057610750198364,-3.0308398947119715,0.4476201832294464
303104,6983,-48.2693372,148,43,898.16,-0.0016408690251410007,1470,0.0002,0.0059732143,0.2,0.6704699397087097,8.941344770044088,0.033740234375,0.7476288080215454,-3.031370399147272,5.306370258331299
305152,7026,-48.82940153,149,43,894.82,-0.004488086543278769,1480,0.0002,0.0042508496,0.2,0.6693577766418457,11.208794164657593,0.066162109375,0.8482075929641724,-3.028026854991913,4.462228298187256
307200,7073,-49.596991870000004,150,43,901.38,-0.0011519480351125822,1490,0.0002,0.004757841,0.2,0.6684727668762207,12.306900437548757,0.054150390625,0.8553944826126099,-3.0219150096178056,2.078937292098999
309248,7119,-49.271886179999996,151,43,901.38,-0.0005282759680994787,1500,0.0002,0.0043269293,0.2,0.6747294664382935,1.4183105300180614,0.079833984375,0.6772516071796417,-3.038555263727903,0.5894759893417358
311296,7165,-49.55036570999999,152,43,901.38,-0.0017220384994288906,1510,0.0002,0.0035072565,0.2,0.6768891215324402,5.74780151322484,0.018017578125,0.6992876827716827,-3.057406038045883,1.51139235496521
313344,7208,-48.20246797000001,153,43,901.38,-0.0014888257632264868,1520,0.0002,0.006722309,0.2,0.6717049479484558,2.520740529708564,0.038037109375,0.7714952379465103,-3.054755711555481,0.9531070590019226
315392,7252,-49.49857104000001,154,43,901.38,-0.004807552971760743,1530,0.0002,0.005841151,0.2,0.67039954662323,6.619190175831318,0.06201171875,0.6894822120666504,-3.036919125169516,0.9199841022491455
317440,7295,-47.35628780000001,155,43,901.38,-0.0011641177057754248,1540,0.0002,0.004444995,0.2,0.6722227931022644,4.390680070966482,0.045947265625,0.3663005232810974,-3.0394920758903026,1.6131395101547241
319488,7342,-47.38807424000001,156,43,894.13,-0.0013970198313472792,1550,0.0002,0.006679022,0.2,0.6707489490509033,7.782070744782686,0.06025390625,0.7091480493545532,-3.037246999889612,2.1515209674835205
321536,7386,-46.953177049999994,157,43,898.23,-0.0028016782758641056,1560,0.0002,0.004487251,0.2,0.6665763854980469,13.063093089312314,0.037841796875,0.89217309653759,-3.0237228527665136,6.693605899810791
323584,7430,-47.46282076000001,158,43,897.78,-0.00022062834323151038,1570,0.0002,0.0026502823,0.2,0.665818452835083,15.191125237569214,0.0169921875,0.8583680838346481,-3.0110331408679487,1.552096962928772
325632,7473,-48.29063934,159,43,886.96,-0.0007841241458663717,1580,0.0002,0.0039288295,0.2,0.665244460105896,35.935364708304405,0.023291015625,0.6590659320354462,-3.0104553148150446,17.899490356445312
327680,7516,-50.24257109999999,160,43,883.54,-0.0022076193097746,1590,0.0002,0.0068351533,0.2,0.6647353172302246,36.27363793551922,0.028173828125,0.8185575753450394,-3.0059136785566807,13.843689918518066
329728,7560,-52.93314286,161,43,875.97,-0.004548168124165386,1600,0.0002,0.007572352,0.2,0.665064811706543,48.12362929284573,0.077001953125,0.7105573117733002,-3.0055157266557218,8.795519828796387
331776,7606,-52.98059248,162,43,883.59,-0.006483882505563088,1610,0.0002,0.0040041506,0.2,0.6635661721229553,18.84164958074689,0.056298828125,0.8717623949050903,-3.0034779094159605,3.4187960624694824
333824,7651,-53.807515089999995,163,43,883.1,-0.0011748386721592396,1620,0.0002,0.0075215837,0.2,0.6653392314910889,11.397667478770018,0.068359375,0.4729738235473633,-3.001782464236021,2.377190113067627
335872,7694,-54.80823345000001,164,43,878.86,-0.0015615743584930896,1630,0.0002,0.008659742,0.2,0.6652367115020752,9.500060150027275,0.08076171875,0.8070676326751709,-3.00284428820014,1.8248721361160278
337920,7744,-55.58502023,165,43,877.06,-0.0008672484618728049,1640,0.0002,0.0041405773,0.2,0.6619256734848022,7.117465817928315,0.10791015625,0.7222925424575806,-2.994341114908457,2.4640750885009766
339968,7784,-56.593994669999994,166,43,866.59,-0.0025930240080924705,1650,0.0002,0.0071689948,0.2,0.6560679078102112,9.308047988265752,0.07802734375,0.879895806312561,-2.975621638447046,2.821563482284546
342016,7827,-56.92397579999999,167,43,861.83,-0.002265157309011556,1660,0.0002,0.0028844113,0.2,0.6583666801452637,26.55715135037899,0.044580078125,0.9068761989474297,-2.965513475984335,9.635668754577637
344064,7874,-56.809134480000004,168,43,854.31,-0.0011247076734434813,1670,0.0002,0.0043097553,0.2,0.6596140265464783,27.037966349720953,0.02939453125,0.8087606430053711,-2.974308009445667,6.0154709815979
346112,7920,-55.79399726999999,169,43,851.09,-0.003947216537198983,1680,0.0002,0.00906067,0.2,0.660017728805542,15.048470546305179,0.06806640625,0.9213319197297096,-2.9802376568317412,6.709084510803223
348160,7964,-56.067280600000004,170,43,850.79,-0.000610073292045854,1690,0.0002,0.0039461935,0.2,0.6617553234100342,12.052331651002168,0.052783203125,0.9098400697112083,-2.982124750316143,4.4174275398254395
350208,8009,-57.19422895,171,43,858.8,-0.0006475096379290335,1700,0.0002,0.008086175,0.2,0.66730135679245,10.499696201458573,0.06806640625,0.8410231173038483,-3.0027090921998023,3.6708850860595703
352256,8055,-56.5378968,172,43,848.13,-0.0008513301552738994,1710,0.0002,0.0054515405,0.2,0.6696392893791199,17.486028115451337,0.039453125,0.8957505151629448,-3.0184674888849257,2.869241237640381
354304,8100,-54.69374235,173,43,848.13,-0.0021387979970313607,1720,0.0002,0.0051096124,0.2,0.6713156700134277,30.28679254055023,0.047802734375,0.8827699795365334,-3.0260327860713003,4.4024786949157715
356352,8146,-53.82446043,174,43,848.13,-0.001079907373059541,1730,0.0002,0.007713439,0.2,0.6673895120620728,23.157601416110992,0.03798828125,0.6519741415977478,-3.0200517266988753,13.440543174743652
358400,8189,-53.38389216,175,43,843.83,-0.0016535751929040998,1740,0.0002,0.00817305,0.2,0.6651009917259216,12.253834792971611,0.04638671875,0.616744875907898,-3.003449995815754,2.8014981746673584
360448,8238,-52.49781851000001,176,43,848.44,-0.00261341753648594,1750,0.0002,0.009521039,0.2,0.6592676043510437,17.559692880138755,0.06787109375,0.9027203246951103,-2.985520586371422,5.9928412437438965
362496,8284,-52.246320260000005,177,43,847.93,-0.0009544253422063776,1760,0.0002,0.0034862864,0.2,0.6569020748138428,21.874526982754467,0.0423828125,0.8434741348028183,-2.967327640205622,10.477081298828125
364544,8327,-52.52297606,178,43,854.64,-0.004989711666712538,1770,0.0002,0.0069813225,0.2,0.6522516012191772,10.59398592747748,0.09951171875,0.8820426017045975,-2.9468803688883782,1.4440836906433105
366592,8370,-52.52097786,179,43,854.64,-0.0009786665134015494,1780,0.0002,0.011916395,0.2,0.6528000235557556,31.810893211513758,0.090283203125,0.8717300891876221,-2.9346188984811308,25.691255569458008
368640,8418,-53.101916409999994,180,43,860.24,0.0003533610390149988,1790,0.0002,0.0125925,0.2,0.6559599041938782,28.90531114861369,0.052392578125,0.2653338313102722,-2.9396702378988264,15.115950584411621
370688,8462,-50.75412803000001,181,43,868.35,-0.003050305548822507,1800,0.0002,0.0047330717,0.2,0.6548117995262146,6.94505570307374,0.0888671875,0.910733200609684,-2.9423082895576953,3.7627832889556885
372736,8504,-50.85381123,182,43,866.31,-0.002838863262149971,1810,0.0002,0.0056271674,0.2,0.6547024250030518,20.114131785929203,0.038427734375,0.6235551834106445,-2.9402020305395125,8.002120018005371
374784,8551,-50.686136969999986,183,43,866.31,0.0007244759486638941,1820,0.0002,0.004951432,0.2,0.6524359583854675,14.329160513170063,0.05244140625,0.823797196149826,-2.9347821578383444,6.847998142242432
376832,8595,-51.786525739999995,184,43,851.82,-0.0036129345404333434,1830,0.0002,0.005380784,0.2,0.6539676785469055,10.874482140690088,0.04853515625,0.4275504946708679,-2.9341496989130973,9.84280014038086
378880,8641,-52.24326436999999,185,43,854.3,0.0004926254841848277,1840,0.0002,0.010635622,0.2,0.6530144810676575,22.68312662690878,0.034375,0.8535428941249847,-2.934211426973343,9.735076904296875
380928,8685,-52.47102376,186,43,851.84,-0.00019549653225112707,1850,0.0002,0.002090656,0.2,0.6520736217498779,42.121208450198175,0.028759765625,0.7900495380163193,-2.9285855665802956,19.367206573486328
382976,8730,-52.862256179999996,187,43,851.84,-0.0024110261801979505,1860,0.0002,0.0053247567,0.2,0.6497336626052856,3.1148572181351484,0.115673828125,0.946813028305769,-2.9224844098091127,0.6774016618728638
385024,8776,-55.17137450999999,188,43,838.29,-0.00013442344788927585,1870,0.0002,0.008252291,0.2,0.6471848487854004,1.7518527063424698,0.19267578125,0.7944765537977219,-2.9071739010512827,0.21666699647903442
387072,8819,-55.26194007999999,189,43,834.58,-0.0019511984326527454,1880,0.0002,0.0038164058,0.2,0.6464124321937561,27.516690465062858,0.031640625,0.8095585852861404,-2.9026724360883236,8.225708961486816
389120,8863,-54.131643090000004,190,43,814.1,-0.0031450806112843567,1890,0.0002,0.003914058,0.2,0.6473232507705688,22.828242587670683,0.0501953125,0.5218653380870819,-2.9023951783776285,10.636675834655762
391168,8905,-55.762937199999996,191,43,806.67,-0.0028878299111966045,1900,0.0002,0.007289641,0.2,0.647508978843689,40.57771311998367,0.03203125,0.8590774983167648,-2.9035493418574334,34.79927062988281
393216,8952,-56.214004900000006,192,43,796.33,-0.004787347996898461,1910,0.0002,0.008682265,0.2,0.6470293402671814,24.34692112803459,0.083203125,0.8947315961122513,-2.9027299083769322,6.635825157165527
395264,8996,-56.0028716,193,43,796.33,-0.0025776237074751408,1920,0.0002,0.0074740434,0.2,0.644656777381897,40.64631580114364,0.046240234375,0.8845119923353195,-2.896649371832609,45.96464157104492
397312,9040,-58.03139131000001,194,43,796.33,-0.0011850292154122143,1930,0.0002,0.009630358,0.2,0.6448136568069458,10.414751839078964,0.091796875,0.849846750497818,-2.892590416967869,1.1342402696609497
399360,9085,-59.23213337999999,195,43,803.58,0.003428182884636044,1940,0.0002,0.0068019154,0.2,0.6450904607772827,4.0484060836490245,0.1783203125,0.5525859296321869,-2.89460224583745,1.5676062107086182
401408,9129,-59.68983128,196,43,807.65,0.000465807385626249,1950,0.0002,0.00964137,0.2,0.6477143168449402,0.948025124828564,0.134716796875,0.7540866881608963,-2.900432600826025,0.16674652695655823
403456,9175,-58.78343879,197,43,808.1,0.0021544986448134296,1960,0.0002,0.005497706,0.2,0.646346926689148,2.360059665516019,0.1234375,0.7858400344848633,-2.904996794462204,0.057558365166187286
405504,9222,-58.760414149999995,198,43,811.79,-0.000957146797736641,1970,0.0002,0.008669852,0.2,0.6452571153640747,1.5868070287629963,0.102001953125,0.7730754166841507,-2.8969576850533487,0.7018963098526001
407552,9265,-56.767616069999995,199,43,820.2,-0.0001081744398106821,1980,0.0002,0.007945917,0.2,0.6454310417175293,0.9745946982700844,0.12216796875,0.9069658517837524,-2.8940251879394054,1.2614245414733887
409600,9311,-55.94476878,200,43,824.49,-4.7817388258408754e-05,1990,0.0002,0.00042852946,0.2,0.6457436084747314,52.30629591047764,0.0,0.6244351267814636,-2.893063249439001,24.42998695373535
411648,9357,-54.37575655999999,201,43,823.56,-0.0014199803248629906,2000,0.0002,0.008848069,0.2,0.644572377204895,11.72385683208704,0.12119140625,0.7017818689346313,-2.8902522452175616,2.13017201423645
413696,9400,-53.286593939999996,202,44,827.29,-0.0024427586497040464,2010,0.0002,0.0067096706,0.2,0.6448854804039001,24.438353244960307,0.04541015625,0.7872709482908249,-2.889444775879383,24.325519561767578
415744,9443,-53.01454699,203,44,821.01,-0.0005419820503448136,2020,0.0002,0.003316366,0.2,0.6443758010864258,39.65276767462492,0.030078125,0.7542098760604858,-2.890476983040571,22.875415802001953
417792,9485,-52.484470859999995,204,44,825.25,-0.00011389957944629714,2030,0.0002,0.0038937652,0.2,0.6432010531425476,10.942701066471637,0.017529296875,0.7938657253980637,-2.885814817249775,7.359364032745361
419840,9527,-53.464742959999995,205,44,810.57,-0.0005843158025527373,2040,0.0002,0.0089651495,0.2,0.6432466506958008,30.150274712592363,0.027392578125,0.3569713234901428,-2.883552045375109,4.236819267272949
421888,9569,-53.07525551,206,44,820.86,-0.004664955582120456,2050,0.0002,0.0069443733,0.2,0.644981861114502,23.23429549485445,0.0791015625,0.8921766877174377,-2.8884214662015437,7.351859092712402
423936,9611,-53.19400141000001,207,44,823.58,-0.00281654815771617,2060,0.0002,0.008135547,0.2,0.6423567533493042,0.8481114607158815,0.132080078125,0.935186006128788,-2.8861255213618278,1.753570795059204
425984,9654,-52.532740679999996,208,44,823.15,-0.0018563395977253094,2070,0.0002,0.0072178934,0.2,0.6423898935317993,8.557267951220274,0.052783203125,0.7555966228246689,-2.8795978158712385,4.594997882843018
428032,9697,-54.22682597,209,44,818.33,-0.003006126168475021,2080,0.0002,0.008197581,0.2,0.6412779688835144,21.812451422214508,0.064599609375,0.8344055712223053,-2.8790669731795786,2.7931268215179443
430080,9738,-52.68862387,210,44,821.55,0.00030343406251631677,2090,0.0002,0.0052564936,0.2,0.6398743391036987,11.099178263172508,0.019287109375,0.9192443192005157,-2.8724706254899504,4.023562908172607
432128,9782,-51.35916059,211,44,821.85,-0.0001965317118447274,2100,0.0002,0.0030162805,0.2,0.6397073268890381,11.181021659076213,0.01142578125,0.6436759531497955,-2.8683798126876354,8.486804962158203
434176,9823,-49.824823929999994,212,44,828.04,-0.004501181817613542,2110,0.0002,0.006326024,0.2,0.6372498273849487,9.947347448766232,0.067138671875,0.5362376272678375,-2.8633297525346277,1.8391196727752686
436224,9865,-53.14791427,213,44,825.44,0.0012477064417907968,2120,0.0002,0.00846265,0.2,0.6367828845977783,1.797717150230892,0.097998046875,0.7407771050930023,-2.859458001703024,0.5717135071754456
438272,9906,-54.77165486999999,214,44,816.91,-0.001982077633147128,2130,0.0002,0.0060395654,0.2,0.6357292532920837,24.140607695281506,0.074072265625,0.7211160361766815,-2.8542509749531746,6.422123908996582
440320,9949,-55.10852496,215,44,820.77,-0.003157725985511206,2140,0.0002,0.006131742,0.2,0.6335493326187134,12.887190605700017,0.028662109375,0.8818050473928452,-2.8455631896853446,2.63118314743042
442368,9992,-55.01790793999999,216,44,814.86,-0.0018610857092426158,2150,0.0002,0.005432224,0.2,0.6352614760398865,13.25677410364151,0.031201171875,0.8062997609376907,-2.8451973594725133,3.038780450820923
444416,10029,-54.827578759999994,217,44,807.54,-0.0016025737510062753,2160,0.0002,0.00687771,0.2,0.63680100440979,11.53621835783124,0.03515625,0.8810608983039856,-2.851617693901062,4.492613315582275
446464,10066,-53.546764839999994,218,44,814.31,-0.0020680890127550812,2170,0.0002,0.005014997,0.2,0.6357247233390808,31.753976803645493,0.063427734375,0.8620175719261169,-2.852322891354561,8.452476501464844
448512,10104,-51.752726089999996,219,44,816.7,-0.0013219927684986032,2180,0.0002,0.0055576977,0.2,0.636110246181488,6.187795409187674,0.06630859375,0.7676577568054199,-2.8494787886738777,0.6474051475524902
450560,10143,-52.135502349999996,220,44,809.25,-0.0035122578803566283,2190,0.0002,0.0062022326,0.2,0.6351909041404724,53.182144701480865,0.057421875,0.12074828147888184,-2.847657036036253,15.401493072509766
452608,10181,-53.39808348999999,221,44,803.47,-0.0013668234081706033,2200,0.0002,0.0045005055,0.2,0.6357163786888123,16.473967614769936,0.043603515625,0.8408149033784866,-2.8471693970263003,4.193982124328613
454656,10219,-54.16141066,222,44,797.56,-0.004060401044262108,2210,0.0002,0.0068396633,0.2,0.6359913349151611,23.432776929438113,0.04853515625,0.8370257019996643,-2.8466345511376856,12.392057418823242
456704,10256,-55.39257622000001,223,44,805.24,-0.0011186822957824916,2220,0.0002,0.0069192518,0.2,0.6366823315620422,16.005555963516237,0.0376953125,0.8744969069957733,-2.8506647080183027,10.82248592376709
458752,10294,-54.46475326000001,224,44,809.06,-0.0034696929578785785,2230,0.0002,0.0043332735,0.2,0.6365134119987488,15.056641944590956,0.09892578125,0.8866590410470963,-2.8500295214354994,2.561739683151245
460800,10333,-53.37311711,225,44,816.9,0.0002612141543067992,2240,0.0002,0.0039516278,0.2,0.6355118155479431,2.3168182145804166,0.090380859375,0.750584065914154,-2.845297185331583,0.42887577414512634
462848,10372,-52.95898872000001,226,44,816.7,-0.0008918021223507822,2250,0.0002,0.006638852,0.2,0.6356155276298523,4.3394379783421755,0.052734375,0.5199183821678162,-2.8432052932679652,1.2103465795516968
464896,10411,-52.13718386000001,227,44,816.7,-0.0007274532792507671,2260,0.0002,0.0035605049,0.2,0.6346749663352966,23.188814842700957,0.0052734375,0.8134305626153946,-2.8399689480662347,8.016661643981934
466944,10449,-51.4086885,228,44,817.99,-0.0004130102155613713,2270,0.0002,0.00210366,0.2,0.6357572674751282,4.940912768244743,0.030322265625,0.8165706992149353,-2.8380092337727545,2.384639263153076
468992,10487,-48.85896587,229,44,830.5,-0.002159450469480362,2280,0.0002,0.006321911,0.2,0.6364753246307373,8.697426029294729,0.052294921875,0.9068399295210838,-2.842568388581276,4.019049644470215
471040,10526,-50.454947730000015,230,44,831.0,-0.0012839557792176492,2290,0.0002,0.007364422,0.2,0.6322863698005676,5.9001489812508225,0.058251953125,0.8120249360799789,-2.836696188151836,2.450881242752075
473088,10564,-50.636041600000006,231,44,838.81,-0.0005081652197986841,2300,0.0002,0.0043466054,0.2,0.6304017901420593,18.433461747318507,0.032275390625,0.762388288974762,-2.82135523930192,9.005534172058105
475136,10602,-49.68504112000001,232,44,846.85,-0.00015705339901614935,2310,0.0002,0.0058450466,0.2,0.6321098804473877,14.263031172752381,0.0376953125,0.6403661370277405,-2.819468901306391,3.189237117767334
477184,10639,-49.21851835,233,44,849.11,0.0005802677842439152,2320,0.0002,0.0037429468,0.2,0.6309444308280945,14.53835210762918,0.03408203125,0.3987003564834595,-2.8238588884472846,6.234361171722412
479232,10676,-50.674595119999985,234,44,857.17,0.0001878100127214566,2330,0.0002,0.0051074354,0.2,0.6269442439079285,9.946660300530493,0.035107421875,0.7521519511938095,-2.813907392323017,8.072477340698242
481280,10714,-51.16930399999999,235,44,857.17,-0.002242856907832902,2340,0.0002,0.007075456,0.2,0.6267315745353699,2.748561451071873,0.14072265625,0.8696513921022415,-2.7959598019719123,0.3529580533504486
483328,10752,-51.10155074,236,44,857.17,-0.0034549931158835536,2350,0.0002,0.008397304,0.2,0.625725507736206,3.6666832669638096,0.093994140625,0.8737726211547852,-2.795087085664272,2.579240083694458
485376,10791,-50.057191970000005,237,44,857.17,0.0020277588424505665,2360,0.0002,0.007330126,0.2,0.6189975738525391,0.8764286689518486,0.1349609375,0.8614412695169449,-2.7780569195747375,0.10492013394832611
487424,10829,-50.18001129999999,238,45,857.17,0.0002035321114817634,2370,0.0002,0.002184385,0.2,0.6187736392021179,4.1319651529192924,0.004541015625,0.5901424288749695,-2.758034084737301,1.895461916923523
489472,10866,-49.42546505,239,45,857.17,-0.0034897323756013067,2380,0.0002,0.005985139,0.2,0.6160926222801208,4.145267282798886,0.06162109375,0.6996420621871948,-2.7486132375895975,0.7244720458984375
491520,10904,-48.69667749,240,45,857.17,-0.0003464757843175903,2390,0.0002,0.0012313674,0.2,0.6151799559593201,2.84410021584481,0.031103515625,0.8320872932672501,-2.7366903841495516,0.44515493512153625
493568,10942,-47.06758118999999,241,45,862.37,-0.0018784605868859216,2400,0.0002,0.006098436,0.2,0.6158530712127686,9.517575657367706,0.026953125,0.6037409007549286,-2.7348728731274603,6.148919582366943
495616,10979,-49.16748117000001,242,45,868.92,0.0004671109316404909,2410,0.0002,0.008031524,0.2,0.6145185232162476,1.6034945532795972,0.06357421875,0.8018335402011871,-2.7376810669898988,0.1517244577407837
497664,11017,-49.33537464,243,45,868.92,-0.0033956101746298374,2420,0.0002,0.005738672,0.2,0.6105555891990662,2.0708925163373353,0.07138671875,0.7650162279605865,-2.729605157673359,0.6775265336036682
499712,11054,-49.702154879999995,244,45,860.94,-0.0074684331542812284,2430,0.0002,0.0068286564,0.2,0.6108913421630859,2.349010234698653,0.10703125,0.8491517752408981,-2.7184091091156004,0.3720361590385437
501760,11091,-50.54956758,245,45,852.39,-0.006657712426385842,2440,0.0002,0.0038844114,0.2,0.6097010374069214,37.77037030011415,0.035400390625,0.6531420648097992,-2.7178757689893245,10.52459716796875
503808,11127,-50.60310450000001,246,45,852.39,-0.003251968216500245,2450,0.0002,0.006060872,0.2,0.6103699803352356,61.05795728564262,0.050390625,0.5644432008266449,-2.717498557269573,14.645600318908691
505856,11164,-47.56262633,247,45,864.02,-0.002410191865055822,2460,0.0002,0.007830258,0.2,0.6089980006217957,6.843947765231133,0.06416015625,0.7039367854595184,-2.7145183250308036,3.879685878753662
507904,11202,-48.36547394000001,248,45,857.24,-0.0031926385054248385,2470,0.0002,0.0061195996,0.2,0.6080433130264282,15.260726784914732,0.05654296875,0.7355837821960449,-2.7080237962305547,8.634407043457031
509952,11238,-47.38914315000001,249,45,846.43,-0.0034004232787992806,2480,0.0002,0.0055767,0.2,0.6090642213821411,27.13798123002052,0.015673828125,0.7597303092479706,-2.7071886256337168,10.909628868103027
512000,11275,-48.624107030000005,250,45,853.63,-0.005572404003760312,2490,0.0002,0.008784163,0.2,0.607763946056366,23.909687200188635,0.06630859375,0.835536316037178,-2.706667199730873,5.010161399841309
514048,11312,-48.17356345,251,45,858.45,-0.0013401483302004635,2500,0.0002,0.008909587,0.2,0.6069203615188599,11.46844008937478,0.063134765625,0.7873924821615219,-2.701165949553251,3.820859432220459
516096,11350,-49.33467636,252,45,858.45,-0.0014278550210292452,2510,0.0002,0.0045163315,0.2,0.6078585386276245,3.293125485256314,0.0951171875,0.7541884183883667,-2.701515228301287,0.7701702117919922
518144,11388,-50.89641000999999,253,45,857.05,-0.00020741443149745463,2520,0.0002,0.009929141,0.2,0.6078921556472778,1.7588223690167069,0.126708984375,0.8782670497894287,-2.7105466835200787,0.5432192087173462
520192,11425,-50.50230276,254,45,836.0,-0.0033368106785928832,2530,0.0002,0.008169046,0.2,0.6067628264427185,21.103484948724507,0.03974609375,0.8310650885105133,-2.7104946851730345,3.289989709854126
522240,11462,-52.259808930000005,255,45,831.67,-0.0025699858204461636,2540,0.0002,0.0055596484,0.2,0.6068545579910278,48.88190429806709,0.034814453125,0.8734839856624603,-2.709164085239172,8.295051574707031
524288,11499,-51.78291651000001,256,45,832.11,-0.0025725656814756803,2550,0.0002,0.0049765273,0.2,0.6068194508552551,45.797998514771464,0.026123046875,0.8969671577215195,-2.707788413017988,14.992236137390137
526336,11535,-52.633009429999994,257,45,831.49,-0.002145794962416403,2560,0.0002,0.008059459,0.2,0.6085563898086548,3.8062370740808547,0.085986328125,0.8412608504295349,-2.7122095830738546,0.4324834942817688
528384,11572,-52.30897767999999,258,45,834.15,-0.001603601845272351,2570,0.0002,0.0056807576,0.2,0.6082849502563477,28.389792101085185,0.03359375,0.9261758252978325,-2.717510145902634,15.96420955657959
530432,11610,-51.50640443999999,259,45,841.85,-0.004257828518166207,2580,0.0002,0.008549107,0.2,0.6070606112480164,26.578635627031325,0.0744140625,0.8630431294441223,-2.710743111371994,3.9068286418914795
532480,11649,-51.14653021999999,260,45,841.85,-0.003963305367506109,2590,0.0002,0.008394256,0.2,0.6069044470787048,11.6429264113307,0.05087890625,0.7258273065090179,-2.7055455908179282,4.790587902069092
534528,11688,-51.293446659999994,261,45,849.3,-0.0015070429231855086,2600,0.0002,0.0046352004,0.2,0.6098847389221191,12.815990836918354,0.0384765625,0.4571876525878906,-2.7143050812184812,3.590036630630493
536576,11724,-50.63006962999999,262,45,857.12,-0.001171925725066103,2610,0.0002,0.011883922,0.2,0.6105005145072937,4.283486298471689,0.066552734375,0.6533800959587097,-2.725232094526291,2.0256192684173584
538624,11762,-52.53870172,263,45,857.12,-0.0003216173485270701,2620,0.0002,0.0041884063,0.2,0.611229658126831,4.84432481341064,0.036474609375,0.7509831488132477,-2.7277104035019875,2.013991117477417
540672,11798,-51.993521869999995,264,45,857.51,-0.0016391135344747455,2630,0.0002,0.007269203,0.2,0.6112174987792969,2.1819850843399764,0.07587890625,0.6863706707954407,-2.7292959548532965,0.3716229796409607
542720,11833,-52.66991744,265,45,853.0,0.0005396432592533529,2640,0.0002,0.0005006117,0.2,0.6121597290039062,43.823993656039235,0.0046875,0.8585317432880402,-2.7346861332654955,71.14523315429688
544768,11868,-52.14369965,266,45,845.41,-0.00010667825699783862,2650,0.0002,6.347921e-05,0.2,0.6121777296066284,34.04485389888286,0.0,0.8714950680732727,-2.735479290783405,11.14177417755127
546816,11904,-51.93832656999999,267,45,845.61,-0.0016808540836791507,2660,0.0002,0.0047031348,0.2,0.6120326519012451,32.90257115960121,0.00546875,0.8526831567287445,-2.734732549637556,8.465670585632324
548864,11939,-52.77008848,268,45,845.28,-0.004180886116228066,2670,0.0002,0.005235199,0.2,0.6098040342330933,8.455560675263404,0.048828125,0.8399909734725952,-2.7286226004362106,2.636671304702759
550912,11975,-52.460319049999995,269,46,845.28,-0.0029998750251252204,2680,0.0002,0.0063274154,0.2,0.6073627471923828,20.711757831275463,0.071923828125,0.935684822499752,-2.7164969094097615,21.366758346557617
552960,12011,-52.40365510999999,270,46,849.63,-0.0017341819213470445,2690,0.0002,0.0015750565,0.2,0.606188178062439,12.301375070214272,0.040380859375,0.6372753083705902,-2.70464751124382,4.972505569458008
555008,12047,-51.81373430999998,271,46,850.3,-0.0032606449065497147,2700,0.0002,0.0050681354,0.2,0.6030582189559937,6.926147913187743,0.055615234375,0.8058644086122513,-2.6952823661267757,1.7329126596450806
557056,12081,-50.43543603,272,46,857.1,-0.0010830662911757826,2710,0.0002,0.009590351,0.2,0.6032805442810059,3.3566110406070946,0.074365234375,0.8701591193675995,-2.6850164718925953,1.3353321552276611
559104,12117,-50.28804121000001,273,46,857.1,0.00022959451016504317,2720,0.0002,0.008004605,0.2,0.6016938090324402,3.0705728294327854,0.04052734375,0.9026834294199944,-2.6757543966174127,1.9129672050476074
561152,12152,-50.111261000000006,274,46,857.1,-0.003951199224684387,2730,0.0002,0.005216277,0.2,0.600151777267456,5.822481241822243,0.06611328125,0.7199828028678894,-2.6694382786750794,3.2149364948272705
563200,12187,-49.79933033000001,275,46,864.55,-0.002967248801724054,2740,0.0002,0.008641953,0.2,0.5980544090270996,11.878123210370541,0.07412109375,0.8636358678340912,-2.6596614181995393,4.516343116760254
565248,12222,-49.46166478000001,276,46,864.55,-1.0996272612828761e-05,2750,0.0002,0.0043187374,0.2,0.5992846488952637,3.671318718791008,0.03095703125,0.6790023744106293,-2.6548884131014345,0.7010520100593567
567296,12257,-49.08557983000001,277,46,864.55,0.0001292763277888298,2760,0.0002,0.0033605124,0.2,0.6028420925140381,4.021337022632361,0.02607421875,0.7533209025859833,-2.6641879223287104,2.641733407974243
569344,12292,-48.16660419,278,46,864.55,-0.0004379781836178154,2770,0.0002,0.004342815,0.2,0.6010246276855469,3.665606026351452,0.052294921875,0.7180822491645813,-2.6683694198727608,1.501321792602539
571392,12329,-47.50444178000001,279,46,864.55,-0.0010189990076469257,2780,0.0002,0.0037130672,0.2,0.6001783609390259,2.815088674426079,0.043701171875,0.670509934425354,-2.6609995648264886,0.9806830286979675
573440,12365,-46.84894137000001,280,46,864.55,-0.0018109007243765519,2790,0.0002,0.0039924867,0.2,0.5967806577682495,8.425585346668958,0.023828125,0.7176430225372314,-2.654430536925793,3.8284921646118164
575488,12400,-47.64624377000001,281,46,859.93,-0.0006959764665225521,2800,0.0002,0.007682817,0.2,0.5927233099937439,2.2484712027013303,0.051953125,0.8452179282903671,-2.6332435466349127,0.3341951370239258
577536,12437,-47.21267009,282,46,859.93,-0.002259448553377297,2810,0.0002,0.010990635,0.2,0.5890765190124512,5.546627218089998,0.059716796875,0.7893864512443542,-2.6159234024584292,5.290220260620117
579584,12472,-49.33560896000001,283,46,846.79,-0.0036648690700531008,2820,0.0002,0.0052948967,0.2,0.5861852169036865,3.3540012599900364,0.049169921875,0.8186565488576889,-2.5970658257603647,0.8888033628463745
581632,12507,-50.0172633,284,46,834.99,-0.0035787075525149704,2830,0.0002,0.0059251124,0.2,0.586153507232666,35.67000110149384,0.048876953125,0.8941728472709656,-2.5903598569333552,7.569323539733887
583680,12541,-49.55976654,285,46,842.73,-0.0011822405576822348,2840,0.0002,0.0040112995,0.2,0.5859353542327881,30.709466920793055,0.008056640625,0.8625158369541168,-2.589022894203663,6.980319023132324
585728,12576,-48.95754605,286,46,849.86,-0.0025607793984818274,2850,0.0002,0.0035640264,0.2,0.5844069719314575,21.554013249278068,0.049951171875,0.6655354499816895,-2.585135465860367,7.055290222167969
587776,12611,-49.99259799999999,287,46,844.16,-0.003310627126484178,2860,0.0002,0.00485624,0.2,0.58524489402771,12.621340635418893,0.029248046875,0.8936919867992401,-2.5835046850144865,16.283796310424805
589824,12646,-50.887177439999995,288,46,844.16,-0.003710375932860188,2870,0.0002,0.0068257344,0.2,0.5855599641799927,32.59958968013525,0.064697265625,0.8932991549372673,-2.5871346786618235,4.767895221710205
591872,12682,-50.29299804,289,46,851.12,-0.0007569991372292862,2880,0.0002,0.006102729,0.2,0.5862033367156982,9.925125288963319,0.052685546875,0.4847185015678406,-2.589658460766077,5.125102519989014
593920,12717,-48.69000188,290,46,858.13,0.00037385768082458525,2890,0.0002,0.0021662966,0.2,0.5866888761520386,6.483745722472667,0.0357421875,0.43406838178634644,-2.5929883882403373,1.9060004949569702
595968,12752,-48.47746765,291,46,865.26,-0.0001222085760673508,2900,0.0002,0.0064643333,0.2,0.581275224685669,5.704410852491856,0.0541015625,0.46178656816482544,-2.576306401193142,1.6716599464416504
598016,12787,-47.37494701,292,46,871.73,-0.0006516362394904718,2910,0.0002,0.004098965,0.2,0.5822960138320923,6.45433686748147,0.046240234375,0.5801713764667511,-2.5659051083028315,4.107173919677734
600064,12820,-47.391626939999995,293,46,871.73,-0.00022278000542428345,2920,0.0002,0.0055240467,0.2,0.574491024017334,1.5153169620782136,0.048388671875,0.6748852431774139,-2.551237641274929,0.28758594393730164
